district,date,temp_max,temp_min,temp_mean,lat,lon
Bancя,2023-01-01,11.7,1.8,6.6,42.7272,23.2458
Bancя,2023-01-02,12.5,4.7,7.4,42.7272,23.2458
Bancя,2023-01-03,14.1,3.0,7.3,42.7272,23.2458
Bancя,2023-01-04,7.9,4.4,5.8,42.7272,23.2458
Bancя,2023-01-05,11.9,4.5,6.5,42.7272,23.2458
Bancя,2023-01-06,9.9,3.2,6.4,42.7272,23.2458
Bancя,2023-01-07,10.4,0.3,4.9,42.7272,23.2458
Bancя,2023-01-08,8.9,1.4,4.9,42.7272,23.2458
Bancя,2023-01-09,6.9,-1.4,2.0,42.7272,23.2458
Bancя,2023-01-10,4.0,0.1,2.6,42.7272,23.2458
Bancя,2023-01-11,4.1,-0.7,2.2,42.7272,23.2458
Bancя,2023-01-12,4.5,2.0,3.0,42.7272,23.2458
Bancя,2023-01-13,4.7,0.2,2.8,42.7272,23.2458
Bancя,2023-01-14,5.2,-1.2,2.2,42.7272,23.2458
Bancя,2023-01-15,8.0,0.4,3.5,42.7272,23.2458
Bancя,2023-01-16,7.2,0.5,2.9,42.7272,23.2458
Bancя,2023-01-17,13.3,0.7,6.3,42.7272,23.2458
Bancя,2023-01-18,14.9,4.8,9.3,42.7272,23.2458
Bancя,2023-01-19,16.9,4.4,11.0,42.7272,23.2458
Bancя,2023-01-20,9.2,1.3,6.1,42.7272,23.2458
Bancя,2023-01-21,9.0,-1.5,3.9,42.7272,23.2458
Bancя,2023-01-22,9.3,3.2,6.1,42.7272,23.2458
Bancя,2023-01-23,7.7,4.7,6.7,42.7272,23.2458
Bancя,2023-01-24,4.4,0.4,2.3,42.7272,23.2458
Bancя,2023-01-25,2.7,-0.4,0.6,42.7272,23.2458
Bancя,2023-01-26,1.6,-1.8,-0.4,42.7272,23.2458
Bancя,2023-01-27,3.1,-0.4,0.7,42.7272,23.2458
Bancя,2023-01-28,2.4,-1.0,0.1,42.7272,23.2458
Bancя,2023-01-29,1.6,-1.5,-0.1,42.7272,23.2458
Bancя,2023-01-30,1.8,-2.7,-1.1,42.7272,23.2458
Bancя,2023-01-31,3.1,-1.6,0.3,42.7272,23.2458
Bancя,2023-02-01,5.9,-1.9,1.4,42.7272,23.2458
Bancя,2023-02-02,7.1,-1.2,2.7,42.7272,23.2458
Bancя,2023-02-03,3.8,-1.0,1.1,42.7272,23.2458
Bancя,2023-02-04,4.0,-1.0,1.9,42.7272,23.2458
Bancя,2023-02-05,-1.3,-5.7,-3.9,42.7272,23.2458
Bancя,2023-02-06,-2.5,-8.2,-5.2,42.7272,23.2458
Bancя,2023-02-07,-1.1,-6.7,-4.4,42.7272,23.2458
Bancя,2023-02-08,-1.7,-8.0,-4.8,42.7272,23.2458
Bancя,2023-02-09,0.4,-7.7,-4.8,42.7272,23.2458
Bancя,2023-02-10,3.2,-7.4,-2.9,42.7272,23.2458
Bancя,2023-02-11,4.1,-5.7,-1.8,42.7272,23.2458
Bancя,2023-02-12,3.6,-2.2,0.1,42.7272,23.2458
Bancя,2023-02-13,6.1,-2.8,0.8,42.7272,23.2458
Bancя,2023-02-14,3.7,-1.1,0.7,42.7272,23.2458
Bancя,2023-02-15,6.2,-1.1,1.9,42.7272,23.2458
Bancя,2023-02-16,12.5,-2.1,3.2,42.7272,23.2458
Bancя,2023-02-17,13.9,-0.0,5.4,42.7272,23.2458
Bancя,2023-02-18,15.3,1.0,6.6,42.7272,23.2458
Bancя,2023-02-19,17.1,2.8,8.9,42.7272,23.2458
Bancя,2023-02-20,11.5,4.6,7.6,42.7272,23.2458
Bancя,2023-02-21,17.5,2.0,8.5,42.7272,23.2458
Bancя,2023-02-22,16.0,4.2,9.1,42.7272,23.2458
Bancя,2023-02-23,15.3,2.8,8.1,42.7272,23.2458
Bancя,2023-02-24,12.6,4.9,7.7,42.7272,23.2458
Bancя,2023-02-25,15.3,3.3,9.3,42.7272,23.2458
Bancя,2023-02-26,18.0,7.7,12.2,42.7272,23.2458
Bancя,2023-02-27,13.2,3.6,8.5,42.7272,23.2458
Bancя,2023-02-28,11.2,4.1,7.1,42.7272,23.2458
Bancя,2023-03-01,7.5,3.8,5.5,42.7272,23.2458
Bancя,2023-03-02,7.3,3.9,5.2,42.7272,23.2458
Bancя,2023-03-03,6.3,3.1,4.4,42.7272,23.2458
Bancя,2023-03-04,9.2,1.1,4.7,42.7272,23.2458
Bancя,2023-03-05,9.4,1.9,5.3,42.7272,23.2458
Bancя,2023-03-06,11.6,-1.4,4.7,42.7272,23.2458
Bancя,2023-03-07,13.9,1.6,7.2,42.7272,23.2458
Bancя,2023-03-08,13.9,1.7,8.0,42.7272,23.2458
Bancя,2023-03-09,17.9,3.4,10.1,42.7272,23.2458
Bancя,2023-03-10,16.3,6.0,10.2,42.7272,23.2458
Bancя,2023-03-11,14.5,4.7,9.8,42.7272,23.2458
Bancя,2023-03-12,7.2,-0.4,3.2,42.7272,23.2458
Bancя,2023-03-13,10.1,-3.2,3.1,42.7272,23.2458
Bancя,2023-03-14,15.3,-0.4,6.9,42.7272,23.2458
Bancя,2023-03-15,12.8,2.0,6.5,42.7272,23.2458
Bancя,2023-03-16,5.4,0.7,2.3,42.7272,23.2458
Bancя,2023-03-17,7.8,-0.1,3.2,42.7272,23.2458
Bancя,2023-03-18,8.0,-1.6,3.2,42.7272,23.2458
Bancя,2023-03-19,15.0,-1.5,6.0,42.7272,23.2458
Bancя,2023-03-20,19.1,3.3,11.1,42.7272,23.2458
Bancя,2023-03-21,15.5,6.9,11.4,42.7272,23.2458
Bancя,2023-03-22,12.2,5.8,8.6,42.7272,23.2458
Bancя,2023-03-23,14.8,3.6,8.6,42.7272,23.2458
Bancя,2023-03-24,18.7,5.7,11.6,42.7272,23.2458
Bancя,2023-03-25,19.6,5.5,12.7,42.7272,23.2458
Bancя,2023-03-26,15.4,6.2,10.2,42.7272,23.2458
Bancя,2023-03-27,15.1,4.5,9.0,42.7272,23.2458
Bancя,2023-03-28,5.7,-0.2,2.4,42.7272,23.2458
Bancя,2023-03-29,6.9,-2.1,2.0,42.7272,23.2458
Bancя,2023-03-30,13.9,2.4,7.1,42.7272,23.2458
Bancя,2023-03-31,17.0,4.9,10.9,42.7272,23.2458
Bancя,2023-04-01,16.3,6.4,10.5,42.7272,23.2458
Bancя,2023-04-02,15.1,5.2,9.5,42.7272,23.2458
Bancя,2023-04-03,14.3,3.1,7.6,42.7272,23.2458
Bancя,2023-04-04,8.5,0.1,5.0,42.7272,23.2458
Bancя,2023-04-05,4.9,-0.7,1.6,42.7272,23.2458
Bancя,2023-04-06,5.7,-1.8,1.6,42.7272,23.2458
Bancя,2023-04-07,8.4,-0.3,3.6,42.7272,23.2458
Bancя,2023-04-08,11.2,1.8,6.2,42.7272,23.2458
Bancя,2023-04-09,10.8,4.1,6.9,42.7272,23.2458
Bancя,2023-04-10,10.0,3.8,6.9,42.7272,23.2458
Bancя,2023-04-11,11.8,3.6,7.6,42.7272,23.2458
Bancя,2023-04-12,12.2,5.9,8.5,42.7272,23.2458
Bancя,2023-04-13,19.1,1.1,10.2,42.7272,23.2458
Bancя,2023-04-14,20.8,6.6,11.1,42.7272,23.2458
Bancя,2023-04-15,16.4,3.6,10.2,42.7272,23.2458
Bancя,2023-04-16,16.7,7.0,10.8,42.7272,23.2458
Bancя,2023-04-17,14.6,7.5,10.0,42.7272,23.2458
Bancя,2023-04-18,13.2,7.7,9.8,42.7272,23.2458
Bancя,2023-04-19,14.3,6.3,9.5,42.7272,23.2458
Bancя,2023-04-20,13.3,6.0,9.4,42.7272,23.2458
Bancя,2023-04-21,15.3,6.4,10.7,42.7272,23.2458
Bancя,2023-04-22,15.4,4.9,10.5,42.7272,23.2458
Bancя,2023-04-23,16.7,6.1,10.7,42.7272,23.2458
Bancя,2023-04-24,19.1,7.2,11.7,42.7272,23.2458
Bancя,2023-04-25,14.8,8.0,11.4,42.7272,23.2458
Bancя,2023-04-26,13.9,6.0,9.5,42.7272,23.2458
Bancя,2023-04-27,11.4,3.9,8.0,42.7272,23.2458
Bancя,2023-04-28,14.8,2.7,8.0,42.7272,23.2458
Bancя,2023-04-29,14.9,4.0,9.9,42.7272,23.2458
Bancя,2023-04-30,16.7,5.9,11.5,42.7272,23.2458
Bancя,2023-05-01,17.9,6.5,12.2,42.7272,23.2458
Bancя,2023-05-02,19.0,6.8,13.0,42.7272,23.2458
Bancя,2023-05-03,17.6,8.9,12.0,42.7272,23.2458
Bancя,2023-05-04,13.7,7.9,10.8,42.7272,23.2458
Bancя,2023-05-05,16.3,6.1,11.3,42.7272,23.2458
Bancя,2023-05-06,17.4,6.6,12.5,42.7272,23.2458
Bancя,2023-05-07,20.9,9.9,15.1,42.7272,23.2458
Bancя,2023-05-08,20.3,11.1,14.6,42.7272,23.2458
Bancя,2023-05-09,13.4,9.2,11.2,42.7272,23.2458
Bancя,2023-05-10,10.3,7.6,8.8,42.7272,23.2458
Bancя,2023-05-11,13.3,7.4,10.3,42.7272,23.2458
Bancя,2023-05-12,14.4,7.0,10.1,42.7272,23.2458
Bancя,2023-05-13,18.3,7.7,12.7,42.7272,23.2458
Bancя,2023-05-14,15.3,10.5,12.2,42.7272,23.2458
Bancя,2023-05-15,17.7,9.5,13.1,42.7272,23.2458
Bancя,2023-05-16,20.1,11.7,15.1,42.7272,23.2458
Bancя,2023-05-17,19.0,11.4,14.4,42.7272,23.2458
Bancя,2023-05-18,14.6,11.0,12.3,42.7272,23.2458
Bancя,2023-05-19,19.0,7.8,13.6,42.7272,23.2458
Bancя,2023-05-20,19.5,10.8,15.5,42.7272,23.2458
Bancя,2023-05-21,19.4,10.2,14.7,42.7272,23.2458
Bancя,2023-05-22,18.5,9.4,14.3,42.7272,23.2458
Bancя,2023-05-23,20.6,8.9,15.5,42.7272,23.2458
Bancя,2023-05-24,22.4,9.1,16.8,42.7272,23.2458
Bancя,2023-05-25,20.3,11.9,16.5,42.7272,23.2458
Bancя,2023-05-26,20.3,10.7,15.7,42.7272,23.2458
Bancя,2023-05-27,20.7,9.3,15.5,42.7272,23.2458
Bancя,2023-05-28,18.1,10.8,15.1,42.7272,23.2458
Bancя,2023-05-29,19.7,12.6,15.8,42.7272,23.2458
Bancя,2023-05-30,21.3,12.4,16.6,42.7272,23.2458
Bancя,2023-05-31,21.7,11.8,17.0,42.7272,23.2458
Bancя,2023-06-01,22.0,13.0,17.1,42.7272,23.2458
Bancя,2023-06-02,22.6,12.7,18.3,42.7272,23.2458
Bancя,2023-06-03,20.1,12.4,16.8,42.7272,23.2458
Bancя,2023-06-04,20.0,13.4,16.2,42.7272,23.2458
Bancя,2023-06-05,21.8,12.5,17.1,42.7272,23.2458
Bancя,2023-06-06,22.5,11.5,17.2,42.7272,23.2458
Bancя,2023-06-07,21.7,12.2,17.3,42.7272,23.2458
Bancя,2023-06-08,24.2,12.0,18.3,42.7272,23.2458
Bancя,2023-06-09,24.8,12.7,18.5,42.7272,23.2458
Bancя,2023-06-10,23.0,15.1,18.1,42.7272,23.2458
Bancя,2023-06-11,23.0,13.6,18.6,42.7272,23.2458
Bancя,2023-06-12,23.1,15.0,18.1,42.7272,23.2458
Bancя,2023-06-13,19.8,13.8,16.5,42.7272,23.2458
Bancя,2023-06-14,22.1,14.1,17.9,42.7272,23.2458
Bancя,2023-06-15,20.6,14.2,17.9,42.7272,23.2458
Bancя,2023-06-16,21.5,15.4,17.9,42.7272,23.2458
Bancя,2023-06-17,19.0,14.3,16.1,42.7272,23.2458
Bancя,2023-06-18,20.7,14.0,16.9,42.7272,23.2458
Bancя,2023-06-19,24.2,14.1,19.0,42.7272,23.2458
Bancя,2023-06-20,24.2,14.2,19.8,42.7272,23.2458
Bancя,2023-06-21,26.6,16.1,21.6,42.7272,23.2458
Bancя,2023-06-22,28.1,16.0,22.3,42.7272,23.2458
Bancя,2023-06-23,28.9,17.7,23.2,42.7272,23.2458
Bancя,2023-06-24,28.7,18.4,23.0,42.7272,23.2458
Bancя,2023-06-25,24.0,16.8,19.8,42.7272,23.2458
Bancя,2023-06-26,23.6,15.8,19.8,42.7272,23.2458
Bancя,2023-06-27,25.4,13.9,20.2,42.7272,23.2458
Bancя,2023-06-28,24.8,15.2,19.0,42.7272,23.2458
Bancя,2023-06-29,21.4,12.5,16.8,42.7272,23.2458
Bancя,2023-06-30,25.8,11.9,18.8,42.7272,23.2458
Bancя,2023-07-01,27.5,15.7,21.3,42.7272,23.2458
Bancя,2023-07-02,23.5,15.7,19.8,42.7272,23.2458
Bancя,2023-07-03,26.5,16.0,21.3,42.7272,23.2458
Bancя,2023-07-04,28.1,15.7,22.2,42.7272,23.2458
Bancя,2023-07-05,26.0,17.1,21.6,42.7272,23.2458
Bancя,2023-07-06,24.8,16.6,20.7,42.7272,23.2458
Bancя,2023-07-07,25.8,17.5,20.9,42.7272,23.2458
Bancя,2023-07-08,24.2,16.0,20.1,42.7272,23.2458
Bancя,2023-07-09,25.6,14.5,20.4,42.7272,23.2458
Bancя,2023-07-10,27.6,14.4,21.5,42.7272,23.2458
Bancя,2023-07-11,29.2,15.3,22.9,42.7272,23.2458
Bancя,2023-07-12,32.8,18.5,25.4,42.7272,23.2458
Bancя,2023-07-13,35.2,19.5,27.3,42.7272,23.2458
Bancя,2023-07-14,31.5,20.6,26.1,42.7272,23.2458
Bancя,2023-07-15,31.4,20.2,25.5,42.7272,23.2458
Bancя,2023-07-16,31.7,20.9,26.4,42.7272,23.2458
Bancя,2023-07-17,32.2,21.4,27.2,42.7272,23.2458
Bancя,2023-07-18,32.8,21.3,27.4,42.7272,23.2458
Bancя,2023-07-19,32.8,18.9,26.3,42.7272,23.2458
Bancя,2023-07-20,31.3,18.7,25.1,42.7272,23.2458
Bancя,2023-07-21,33.2,19.1,25.6,42.7272,23.2458
Bancя,2023-07-22,35.3,19.6,27.0,42.7272,23.2458
Bancя,2023-07-23,30.3,21.0,25.3,42.7272,23.2458
Bancя,2023-07-24,33.1,18.1,25.8,42.7272,23.2458
Bancя,2023-07-25,37.6,20.3,28.2,42.7272,23.2458
Bancя,2023-07-26,34.2,20.9,27.4,42.7272,23.2458
Bancя,2023-07-27,22.2,15.8,18.9,42.7272,23.2458
Bancя,2023-07-28,29.1,11.3,20.3,42.7272,23.2458
Bancя,2023-07-29,30.2,16.8,23.7,42.7272,23.2458
Bancя,2023-07-30,31.5,17.5,24.8,42.7272,23.2458
Bancя,2023-07-31,26.8,18.6,22.6,42.7272,23.2458
Bancя,2023-08-01,30.0,16.0,22.9,42.7272,23.2458
Bancя,2023-08-02,31.1,19.2,25.0,42.7272,23.2458
Bancя,2023-08-03,34.4,19.7,27.3,42.7272,23.2458
Bancя,2023-08-04,34.2,22.2,28.8,42.7272,23.2458
Bancя,2023-08-05,33.2,20.5,26.9,42.7272,23.2458
Bancя,2023-08-06,26.1,17.6,21.6,42.7272,23.2458
Bancя,2023-08-07,26.1,15.0,19.4,42.7272,23.2458
Bancя,2023-08-08,22.0,14.6,17.7,42.7272,23.2458
Bancя,2023-08-09,25.7,11.1,18.1,42.7272,23.2458
Bancя,2023-08-10,20.9,15.6,18.0,42.7272,23.2458
Bancя,2023-08-11,24.2,12.3,18.2,42.7272,23.2458
Bancя,2023-08-12,26.0,13.2,19.8,42.7272,23.2458
Bancя,2023-08-13,26.1,16.1,21.4,42.7272,23.2458
Bancя,2023-08-14,27.6,15.9,22.3,42.7272,23.2458
Bancя,2023-08-15,25.2,18.4,21.2,42.7272,23.2458
Bancя,2023-08-16,27.1,17.8,22.3,42.7272,23.2458
Bancя,2023-08-17,30.5,17.2,23.9,42.7272,23.2458
Bancя,2023-08-18,32.0,18.2,25.0,42.7272,23.2458
Bancя,2023-08-19,30.4,17.7,24.2,42.7272,23.2458
Bancя,2023-08-20,30.9,18.4,24.6,42.7272,23.2458
Bancя,2023-08-21,32.3,19.5,26.4,42.7272,23.2458
Bancя,2023-08-22,31.8,19.6,25.9,42.7272,23.2458
Bancя,2023-08-23,32.3,21.5,27.0,42.7272,23.2458
Bancя,2023-08-24,30.6,19.0,25.8,42.7272,23.2458
Bancя,2023-08-25,32.2,18.8,25.2,42.7272,23.2458
Bancя,2023-08-26,33.1,19.0,26.1,42.7272,23.2458
Bancя,2023-08-27,32.0,20.1,25.7,42.7272,23.2458
Bancя,2023-08-28,33.4,18.8,25.7,42.7272,23.2458
Bancя,2023-08-29,28.9,18.7,23.3,42.7272,23.2458
Bancя,2023-08-30,29.4,17.0,22.3,42.7272,23.2458
Bancя,2023-08-31,27.1,15.6,21.1,42.7272,23.2458
Bancя,2023-09-01,26.5,14.8,20.5,42.7272,23.2458
Bancя,2023-09-02,27.8,15.3,21.4,42.7272,23.2458
Bancя,2023-09-03,28.0,16.6,21.9,42.7272,23.2458
Bancя,2023-09-04,19.3,14.9,15.9,42.7272,23.2458
Bancя,2023-09-05,21.1,15.0,17.5,42.7272,23.2458
Bancя,2023-09-06,23.4,14.8,19.1,42.7272,23.2458
Bancя,2023-09-07,23.7,16.8,20.2,42.7272,23.2458
Bancя,2023-09-08,24.2,14.3,19.7,42.7272,23.2458
Bancя,2023-09-09,25.3,14.4,19.0,42.7272,23.2458
Bancя,2023-09-10,25.6,15.4,19.8,42.7272,23.2458
Bancя,2023-09-11,25.3,12.2,18.8,42.7272,23.2458
Bancя,2023-09-12,27.5,13.8,20.0,42.7272,23.2458
Bancя,2023-09-13,30.7,16.2,22.5,42.7272,23.2458
Bancя,2023-09-14,29.4,18.3,23.0,42.7272,23.2458
Bancя,2023-09-15,26.8,16.5,20.9,42.7272,23.2458
Bancя,2023-09-16,23.2,16.0,19.2,42.7272,23.2458
Bancя,2023-09-17,23.9,15.5,19.1,42.7272,23.2458
Bancя,2023-09-18,24.4,15.1,19.2,42.7272,23.2458
Bancя,2023-09-19,23.9,14.1,18.2,42.7272,23.2458
Bancя,2023-09-20,25.6,15.1,19.3,42.7272,23.2458
Bancя,2023-09-21,26.8,15.2,20.4,42.7272,23.2458
Bancя,2023-09-22,30.6,14.7,21.9,42.7272,23.2458
Bancя,2023-09-23,32.1,16.1,23.1,42.7272,23.2458
Bancя,2023-09-24,27.9,16.9,22.0,42.7272,23.2458
Bancя,2023-09-25,23.4,17.0,19.9,42.7272,23.2458
Bancя,2023-09-26,23.0,15.4,19.0,42.7272,23.2458
Bancя,2023-09-27,23.2,13.7,18.2,42.7272,23.2458
Bancя,2023-09-28,22.9,13.0,18.1,42.7272,23.2458
Bancя,2023-09-29,24.2,12.8,18.1,42.7272,23.2458
Bancя,2023-09-30,24.7,11.9,18.3,42.7272,23.2458
Bancя,2023-10-01,23.0,13.3,17.2,42.7272,23.2458
Bancя,2023-10-02,21.8,12.4,16.3,42.7272,23.2458
Bancя,2023-10-03,22.2,8.7,15.5,42.7272,23.2458
Bancя,2023-10-04,24.9,12.6,18.1,42.7272,23.2458
Bancя,2023-10-05,24.3,13.1,17.4,42.7272,23.2458
Bancя,2023-10-06,21.7,12.6,16.4,42.7272,23.2458
Bancя,2023-10-07,23.5,7.9,15.1,42.7272,23.2458
Bancя,2023-10-08,24.1,10.2,17.1,42.7272,23.2458
Bancя,2023-10-09,20.3,11.5,15.5,42.7272,23.2458
Bancя,2023-10-10,20.6,11.4,15.8,42.7272,23.2458
Bancя,2023-10-11,20.4,10.1,14.8,42.7272,23.2458
Bancя,2023-10-12,23.4,9.7,15.7,42.7272,23.2458
Bancя,2023-10-13,25.1,11.0,18.0,42.7272,23.2458
Bancя,2023-10-14,25.4,12.8,17.9,42.7272,23.2458
Bancя,2023-10-15,25.5,12.0,18.0,42.7272,23.2458
Bancя,2023-10-16,14.8,8.1,10.9,42.7272,23.2458
Bancя,2023-10-17,11.8,4.4,8.1,42.7272,23.2458
Bancя,2023-10-18,14.9,7.7,10.5,42.7272,23.2458
Bancя,2023-10-19,19.8,6.7,11.9,42.7272,23.2458
Bancя,2023-10-20,26.7,11.5,18.2,42.7272,23.2458
Bancя,2023-10-21,27.9,15.8,20.2,42.7272,23.2458
Bancя,2023-10-22,25.4,15.3,19.9,42.7272,23.2458
Bancя,2023-10-23,23.2,13.6,17.4,42.7272,23.2458
Bancя,2023-10-24,24.0,10.8,16.5,42.7272,23.2458
Bancя,2023-10-25,25.0,13.6,18.6,42.7272,23.2458
Bancя,2023-10-26,22.9,13.3,17.4,42.7272,23.2458
Bancя,2023-10-27,24.1,13.9,18.7,42.7272,23.2458
Bancя,2023-10-28,24.5,13.1,18.4,42.7272,23.2458
Bancя,2023-10-29,22.1,10.3,15.8,42.7272,23.2458
Bancя,2023-10-30,22.5,11.4,15.5,42.7272,23.2458
Bancя,2023-10-31,22.9,7.1,15.9,42.7272,23.2458
Bancя,2023-11-01,18.4,10.0,14.5,42.7272,23.2458
Bancя,2023-11-02,18.5,9.0,12.9,42.7272,23.2458
Bancя,2023-11-03,20.2,9.5,13.6,42.7272,23.2458
Bancя,2023-11-04,13.9,10.2,12.2,42.7272,23.2458
Bancя,2023-11-05,18.7,5.9,12.7,42.7272,23.2458
Bancя,2023-11-06,20.7,11.1,15.0,42.7272,23.2458
Bancя,2023-11-07,19.1,8.5,12.6,42.7272,23.2458
Bancя,2023-11-08,14.7,9.1,12.1,42.7272,23.2458
Bancя,2023-11-09,12.3,4.4,8.1,42.7272,23.2458
Bancя,2023-11-10,13.7,3.9,7.9,42.7272,23.2458
Bancя,2023-11-11,14.1,6.5,9.7,42.7272,23.2458
Bancя,2023-11-12,8.8,2.8,6.8,42.7272,23.2458
Bancя,2023-11-13,13.0,4.6,7.6,42.7272,23.2458
Bancя,2023-11-14,18.9,2.9,9.5,42.7272,23.2458
Bancя,2023-11-15,17.5,5.9,9.8,42.7272,23.2458
Bancя,2023-11-16,12.1,3.5,8.1,42.7272,23.2458
Bancя,2023-11-17,12.8,4.7,7.9,42.7272,23.2458
Bancя,2023-11-18,8.0,2.1,3.7,42.7272,23.2458
Bancя,2023-11-19,5.1,1.0,2.9,42.7272,23.2458
Bancя,2023-11-20,13.7,0.6,5.8,42.7272,23.2458
Bancя,2023-11-21,11.2,4.0,6.7,42.7272,23.2458
Bancя,2023-11-22,10.6,6.0,7.9,42.7272,23.2458
Bancя,2023-11-23,10.3,6.2,8.0,42.7272,23.2458
Bancя,2023-11-24,13.5,6.1,9.5,42.7272,23.2458
Bancя,2023-11-25,9.2,0.1,4.1,42.7272,23.2458
Bancя,2023-11-26,-0.1,-3.4,-1.8,42.7272,23.2458
Bancя,2023-11-27,1.5,-3.0,-1.4,42.7272,23.2458
Bancя,2023-11-28,4.1,-2.0,1.3,42.7272,23.2458
Bancя,2023-11-29,4.1,-0.0,2.8,42.7272,23.2458
Bancя,2023-11-30,7.5,-1.5,2.2,42.7272,23.2458
Bancя,2023-12-01,17.0,1.9,10.0,42.7272,23.2458
Bancя,2023-12-02,15.7,7.7,11.8,42.7272,23.2458
Bancя,2023-12-03,11.0,0.7,6.1,42.7272,23.2458
Bancя,2023-12-04,3.0,-2.9,-0.6,42.7272,23.2458
Bancя,2023-12-05,4.7,-0.8,1.6,42.7272,23.2458
Bancя,2023-12-06,4.7,1.6,3.3,42.7272,23.2458
Bancя,2023-12-07,4.3,1.1,3.0,42.7272,23.2458
Bancя,2023-12-08,2.3,-0.6,0.8,42.7272,23.2458
Bancя,2023-12-09,3.0,-1.7,0.2,42.7272,23.2458
Bancя,2023-12-10,6.8,-1.9,1.4,42.7272,23.2458
Bancя,2023-12-11,9.1,-0.6,3.5,42.7272,23.2458
Bancя,2023-12-12,10.9,-0.4,4.4,42.7272,23.2458
Bancя,2023-12-13,12.0,0.9,6.2,42.7272,23.2458
Bancя,2023-12-14,14.3,4.7,7.8,42.7272,23.2458
Bancя,2023-12-15,5.8,1.9,4.5,42.7272,23.2458
Bancя,2023-12-16,2.0,-2.0,0.6,42.7272,23.2458
Bancя,2023-12-17,4.1,-3.1,-0.4,42.7272,23.2458
Bancя,2023-12-18,10.2,-2.5,1.9,42.7272,23.2458
Bancя,2023-12-19,10.7,-2.2,3.5,42.7272,23.2458
Bancя,2023-12-20,11.7,-0.3,3.9,42.7272,23.2458
Bancя,2023-12-21,6.6,-2.4,1.8,42.7272,23.2458
Bancя,2023-12-22,6.8,-2.4,2.9,42.7272,23.2458
Bancя,2023-12-23,8.6,0.2,3.3,42.7272,23.2458
Bancя,2023-12-24,13.0,3.2,7.8,42.7272,23.2458
Bancя,2023-12-25,14.7,1.6,6.0,42.7272,23.2458
Bancя,2023-12-26,15.0,1.2,5.8,42.7272,23.2458
Bancя,2023-12-27,11.6,2.7,5.8,42.7272,23.2458
Bancя,2023-12-28,12.4,1.0,5.7,42.7272,23.2458
Bancя,2023-12-29,11.8,-0.4,4.1,42.7272,23.2458
Bancя,2023-12-30,11.0,0.3,4.3,42.7272,23.2458
Bancя,2023-12-31,9.4,-0.0,4.6,42.7272,23.2458
Витоша,2023-01-01,10.7,0.8,5.6,42.6539,23.2514
Витоша,2023-01-02,11.5,3.7,6.4,42.6539,23.2514
Витоша,2023-01-03,13.1,2.0,6.3,42.6539,23.2514
Витоша,2023-01-04,6.9,3.4,4.8,42.6539,23.2514
Витоша,2023-01-05,10.9,3.5,5.5,42.6539,23.2514
Витоша,2023-01-06,8.9,2.2,5.4,42.6539,23.2514
Витоша,2023-01-07,9.4,-0.7,3.9,42.6539,23.2514
Витоша,2023-01-08,7.9,0.4,3.9,42.6539,23.2514
Витоша,2023-01-09,5.9,-2.4,1.1,42.6539,23.2514
Витоша,2023-01-10,3.0,-0.9,1.6,42.6539,23.2514
Витоша,2023-01-11,3.1,-1.7,1.2,42.6539,23.2514
Витоша,2023-01-12,3.5,1.0,2.0,42.6539,23.2514
Витоша,2023-01-13,3.7,-0.8,1.8,42.6539,23.2514
Витоша,2023-01-14,4.2,-2.2,1.3,42.6539,23.2514
Витоша,2023-01-15,7.0,-0.6,2.5,42.6539,23.2514
Витоша,2023-01-16,6.2,-0.5,1.9,42.6539,23.2514
Витоша,2023-01-17,12.3,-0.3,5.3,42.6539,23.2514
Витоша,2023-01-18,13.9,3.8,8.4,42.6539,23.2514
Витоша,2023-01-19,15.9,3.4,10.0,42.6539,23.2514
Витоша,2023-01-20,8.2,0.3,5.1,42.6539,23.2514
Витоша,2023-01-21,8.0,-2.5,2.9,42.6539,23.2514
Витоша,2023-01-22,8.3,2.2,5.1,42.6539,23.2514
Витоша,2023-01-23,6.7,3.7,5.7,42.6539,23.2514
Витоша,2023-01-24,3.4,-0.6,1.3,42.6539,23.2514
Витоша,2023-01-25,1.7,-1.4,-0.4,42.6539,23.2514
Витоша,2023-01-26,0.6,-2.8,-1.4,42.6539,23.2514
Витоша,2023-01-27,2.1,-1.4,-0.3,42.6539,23.2514
Витоша,2023-01-28,1.4,-2.0,-0.9,42.6539,23.2514
Витоша,2023-01-29,0.6,-2.5,-1.1,42.6539,23.2514
Витоша,2023-01-30,0.8,-3.7,-2.1,42.6539,23.2514
Витоша,2023-01-31,2.1,-2.6,-0.7,42.6539,23.2514
Витоша,2023-02-01,4.9,-2.9,0.4,42.6539,23.2514
Витоша,2023-02-02,6.1,-2.2,1.7,42.6539,23.2514
Витоша,2023-02-03,2.8,-2.0,0.1,42.6539,23.2514
Витоша,2023-02-04,3.0,-2.0,0.9,42.6539,23.2514
Витоша,2023-02-05,-2.3,-6.7,-4.9,42.6539,23.2514
Витоша,2023-02-06,-3.5,-9.2,-6.2,42.6539,23.2514
Витоша,2023-02-07,-2.1,-7.7,-5.4,42.6539,23.2514
Витоша,2023-02-08,-2.7,-9.0,-5.7,42.6539,23.2514
Витоша,2023-02-09,-0.6,-8.7,-5.8,42.6539,23.2514
Витоша,2023-02-10,2.2,-8.4,-3.9,42.6539,23.2514
Витоша,2023-02-11,3.1,-6.7,-2.8,42.6539,23.2514
Витоша,2023-02-12,2.6,-3.2,-0.9,42.6539,23.2514
Витоша,2023-02-13,5.1,-3.8,-0.2,42.6539,23.2514
Витоша,2023-02-14,2.7,-2.1,-0.3,42.6539,23.2514
Витоша,2023-02-15,5.2,-2.1,0.9,42.6539,23.2514
Витоша,2023-02-16,11.5,-3.1,2.2,42.6539,23.2514
Витоша,2023-02-17,12.9,-1.0,4.4,42.6539,23.2514
Витоша,2023-02-18,14.3,0.0,5.6,42.6539,23.2514
Витоша,2023-02-19,16.1,1.8,7.9,42.6539,23.2514
Витоша,2023-02-20,10.5,3.6,6.6,42.6539,23.2514
Витоша,2023-02-21,16.5,1.0,7.6,42.6539,23.2514
Витоша,2023-02-22,15.0,3.2,8.1,42.6539,23.2514
Витоша,2023-02-23,14.3,1.8,7.1,42.6539,23.2514
Витоша,2023-02-24,11.6,3.9,6.7,42.6539,23.2514
Витоша,2023-02-25,14.3,2.3,8.3,42.6539,23.2514
Витоша,2023-02-26,17.0,6.7,11.2,42.6539,23.2514
Витоша,2023-02-27,12.2,2.6,7.5,42.6539,23.2514
Витоша,2023-02-28,10.2,3.1,6.1,42.6539,23.2514
Витоша,2023-03-01,6.5,2.8,4.5,42.6539,23.2514
Витоша,2023-03-02,6.3,2.9,4.2,42.6539,23.2514
Витоша,2023-03-03,5.3,2.1,3.4,42.6539,23.2514
Витоша,2023-03-04,8.2,0.1,3.7,42.6539,23.2514
Витоша,2023-03-05,8.4,0.9,4.3,42.6539,23.2514
Витоша,2023-03-06,10.6,-2.4,3.7,42.6539,23.2514
Витоша,2023-03-07,12.9,0.6,6.2,42.6539,23.2514
Витоша,2023-03-08,12.9,0.7,7.0,42.6539,23.2514
Витоша,2023-03-09,16.9,2.4,9.1,42.6539,23.2514
Витоша,2023-03-10,15.3,5.0,9.2,42.6539,23.2514
Витоша,2023-03-11,13.5,3.7,8.8,42.6539,23.2514
Витоша,2023-03-12,6.2,-1.4,2.2,42.6539,23.2514
Витоша,2023-03-13,9.1,-4.2,2.1,42.6539,23.2514
Витоша,2023-03-14,14.3,-1.4,5.9,42.6539,23.2514
Витоша,2023-03-15,11.8,1.0,5.5,42.6539,23.2514
Витоша,2023-03-16,4.4,-0.3,1.3,42.6539,23.2514
Витоша,2023-03-17,6.8,-1.1,2.2,42.6539,23.2514
Витоша,2023-03-18,7.0,-2.6,2.2,42.6539,23.2514
Витоша,2023-03-19,14.0,-2.5,5.0,42.6539,23.2514
Витоша,2023-03-20,18.1,2.3,10.1,42.6539,23.2514
Витоша,2023-03-21,14.5,5.9,10.5,42.6539,23.2514
Витоша,2023-03-22,11.2,4.8,7.6,42.6539,23.2514
Витоша,2023-03-23,13.8,2.6,7.6,42.6539,23.2514
Витоша,2023-03-24,17.7,4.7,10.6,42.6539,23.2514
Витоша,2023-03-25,18.6,4.5,11.7,42.6539,23.2514
Витоша,2023-03-26,14.4,5.2,9.3,42.6539,23.2514
Витоша,2023-03-27,14.1,3.5,8.0,42.6539,23.2514
Витоша,2023-03-28,4.7,-1.2,1.4,42.6539,23.2514
Витоша,2023-03-29,5.9,-3.1,1.0,42.6539,23.2514
Витоша,2023-03-30,12.9,1.4,6.1,42.6539,23.2514
Витоша,2023-03-31,16.0,3.9,9.9,42.6539,23.2514
Витоша,2023-04-01,15.3,5.4,9.5,42.6539,23.2514
Витоша,2023-04-02,14.1,4.2,8.6,42.6539,23.2514
Витоша,2023-04-03,13.3,2.1,6.6,42.6539,23.2514
Витоша,2023-04-04,7.5,-0.9,4.0,42.6539,23.2514
Витоша,2023-04-05,3.9,-1.7,0.6,42.6539,23.2514
Витоша,2023-04-06,4.7,-2.8,0.6,42.6539,23.2514
Витоша,2023-04-07,7.4,-1.3,2.6,42.6539,23.2514
Витоша,2023-04-08,10.2,0.8,5.2,42.6539,23.2514
Витоша,2023-04-09,9.8,3.1,5.9,42.6539,23.2514
Витоша,2023-04-10,9.0,2.8,5.9,42.6539,23.2514
Витоша,2023-04-11,10.8,2.6,6.6,42.6539,23.2514
Витоша,2023-04-12,11.2,4.9,7.5,42.6539,23.2514
Витоша,2023-04-13,18.1,0.1,9.3,42.6539,23.2514
Витоша,2023-04-14,19.8,5.6,10.1,42.6539,23.2514
Витоша,2023-04-15,15.4,2.6,9.2,42.6539,23.2514
Витоша,2023-04-16,15.7,6.0,9.8,42.6539,23.2514
Витоша,2023-04-17,13.6,6.5,9.0,42.6539,23.2514
Витоша,2023-04-18,12.2,6.7,8.8,42.6539,23.2514
Витоша,2023-04-19,13.3,5.3,8.5,42.6539,23.2514
Витоша,2023-04-20,12.3,5.0,8.4,42.6539,23.2514
Витоша,2023-04-21,14.3,5.4,9.7,42.6539,23.2514
Витоша,2023-04-22,14.4,3.9,9.5,42.6539,23.2514
Витоша,2023-04-23,15.7,5.1,9.7,42.6539,23.2514
Витоша,2023-04-24,18.1,6.2,10.7,42.6539,23.2514
Витоша,2023-04-25,13.8,7.0,10.4,42.6539,23.2514
Витоша,2023-04-26,12.9,5.0,8.5,42.6539,23.2514
Витоша,2023-04-27,10.4,2.9,7.0,42.6539,23.2514
Витоша,2023-04-28,13.8,1.7,7.0,42.6539,23.2514
Витоша,2023-04-29,13.9,3.0,9.0,42.6539,23.2514
Витоша,2023-04-30,15.7,4.9,10.5,42.6539,23.2514
Витоша,2023-05-01,16.9,5.5,11.2,42.6539,23.2514
Витоша,2023-05-02,18.0,5.8,12.0,42.6539,23.2514
Витоша,2023-05-03,16.6,7.9,11.0,42.6539,23.2514
Витоша,2023-05-04,12.7,6.9,9.8,42.6539,23.2514
Витоша,2023-05-05,15.3,5.1,10.4,42.6539,23.2514
Витоша,2023-05-06,16.4,5.6,11.5,42.6539,23.2514
Витоша,2023-05-07,19.9,8.9,14.1,42.6539,23.2514
Витоша,2023-05-08,19.3,10.1,13.6,42.6539,23.2514
Витоша,2023-05-09,12.4,8.2,10.2,42.6539,23.2514
Витоша,2023-05-10,9.3,6.6,7.8,42.6539,23.2514
Витоша,2023-05-11,12.3,6.4,9.3,42.6539,23.2514
Витоша,2023-05-12,13.4,6.0,9.1,42.6539,23.2514
Витоша,2023-05-13,17.3,6.7,11.7,42.6539,23.2514
Витоша,2023-05-14,14.3,9.5,11.2,42.6539,23.2514
Витоша,2023-05-15,16.7,8.5,12.1,42.6539,23.2514
Витоша,2023-05-16,19.1,10.7,14.1,42.6539,23.2514
Витоша,2023-05-17,18.0,10.4,13.4,42.6539,23.2514
Витоша,2023-05-18,13.6,10.0,11.3,42.6539,23.2514
Витоша,2023-05-19,18.0,6.8,12.6,42.6539,23.2514
Витоша,2023-05-20,18.5,9.8,14.5,42.6539,23.2514
Витоша,2023-05-21,18.4,9.2,13.7,42.6539,23.2514
Витоша,2023-05-22,17.5,8.4,13.3,42.6539,23.2514
Витоша,2023-05-23,19.6,7.9,14.5,42.6539,23.2514
Витоша,2023-05-24,21.4,8.1,15.8,42.6539,23.2514
Витоша,2023-05-25,19.3,10.9,15.5,42.6539,23.2514
Витоша,2023-05-26,19.3,9.7,14.7,42.6539,23.2514
Витоша,2023-05-27,19.7,8.3,14.5,42.6539,23.2514
Витоша,2023-05-28,17.1,9.8,14.1,42.6539,23.2514
Витоша,2023-05-29,18.7,11.6,14.8,42.6539,23.2514
Витоша,2023-05-30,20.3,11.4,15.6,42.6539,23.2514
Витоша,2023-05-31,20.7,10.8,16.0,42.6539,23.2514
Витоша,2023-06-01,21.0,12.0,16.1,42.6539,23.2514
Витоша,2023-06-02,21.6,11.7,17.3,42.6539,23.2514
Витоша,2023-06-03,19.1,11.4,15.8,42.6539,23.2514
Витоша,2023-06-04,19.0,12.4,15.2,42.6539,23.2514
Витоша,2023-06-05,20.8,11.5,16.1,42.6539,23.2514
Витоша,2023-06-06,21.5,10.5,16.2,42.6539,23.2514
Витоша,2023-06-07,20.7,11.2,16.3,42.6539,23.2514
Витоша,2023-06-08,23.2,11.0,17.3,42.6539,23.2514
Витоша,2023-06-09,23.8,11.7,17.5,42.6539,23.2514
Витоша,2023-06-10,22.0,14.1,17.1,42.6539,23.2514
Витоша,2023-06-11,22.0,12.6,17.6,42.6539,23.2514
Витоша,2023-06-12,22.1,14.0,17.1,42.6539,23.2514
Витоша,2023-06-13,18.8,12.8,15.5,42.6539,23.2514
Витоша,2023-06-14,21.1,13.1,16.9,42.6539,23.2514
Витоша,2023-06-15,19.6,13.2,16.9,42.6539,23.2514
Витоша,2023-06-16,20.5,14.4,16.9,42.6539,23.2514
Витоша,2023-06-17,18.0,13.3,15.1,42.6539,23.2514
Витоша,2023-06-18,19.7,13.0,15.9,42.6539,23.2514
Витоша,2023-06-19,23.2,13.1,18.0,42.6539,23.2514
Витоша,2023-06-20,23.2,13.2,18.8,42.6539,23.2514
Витоша,2023-06-21,25.6,15.1,20.6,42.6539,23.2514
Витоша,2023-06-22,27.1,15.0,21.3,42.6539,23.2514
Витоша,2023-06-23,27.9,16.7,22.2,42.6539,23.2514
Витоша,2023-06-24,27.7,17.4,22.0,42.6539,23.2514
Витоша,2023-06-25,23.0,15.8,18.8,42.6539,23.2514
Витоша,2023-06-26,22.6,14.8,18.8,42.6539,23.2514
Витоша,2023-06-27,24.4,12.9,19.2,42.6539,23.2514
Витоша,2023-06-28,23.8,14.2,18.0,42.6539,23.2514
Витоша,2023-06-29,20.4,11.5,15.8,42.6539,23.2514
Витоша,2023-06-30,24.8,10.9,17.8,42.6539,23.2514
Витоша,2023-07-01,26.5,14.7,20.3,42.6539,23.2514
Витоша,2023-07-02,22.5,14.7,18.8,42.6539,23.2514
Витоша,2023-07-03,25.5,15.0,20.3,42.6539,23.2514
Витоша,2023-07-04,27.1,14.7,21.2,42.6539,23.2514
Витоша,2023-07-05,25.0,16.1,20.6,42.6539,23.2514
Витоша,2023-07-06,23.8,15.6,19.7,42.6539,23.2514
Витоша,2023-07-07,24.8,16.5,19.9,42.6539,23.2514
Витоша,2023-07-08,23.2,15.0,19.1,42.6539,23.2514
Витоша,2023-07-09,24.6,13.5,19.4,42.6539,23.2514
Витоша,2023-07-10,26.6,13.4,20.5,42.6539,23.2514
Витоша,2023-07-11,28.2,14.3,21.9,42.6539,23.2514
Витоша,2023-07-12,31.8,17.5,24.4,42.6539,23.2514
Витоша,2023-07-13,34.2,18.5,26.3,42.6539,23.2514
Витоша,2023-07-14,30.5,19.6,25.1,42.6539,23.2514
Витоша,2023-07-15,30.4,19.2,24.5,42.6539,23.2514
Витоша,2023-07-16,30.7,19.9,25.4,42.6539,23.2514
Витоша,2023-07-17,31.2,20.4,26.2,42.6539,23.2514
Витоша,2023-07-18,31.8,20.3,26.4,42.6539,23.2514
Витоша,2023-07-19,31.8,17.9,25.3,42.6539,23.2514
Витоша,2023-07-20,30.3,17.7,24.1,42.6539,23.2514
Витоша,2023-07-21,32.2,18.1,24.6,42.6539,23.2514
Витоша,2023-07-22,34.3,18.6,26.0,42.6539,23.2514
Витоша,2023-07-23,29.3,20.0,24.3,42.6539,23.2514
Витоша,2023-07-24,32.1,17.1,24.8,42.6539,23.2514
Витоша,2023-07-25,36.6,19.3,27.2,42.6539,23.2514
Витоша,2023-07-26,33.2,19.9,26.4,42.6539,23.2514
Витоша,2023-07-27,21.2,14.8,17.9,42.6539,23.2514
Витоша,2023-07-28,28.1,10.3,19.3,42.6539,23.2514
Витоша,2023-07-29,29.2,15.8,22.7,42.6539,23.2514
Витоша,2023-07-30,30.5,16.5,23.8,42.6539,23.2514
Витоша,2023-07-31,25.8,17.6,21.6,42.6539,23.2514
Витоша,2023-08-01,29.0,15.0,21.9,42.6539,23.2514
Витоша,2023-08-02,30.1,18.2,24.0,42.6539,23.2514
Витоша,2023-08-03,33.4,18.7,26.3,42.6539,23.2514
Витоша,2023-08-04,33.2,21.2,27.8,42.6539,23.2514
Витоша,2023-08-05,32.2,19.5,25.9,42.6539,23.2514
Витоша,2023-08-06,25.1,16.6,20.6,42.6539,23.2514
Витоша,2023-08-07,25.1,14.0,18.4,42.6539,23.2514
Витоша,2023-08-08,21.0,13.6,16.7,42.6539,23.2514
Витоша,2023-08-09,24.7,10.1,17.1,42.6539,23.2514
Витоша,2023-08-10,19.9,14.6,17.0,42.6539,23.2514
Витоша,2023-08-11,23.2,11.3,17.2,42.6539,23.2514
Витоша,2023-08-12,25.0,12.2,18.8,42.6539,23.2514
Витоша,2023-08-13,25.1,15.1,20.4,42.6539,23.2514
Витоша,2023-08-14,26.6,14.9,21.3,42.6539,23.2514
Витоша,2023-08-15,24.2,17.4,20.2,42.6539,23.2514
Витоша,2023-08-16,26.1,16.8,21.3,42.6539,23.2514
Витоша,2023-08-17,29.5,16.2,22.9,42.6539,23.2514
Витоша,2023-08-18,31.0,17.2,24.0,42.6539,23.2514
Витоша,2023-08-19,29.4,16.7,23.3,42.6539,23.2514
Витоша,2023-08-20,29.9,17.4,23.6,42.6539,23.2514
Витоша,2023-08-21,31.3,18.5,25.4,42.6539,23.2514
Витоша,2023-08-22,30.8,18.6,24.9,42.6539,23.2514
Витоша,2023-08-23,31.3,20.5,26.0,42.6539,23.2514
Витоша,2023-08-24,29.6,18.0,24.8,42.6539,23.2514
Витоша,2023-08-25,31.2,17.8,24.2,42.6539,23.2514
Витоша,2023-08-26,32.1,18.0,25.1,42.6539,23.2514
Витоша,2023-08-27,31.0,19.1,24.7,42.6539,23.2514
Витоша,2023-08-28,32.4,17.8,24.7,42.6539,23.2514
Витоша,2023-08-29,27.9,17.7,22.3,42.6539,23.2514
Витоша,2023-08-30,28.4,16.0,21.3,42.6539,23.2514
Витоша,2023-08-31,26.1,14.6,20.1,42.6539,23.2514
Витоша,2023-09-01,25.5,13.8,19.5,42.6539,23.2514
Витоша,2023-09-02,26.8,14.3,20.4,42.6539,23.2514
Витоша,2023-09-03,27.0,15.6,20.9,42.6539,23.2514
Витоша,2023-09-04,18.3,13.9,14.9,42.6539,23.2514
Витоша,2023-09-05,20.1,14.0,16.5,42.6539,23.2514
Витоша,2023-09-06,22.4,13.8,18.1,42.6539,23.2514
Витоша,2023-09-07,22.7,15.8,19.2,42.6539,23.2514
Витоша,2023-09-08,23.2,13.3,18.7,42.6539,23.2514
Витоша,2023-09-09,24.3,13.4,18.0,42.6539,23.2514
Витоша,2023-09-10,24.6,14.4,18.8,42.6539,23.2514
Витоша,2023-09-11,24.3,11.2,17.8,42.6539,23.2514
Витоша,2023-09-12,26.5,12.8,19.0,42.6539,23.2514
Витоша,2023-09-13,29.7,15.2,21.5,42.6539,23.2514
Витоша,2023-09-14,28.4,17.3,22.0,42.6539,23.2514
Витоша,2023-09-15,25.8,15.5,19.9,42.6539,23.2514
Витоша,2023-09-16,22.2,15.0,18.2,42.6539,23.2514
Витоша,2023-09-17,22.9,14.5,18.1,42.6539,23.2514
Витоша,2023-09-18,23.4,14.1,18.2,42.6539,23.2514
Витоша,2023-09-19,22.9,13.1,17.2,42.6539,23.2514
Витоша,2023-09-20,24.6,14.1,18.3,42.6539,23.2514
Витоша,2023-09-21,25.8,14.2,19.4,42.6539,23.2514
Витоша,2023-09-22,29.6,13.7,20.9,42.6539,23.2514
Витоша,2023-09-23,31.1,15.1,22.1,42.6539,23.2514
Витоша,2023-09-24,26.9,15.9,21.0,42.6539,23.2514
Витоша,2023-09-25,22.4,16.0,18.9,42.6539,23.2514
Витоша,2023-09-26,22.0,14.4,18.0,42.6539,23.2514
Витоша,2023-09-27,22.2,12.7,17.2,42.6539,23.2514
Витоша,2023-09-28,21.9,12.0,17.1,42.6539,23.2514
Витоша,2023-09-29,23.2,11.8,17.1,42.6539,23.2514
Витоша,2023-09-30,23.7,10.9,17.3,42.6539,23.2514
Витоша,2023-10-01,22.0,12.3,16.2,42.6539,23.2514
Витоша,2023-10-02,20.8,11.4,15.3,42.6539,23.2514
Витоша,2023-10-03,21.2,7.7,14.5,42.6539,23.2514
Витоша,2023-10-04,23.9,11.6,17.1,42.6539,23.2514
Витоша,2023-10-05,23.3,12.1,16.4,42.6539,23.2514
Витоша,2023-10-06,20.7,11.6,15.4,42.6539,23.2514
Витоша,2023-10-07,22.5,6.9,14.1,42.6539,23.2514
Витоша,2023-10-08,23.1,9.2,16.1,42.6539,23.2514
Витоша,2023-10-09,19.3,10.5,14.5,42.6539,23.2514
Витоша,2023-10-10,19.6,10.4,14.8,42.6539,23.2514
Витоша,2023-10-11,19.4,9.1,13.8,42.6539,23.2514
Витоша,2023-10-12,22.4,8.7,14.7,42.6539,23.2514
Витоша,2023-10-13,24.1,10.0,17.0,42.6539,23.2514
Витоша,2023-10-14,24.4,11.8,16.9,42.6539,23.2514
Витоша,2023-10-15,24.5,11.0,17.0,42.6539,23.2514
Витоша,2023-10-16,13.8,7.1,9.9,42.6539,23.2514
Витоша,2023-10-17,10.8,3.4,7.1,42.6539,23.2514
Витоша,2023-10-18,13.9,6.7,9.5,42.6539,23.2514
Витоша,2023-10-19,18.8,5.7,10.9,42.6539,23.2514
Витоша,2023-10-20,25.7,10.5,17.2,42.6539,23.2514
Витоша,2023-10-21,26.9,14.8,19.2,42.6539,23.2514
Витоша,2023-10-22,24.4,14.3,18.9,42.6539,23.2514
Витоша,2023-10-23,22.2,12.6,16.4,42.6539,23.2514
Витоша,2023-10-24,23.0,9.8,15.5,42.6539,23.2514
Витоша,2023-10-25,24.0,12.6,17.6,42.6539,23.2514
Витоша,2023-10-26,21.9,12.3,16.4,42.6539,23.2514
Витоша,2023-10-27,23.1,12.9,17.7,42.6539,23.2514
Витоша,2023-10-28,23.5,12.1,17.4,42.6539,23.2514
Витоша,2023-10-29,21.1,9.3,14.8,42.6539,23.2514
Витоша,2023-10-30,21.5,10.4,14.5,42.6539,23.2514
Витоша,2023-10-31,21.9,6.1,14.9,42.6539,23.2514
Витоша,2023-11-01,17.4,9.0,13.5,42.6539,23.2514
Витоша,2023-11-02,17.5,8.0,11.9,42.6539,23.2514
Витоша,2023-11-03,19.2,8.5,12.6,42.6539,23.2514
Витоша,2023-11-04,12.9,9.2,11.2,42.6539,23.2514
Витоша,2023-11-05,17.7,4.9,11.7,42.6539,23.2514
Витоша,2023-11-06,19.7,10.1,14.0,42.6539,23.2514
Витоша,2023-11-07,18.1,7.5,11.6,42.6539,23.2514
Витоша,2023-11-08,13.7,8.1,11.1,42.6539,23.2514
Витоша,2023-11-09,11.3,3.4,7.1,42.6539,23.2514
Витоша,2023-11-10,12.7,2.9,6.9,42.6539,23.2514
Витоша,2023-11-11,13.1,5.5,8.8,42.6539,23.2514
Витоша,2023-11-12,7.8,1.8,5.8,42.6539,23.2514
Витоша,2023-11-13,12.0,3.6,6.6,42.6539,23.2514
Витоша,2023-11-14,17.9,1.9,8.5,42.6539,23.2514
Витоша,2023-11-15,16.5,4.9,8.8,42.6539,23.2514
Витоша,2023-11-16,11.1,2.5,7.1,42.6539,23.2514
Витоша,2023-11-17,11.8,3.7,6.9,42.6539,23.2514
Витоша,2023-11-18,7.0,1.1,2.7,42.6539,23.2514
Витоша,2023-11-19,4.1,-0.0,1.9,42.6539,23.2514
Витоша,2023-11-20,12.7,-0.4,4.8,42.6539,23.2514
Витоша,2023-11-21,10.2,3.0,5.7,42.6539,23.2514
Витоша,2023-11-22,9.6,5.0,6.9,42.6539,23.2514
Витоша,2023-11-23,9.3,5.2,7.0,42.6539,23.2514
Витоша,2023-11-24,12.5,5.1,8.5,42.6539,23.2514
Витоша,2023-11-25,8.2,-0.9,3.1,42.6539,23.2514
Витоша,2023-11-26,-1.1,-4.4,-2.7,42.6539,23.2514
Витоша,2023-11-27,0.5,-4.0,-2.4,42.6539,23.2514
Витоша,2023-11-28,3.1,-3.0,0.3,42.6539,23.2514
Витоша,2023-11-29,3.1,-1.0,1.8,42.6539,23.2514
Витоша,2023-11-30,6.5,-2.5,1.2,42.6539,23.2514
Витоша,2023-12-01,16.0,0.9,9.0,42.6539,23.2514
Витоша,2023-12-02,14.7,6.7,10.8,42.6539,23.2514
Витоша,2023-12-03,10.0,-0.3,5.1,42.6539,23.2514
Витоша,2023-12-04,2.0,-3.9,-1.6,42.6539,23.2514
Витоша,2023-12-05,3.7,-1.8,0.6,42.6539,23.2514
Витоша,2023-12-06,3.7,0.6,2.3,42.6539,23.2514
Витоша,2023-12-07,3.3,0.1,2.0,42.6539,23.2514
Витоша,2023-12-08,1.3,-1.6,-0.2,42.6539,23.2514
Витоша,2023-12-09,2.0,-2.7,-0.8,42.6539,23.2514
Витоша,2023-12-10,5.8,-2.9,0.4,42.6539,23.2514
Витоша,2023-12-11,8.1,-1.6,2.5,42.6539,23.2514
Витоша,2023-12-12,9.9,-1.4,3.4,42.6539,23.2514
Витоша,2023-12-13,11.0,-0.1,5.2,42.6539,23.2514
Витоша,2023-12-14,13.3,3.7,6.8,42.6539,23.2514
Витоша,2023-12-15,4.8,0.9,3.5,42.6539,23.2514
Витоша,2023-12-16,1.0,-3.0,-0.4,42.6539,23.2514
Витоша,2023-12-17,3.1,-4.1,-1.4,42.6539,23.2514
Витоша,2023-12-18,9.2,-3.5,0.9,42.6539,23.2514
Витоша,2023-12-19,9.7,-3.2,2.5,42.6539,23.2514
Витоша,2023-12-20,10.7,-1.3,2.9,42.6539,23.2514
Витоша,2023-12-21,5.6,-3.4,0.9,42.6539,23.2514
Витоша,2023-12-22,5.8,-3.4,1.9,42.6539,23.2514
Витоша,2023-12-23,7.6,-0.8,2.3,42.6539,23.2514
Витоша,2023-12-24,12.0,2.2,6.8,42.6539,23.2514
Витоша,2023-12-25,13.7,0.6,5.0,42.6539,23.2514
Витоша,2023-12-26,14.0,0.2,4.8,42.6539,23.2514
Витоша,2023-12-27,10.6,1.7,4.8,42.6539,23.2514
Витоша,2023-12-28,11.4,-0.0,4.7,42.6539,23.2514
Витоша,2023-12-29,10.8,-1.4,3.1,42.6539,23.2514
Витоша,2023-12-30,10.0,-0.7,3.3,42.6539,23.2514
Витоша,2023-12-31,8.4,-1.0,3.6,42.6539,23.2514
Възраждане,2023-01-01,10.3,-1.0,3.7,42.7,23.315
Възраждане,2023-01-02,11.0,-1.1,3.9,42.7,23.315
Възраждане,2023-01-03,12.6,-0.2,3.7,42.7,23.315
Възраждане,2023-01-04,8.2,-0.5,4.0,42.7,23.315
Възраждане,2023-01-05,11.5,2.2,5.5,42.7,23.315
Възраждане,2023-01-06,10.0,0.5,5.1,42.7,23.315
Възраждане,2023-01-07,10.1,-2.8,2.8,42.7,23.315
Възраждане,2023-01-08,8.4,-2.2,2.3,42.7,23.315
Възраждане,2023-01-09,4.7,-1.4,0.4,42.7,23.315
Възраждане,2023-01-10,4.3,-0.7,2.0,42.7,23.315
Възраждане,2023-01-11,5.2,-1.9,2.2,42.7,23.315
Възраждане,2023-01-12,5.3,2.0,3.4,42.7,23.315
Възраждане,2023-01-13,5.6,-1.1,3.1,42.7,23.315
Възраждане,2023-01-14,5.8,-1.5,2.0,42.7,23.315
Възраждане,2023-01-15,7.5,0.5,3.4,42.7,23.315
Възраждане,2023-01-16,6.9,-0.7,1.8,42.7,23.315
Възраждане,2023-01-17,13.6,0.1,5.8,42.7,23.315
Възраждане,2023-01-18,15.7,5.8,9.4,42.7,23.315
Възраждане,2023-01-19,17.7,4.7,10.1,42.7,23.315
Възраждане,2023-01-20,9.6,0.6,5.8,42.7,23.315
Възраждане,2023-01-21,9.1,-2.4,3.5,42.7,23.315
Възраждане,2023-01-22,9.5,3.4,6.2,42.7,23.315
Възраждане,2023-01-23,8.1,5.3,7.1,42.7,23.315
Възраждане,2023-01-24,4.9,0.5,2.3,42.7,23.315
Възраждане,2023-01-25,2.6,-0.2,0.8,42.7,23.315
Възраждане,2023-01-26,1.7,-1.4,-0.1,42.7,23.315
Възраждане,2023-01-27,4.1,-0.1,1.1,42.7,23.315
Възраждане,2023-01-28,3.1,-0.6,0.6,42.7,23.315
Възраждане,2023-01-29,1.9,-1.1,0.1,42.7,23.315
Възраждане,2023-01-30,1.8,-3.3,-1.1,42.7,23.315
Възраждане,2023-01-31,3.3,-2.2,0.1,42.7,23.315
Възраждане,2023-02-01,6.2,-2.3,1.0,42.7,23.315
Възраждане,2023-02-02,7.4,-2.0,1.9,42.7,23.315
Възраждане,2023-02-03,4.1,-1.4,0.9,42.7,23.315
Възраждане,2023-02-04,4.1,-0.9,1.7,42.7,23.315
Възраждане,2023-02-05,-1.0,-5.0,-3.2,42.7,23.315
Възраждане,2023-02-06,-1.5,-8.2,-4.5,42.7,23.315
Възраждане,2023-02-07,-0.2,-6.2,-3.7,42.7,23.315
Възраждане,2023-02-08,-1.2,-7.2,-4.1,42.7,23.315
Възраждане,2023-02-09,1.0,-7.5,-4.3,42.7,23.315
Възраждане,2023-02-10,3.7,-7.7,-2.9,42.7,23.315
Възраждане,2023-02-11,4.3,-7.3,-2.6,42.7,23.315
Възраждане,2023-02-12,4.2,-4.1,-0.1,42.7,23.315
Възраждане,2023-02-13,6.3,-4.5,0.2,42.7,23.315
Възраждане,2023-02-14,5.1,-3.0,0.4,42.7,23.315
Възраждане,2023-02-15,6.6,-3.0,1.5,42.7,23.315
Възраждане,2023-02-16,11.9,-4.7,1.4,42.7,23.315
Възраждане,2023-02-17,14.0,-3.4,3.3,42.7,23.315
Възраждане,2023-02-18,15.3,-3.1,4.3,42.7,23.315
Възраждане,2023-02-19,17.2,0.3,7.5,42.7,23.315
Възраждане,2023-02-20,12.0,2.5,7.0,42.7,23.315
Възраждане,2023-02-21,17.9,0.9,7.0,42.7,23.315
Възраждане,2023-02-22,16.2,-0.5,6.5,42.7,23.315
Възраждане,2023-02-23,15.6,-0.2,6.8,42.7,23.315
Възраждане,2023-02-24,12.2,3.9,7.1,42.7,23.315
Възраждане,2023-02-25,15.8,1.5,9.5,42.7,23.315
Възраждане,2023-02-26,18.7,5.5,11.6,42.7,23.315
Възраждане,2023-02-27,12.9,4.7,7.5,42.7,23.315
Възраждане,2023-02-28,11.1,3.7,6.9,42.7,23.315
Възраждане,2023-03-01,7.4,3.8,5.4,42.7,23.315
Възраждане,2023-03-02,7.4,4.0,5.3,42.7,23.315
Възраждане,2023-03-03,6.3,2.6,4.3,42.7,23.315
Възраждане,2023-03-04,9.6,-0.0,4.1,42.7,23.315
Възраждане,2023-03-05,10.0,1.4,5.1,42.7,23.315
Възраждане,2023-03-06,12.5,-2.4,4.5,42.7,23.315
Възраждане,2023-03-07,14.6,2.6,7.7,42.7,23.315
Възраждане,2023-03-08,14.3,1.0,8.2,42.7,23.315
Възраждане,2023-03-09,18.7,2.4,9.9,42.7,23.315
Възраждане,2023-03-10,16.7,5.7,9.6,42.7,23.315
Възраждане,2023-03-11,14.7,5.0,9.4,42.7,23.315
Възраждане,2023-03-12,8.2,-0.6,3.5,42.7,23.315
Възраждане,2023-03-13,10.2,-4.3,2.5,42.7,23.315
Възраждане,2023-03-14,15.0,-2.9,4.7,42.7,23.315
Възраждане,2023-03-15,13.5,0.4,5.9,42.7,23.315
Възраждане,2023-03-16,5.9,0.9,2.8,42.7,23.315
Възраждане,2023-03-17,8.4,0.5,3.7,42.7,23.315
Възраждане,2023-03-18,8.6,-4.1,2.6,42.7,23.315
Възраждане,2023-03-19,14.7,-4.0,5.1,42.7,23.315
Възраждане,2023-03-20,18.9,-0.7,9.5,42.7,23.315
Възраждане,2023-03-21,16.8,4.8,10.7,42.7,23.315
Възраждане,2023-03-22,13.1,4.8,8.8,42.7,23.315
Възраждане,2023-03-23,15.4,0.9,7.5,42.7,23.315
Възраждане,2023-03-24,18.5,2.1,10.2,42.7,23.315
Възраждане,2023-03-25,19.7,3.3,11.2,42.7,23.315
Възраждане,2023-03-26,15.8,6.2,10.2,42.7,23.315
Възраждане,2023-03-27,14.6,2.8,8.2,42.7,23.315
Възраждане,2023-03-28,5.7,-0.0,2.6,42.7,23.315
Възраждане,2023-03-29,7.3,-2.0,2.1,42.7,23.315
Възраждане,2023-03-30,13.9,0.6,6.5,42.7,23.315
Възраждане,2023-03-31,17.2,3.8,10.5,42.7,23.315
Възраждане,2023-04-01,16.4,5.6,10.7,42.7,23.315
Възраждане,2023-04-02,15.4,3.4,8.9,42.7,23.315
Възраждане,2023-04-03,14.5,1.3,7.2,42.7,23.315
Възраждане,2023-04-04,8.8,0.8,5.7,42.7,23.315
Възраждане,2023-04-05,5.3,-0.8,1.7,42.7,23.315
Възраждане,2023-04-06,6.2,-1.8,1.8,42.7,23.315
Възраждане,2023-04-07,8.0,-2.8,3.1,42.7,23.315
Възраждане,2023-04-08,11.8,-0.1,5.7,42.7,23.315
Възраждане,2023-04-09,12.0,2.4,6.8,42.7,23.315
Възраждане,2023-04-10,11.0,3.3,7.3,42.7,23.315
Възраждане,2023-04-11,12.7,3.5,7.8,42.7,23.315
Възраждане,2023-04-12,12.7,4.0,8.4,42.7,23.315
Възраждане,2023-04-13,19.6,-0.9,9.4,42.7,23.315
Възраждане,2023-04-14,21.3,3.7,10.5,42.7,23.315
Възраждане,2023-04-15,16.6,3.0,10.3,42.7,23.315
Възраждане,2023-04-16,16.7,5.5,10.7,42.7,23.315
Възраждане,2023-04-17,15.3,6.6,10.0,42.7,23.315
Възраждане,2023-04-18,14.3,8.1,10.2,42.7,23.315
Възраждане,2023-04-19,14.9,6.5,9.9,42.7,23.315
Възраждане,2023-04-20,13.7,5.1,9.2,42.7,23.315
Възраждане,2023-04-21,15.6,4.3,10.0,42.7,23.315
Възраждане,2023-04-22,15.8,3.6,9.7,42.7,23.315
Възраждане,2023-04-23,17.0,3.8,10.3,42.7,23.315
Възраждане,2023-04-24,19.5,5.5,10.8,42.7,23.315
Възраждане,2023-04-25,14.8,7.8,11.3,42.7,23.315
Възраждане,2023-04-26,15.0,4.0,9.6,42.7,23.315
Възраждане,2023-04-27,11.9,3.5,8.4,42.7,23.315
Възраждане,2023-04-28,15.6,1.0,7.8,42.7,23.315
Възраждане,2023-04-29,15.2,3.6,9.5,42.7,23.315
Възраждане,2023-04-30,17.4,4.6,11.4,42.7,23.315
Възраждане,2023-05-01,18.9,5.3,12.0,42.7,23.315
Възраждане,2023-05-02,19.4,7.9,13.4,42.7,23.315
Възраждане,2023-05-03,17.7,9.3,12.1,42.7,23.315
Възраждане,2023-05-04,14.3,8.5,11.1,42.7,23.315
Възраждане,2023-05-05,17.2,5.1,11.7,42.7,23.315
Възраждане,2023-05-06,18.3,5.5,12.4,42.7,23.315
Възраждане,2023-05-07,21.5,7.2,14.4,42.7,23.315
Възраждане,2023-05-08,19.8,9.0,14.0,42.7,23.315
Възраждане,2023-05-09,14.3,9.5,11.5,42.7,23.315
Възраждане,2023-05-10,10.3,7.3,8.7,42.7,23.315
Възраждане,2023-05-11,12.9,7.1,10.1,42.7,23.315
Възраждане,2023-05-12,14.7,6.2,9.8,42.7,23.315
Възраждане,2023-05-13,18.7,6.9,12.6,42.7,23.315
Възраждане,2023-05-14,13.9,10.1,11.4,42.7,23.315
Възраждане,2023-05-15,15.9,8.6,12.1,42.7,23.315
Възраждане,2023-05-16,20.1,11.5,15.0,42.7,23.315
Възраждане,2023-05-17,19.6,11.1,14.5,42.7,23.315
Възраждане,2023-05-18,15.6,11.3,12.7,42.7,23.315
Възраждане,2023-05-19,19.7,6.9,14.1,42.7,23.315
Възраждане,2023-05-20,20.2,9.4,15.2,42.7,23.315
Възраждане,2023-05-21,20.3,9.7,15.0,42.7,23.315
Възраждане,2023-05-22,19.1,10.5,15.2,42.7,23.315
Възраждане,2023-05-23,21.2,7.1,15.2,42.7,23.315
Възраждане,2023-05-24,23.2,7.4,16.1,42.7,23.315
Възраждане,2023-05-25,21.1,10.3,16.0,42.7,23.315
Възраждане,2023-05-26,21.3,9.7,15.6,42.7,23.315
Възраждане,2023-05-27,21.1,8.4,15.5,42.7,23.315
Възраждане,2023-05-28,19.1,10.6,15.4,42.7,23.315
Възраждане,2023-05-29,20.6,12.8,16.4,42.7,23.315
Възраждане,2023-05-30,21.8,10.2,16.8,42.7,23.315
Възраждане,2023-05-31,22.1,12.1,17.0,42.7,23.315
Възраждане,2023-06-01,23.5,11.4,17.1,42.7,23.315
Възраждане,2023-06-02,23.4,12.2,18.0,42.7,23.315
Възраждане,2023-06-03,21.0,11.8,16.8,42.7,23.315
Възраждане,2023-06-04,20.5,12.9,16.6,42.7,23.315
Възраждане,2023-06-05,22.3,11.7,17.2,42.7,23.315
Възраждане,2023-06-06,23.5,12.2,17.7,42.7,23.315
Възраждане,2023-06-07,23.3,12.2,17.9,42.7,23.315
Възраждане,2023-06-08,24.9,12.9,18.8,42.7,23.315
Възраждане,2023-06-09,25.1,11.7,18.8,42.7,23.315
Възраждане,2023-06-10,23.5,13.6,18.5,42.7,23.315
Възраждане,2023-06-11,24.0,13.5,18.8,42.7,23.315
Възраждане,2023-06-12,24.2,13.5,18.1,42.7,23.315
Възраждане,2023-06-13,20.7,14.8,17.0,42.7,23.315
Възраждане,2023-06-14,22.5,13.7,18.3,42.7,23.315
Възраждане,2023-06-15,21.1,14.3,18.1,42.7,23.315
Възраждане,2023-06-16,22.6,15.6,18.3,42.7,23.315
Възраждане,2023-06-17,19.5,14.6,16.6,42.7,23.315
Възраждане,2023-06-18,21.5,14.1,17.2,42.7,23.315
Възраждане,2023-06-19,24.9,12.1,18.4,42.7,23.315
Възраждане,2023-06-20,25.0,10.9,19.0,42.7,23.315
Възраждане,2023-06-21,27.5,12.6,20.4,42.7,23.315
Възраждане,2023-06-22,28.9,14.2,21.6,42.7,23.315
Възраждане,2023-06-23,29.5,16.1,22.9,42.7,23.315
Възраждане,2023-06-24,29.1,16.2,22.8,42.7,23.315
Възраждане,2023-06-25,24.8,15.8,19.7,42.7,23.315
Възраждане,2023-06-26,24.1,15.6,20.0,42.7,23.315
Възраждане,2023-06-27,25.9,12.0,19.6,42.7,23.315
Възраждане,2023-06-28,24.9,13.7,18.7,42.7,23.315
Възраждане,2023-06-29,21.1,12.1,16.8,42.7,23.315
Възраждане,2023-06-30,25.5,9.9,18.3,42.7,23.315
Възраждане,2023-07-01,27.8,14.0,20.9,42.7,23.315
Възраждане,2023-07-02,23.6,15.2,19.5,42.7,23.315
Възраждане,2023-07-03,27.2,14.2,20.8,42.7,23.315
Възраждане,2023-07-04,28.5,13.9,21.6,42.7,23.315
Възраждане,2023-07-05,26.3,15.7,20.9,42.7,23.315
Възраждане,2023-07-06,25.3,15.5,20.4,42.7,23.315
Възраждане,2023-07-07,26.7,16.3,20.7,42.7,23.315
Възраждане,2023-07-08,24.9,15.4,20.2,42.7,23.315
Възраждане,2023-07-09,26.6,11.8,19.7,42.7,23.315
Възраждане,2023-07-10,28.0,12.4,20.9,42.7,23.315
Възраждане,2023-07-11,29.4,13.4,21.8,42.7,23.315
Възраждане,2023-07-12,32.5,15.9,24.6,42.7,23.315
Възраждане,2023-07-13,36.2,16.8,26.8,42.7,23.315
Възраждане,2023-07-14,31.9,18.8,25.6,42.7,23.315
Възраждане,2023-07-15,31.9,16.9,24.6,42.7,23.315
Възраждане,2023-07-16,32.0,19.3,25.9,42.7,23.315
Възраждане,2023-07-17,33.2,19.9,26.4,42.7,23.315
Възраждане,2023-07-18,33.3,18.4,25.9,42.7,23.315
Възраждане,2023-07-19,33.4,17.3,25.8,42.7,23.315
Възраждане,2023-07-20,31.3,17.6,24.8,42.7,23.315
Възраждане,2023-07-21,32.6,17.8,24.8,42.7,23.315
Възраждане,2023-07-22,35.0,19.5,26.5,42.7,23.315
Възраждане,2023-07-23,30.6,19.3,24.5,42.7,23.315
Възраждане,2023-07-24,32.9,15.5,24.5,42.7,23.315
Възраждане,2023-07-25,38.4,18.0,27.8,42.7,23.315
Възраждане,2023-07-26,34.8,20.0,27.2,42.7,23.315
Възраждане,2023-07-27,22.5,15.6,19.1,42.7,23.315
Възраждане,2023-07-28,28.8,9.8,19.7,42.7,23.315
Възраждане,2023-07-29,30.7,13.6,22.4,42.7,23.315
Възраждане,2023-07-30,31.6,15.2,23.9,42.7,23.315
Възраждане,2023-07-31,27.3,18.5,22.8,42.7,23.315
Възраждане,2023-08-01,29.8,14.0,22.5,42.7,23.315
Възраждане,2023-08-02,30.9,18.0,24.3,42.7,23.315
Възраждане,2023-08-03,34.9,18.4,26.5,42.7,23.315
Възраждане,2023-08-04,35.2,19.7,28.0,42.7,23.315
Възраждане,2023-08-05,33.6,20.1,27.6,42.7,23.315
Възраждане,2023-08-06,25.9,17.1,21.5,42.7,23.315
Възраждане,2023-08-07,25.4,14.5,19.4,42.7,23.315
Възраждане,2023-08-08,22.5,14.2,18.1,42.7,23.315
Възраждане,2023-08-09,26.6,9.0,17.9,42.7,23.315
Възраждане,2023-08-10,21.7,16.4,18.6,42.7,23.315
Възраждане,2023-08-11,25.3,11.4,18.4,42.7,23.315
Възраждане,2023-08-12,26.7,11.5,19.7,42.7,23.315
Възраждане,2023-08-13,27.4,15.1,21.5,42.7,23.315
Възраждане,2023-08-14,28.6,16.5,23.1,42.7,23.315
Възраждане,2023-08-15,25.7,18.8,21.6,42.7,23.315
Възраждане,2023-08-16,28.0,17.9,22.6,42.7,23.315
Възраждане,2023-08-17,30.8,16.7,24.5,42.7,23.315
Възраждане,2023-08-18,32.4,18.6,25.9,42.7,23.315
Възраждане,2023-08-19,31.0,18.9,25.2,42.7,23.315
Възраждане,2023-08-20,31.8,16.6,25.0,42.7,23.315
Възраждане,2023-08-21,33.1,17.2,25.9,42.7,23.315
Възраждане,2023-08-22,32.9,17.7,25.7,42.7,23.315
Възраждане,2023-08-23,33.1,19.5,26.4,42.7,23.315
Възраждане,2023-08-24,31.3,18.3,25.3,42.7,23.315
Възраждане,2023-08-25,32.5,17.2,24.5,42.7,23.315
Възраждане,2023-08-26,33.2,17.3,25.3,42.7,23.315
Възраждане,2023-08-27,32.9,19.2,25.7,42.7,23.315
Възраждане,2023-08-28,34.0,18.4,25.9,42.7,23.315
Възраждане,2023-08-29,29.2,19.2,23.7,42.7,23.315
Възраждане,2023-08-30,29.2,16.9,22.1,42.7,23.315
Възраждане,2023-08-31,26.9,14.6,20.6,42.7,23.315
Възраждане,2023-09-01,26.8,12.8,19.9,42.7,23.315
Възраждане,2023-09-02,27.7,13.0,20.5,42.7,23.315
Възраждане,2023-09-03,28.5,12.6,20.6,42.7,23.315
Възраждане,2023-09-04,19.3,14.8,15.9,42.7,23.315
Възраждане,2023-09-05,21.5,14.9,17.8,42.7,23.315
Възраждане,2023-09-06,23.9,14.7,19.4,42.7,23.315
Възраждане,2023-09-07,24.2,16.7,20.4,42.7,23.315
Възраждане,2023-09-08,24.8,12.4,20.0,42.7,23.315
Възраждане,2023-09-09,25.7,12.3,18.8,42.7,23.315
Възраждане,2023-09-10,26.0,12.6,19.0,42.7,23.315
Възраждане,2023-09-11,25.9,11.4,18.3,42.7,23.315
Възраждане,2023-09-12,28.1,11.5,19.2,42.7,23.315
Възраждане,2023-09-13,30.8,14.0,21.3,42.7,23.315
Възраждане,2023-09-14,30.0,16.1,22.4,42.7,23.315
Възраждане,2023-09-15,27.6,14.8,20.9,42.7,23.315
Възраждане,2023-09-16,22.9,15.3,18.8,42.7,23.315
Възраждане,2023-09-17,24.2,14.6,18.9,42.7,23.315
Възраждане,2023-09-18,24.8,14.7,19.4,42.7,23.315
Възраждане,2023-09-19,23.8,11.6,18.0,42.7,23.315
Възраждане,2023-09-20,26.2,13.8,19.1,42.7,23.315
Възраждане,2023-09-21,27.0,14.0,20.0,42.7,23.315
Възраждане,2023-09-22,30.1,14.2,21.6,42.7,23.315
Възраждане,2023-09-23,32.4,18.0,23.5,42.7,23.315
Възраждане,2023-09-24,28.2,16.8,21.8,42.7,23.315
Възраждане,2023-09-25,23.7,16.9,19.9,42.7,23.315
Възраждане,2023-09-26,23.4,15.9,19.5,42.7,23.315
Възраждане,2023-09-27,23.4,13.9,18.6,42.7,23.315
Възраждане,2023-09-28,23.4,14.2,18.7,42.7,23.315
Възраждане,2023-09-29,24.5,10.4,17.3,42.7,23.315
Възраждане,2023-09-30,25.4,9.1,17.0,42.7,23.315
Възраждане,2023-10-01,23.8,9.9,16.4,42.7,23.315
Възраждане,2023-10-02,22.2,11.7,16.1,42.7,23.315
Възраждане,2023-10-03,22.3,7.3,14.6,42.7,23.315
Възраждане,2023-10-04,26.0,9.7,16.5,42.7,23.315
Възраждане,2023-10-05,24.2,11.0,16.5,42.7,23.315
Възраждане,2023-10-06,22.4,10.0,15.7,42.7,23.315
Възраждане,2023-10-07,23.3,5.8,13.9,42.7,23.315
Възраждане,2023-10-08,24.3,7.1,15.7,42.7,23.315
Възраждане,2023-10-09,20.1,10.6,15.1,42.7,23.315
Възраждане,2023-10-10,20.9,10.4,15.1,42.7,23.315
Възраждане,2023-10-11,21.4,9.6,14.6,42.7,23.315
Възраждане,2023-10-12,23.0,7.3,14.9,42.7,23.315
Възраждане,2023-10-13,26.1,7.1,16.3,42.7,23.315
Възраждане,2023-10-14,25.6,9.0,16.5,42.7,23.315
Възраждане,2023-10-15,25.4,9.1,16.9,42.7,23.315
Възраждане,2023-10-16,15.5,7.4,11.1,42.7,23.315
Възраждане,2023-10-17,12.1,4.0,7.9,42.7,23.315
Възраждане,2023-10-18,14.8,6.4,10.2,42.7,23.315
Възраждане,2023-10-19,19.6,4.4,10.3,42.7,23.315
Възраждане,2023-10-20,27.2,8.8,17.0,42.7,23.315
Възраждане,2023-10-21,28.4,10.7,18.2,42.7,23.315
Възраждане,2023-10-22,26.0,12.8,18.6,42.7,23.315
Възраждане,2023-10-23,23.3,12.2,17.0,42.7,23.315
Възраждане,2023-10-24,23.9,9.0,15.4,42.7,23.315
Възраждане,2023-10-25,25.4,10.8,17.3,42.7,23.315
Възраждане,2023-10-26,22.9,13.2,17.3,42.7,23.315
Възраждане,2023-10-27,24.6,13.2,18.7,42.7,23.315
Възраждане,2023-10-28,24.9,12.6,17.9,42.7,23.315
Възраждане,2023-10-29,22.2,8.7,14.5,42.7,23.315
Възраждане,2023-10-30,22.2,9.3,14.1,42.7,23.315
Възраждане,2023-10-31,22.6,8.3,14.4,42.7,23.315
Възраждане,2023-11-01,18.0,8.8,13.7,42.7,23.315
Възраждане,2023-11-02,17.9,7.8,11.9,42.7,23.315
Възраждане,2023-11-03,18.1,8.2,12.0,42.7,23.315
Възраждане,2023-11-04,13.6,9.0,11.4,42.7,23.315
Възраждане,2023-11-05,19.0,5.8,11.6,42.7,23.315
Възраждане,2023-11-06,20.9,8.1,14.5,42.7,23.315
Възраждане,2023-11-07,18.5,6.9,11.0,42.7,23.315
Възраждане,2023-11-08,14.4,7.5,10.3,42.7,23.315
Възраждане,2023-11-09,11.9,3.2,7.2,42.7,23.315
Възраждане,2023-11-10,12.7,0.7,5.6,42.7,23.315
Възраждане,2023-11-11,13.7,5.3,8.9,42.7,23.315
Възраждане,2023-11-12,9.2,2.0,6.4,42.7,23.315
Възраждане,2023-11-13,12.7,3.2,6.7,42.7,23.315
Възраждане,2023-11-14,18.6,1.7,8.2,42.7,23.315
Възраждане,2023-11-15,16.0,4.6,9.0,42.7,23.315
Възраждане,2023-11-16,11.9,3.3,7.7,42.7,23.315
Възраждане,2023-11-17,11.8,1.9,6.3,42.7,23.315
Възраждане,2023-11-18,7.2,2.2,3.7,42.7,23.315
Възраждане,2023-11-19,4.6,1.1,2.7,42.7,23.315
Възраждане,2023-11-20,12.8,-2.0,4.1,42.7,23.315
Възраждане,2023-11-21,10.3,-0.6,3.5,42.7,23.315
Възраждане,2023-11-22,10.9,1.6,6.5,42.7,23.315
Възраждане,2023-11-23,9.7,5.9,7.9,42.7,23.315
Възраждане,2023-11-24,13.5,5.6,9.0,42.7,23.315
Възраждане,2023-11-25,10.0,0.1,4.1,42.7,23.315
Възраждане,2023-11-26,-0.1,-3.7,-1.8,42.7,23.315
Възраждане,2023-11-27,1.3,-4.3,-2.1,42.7,23.315
Възраждане,2023-11-28,1.5,-4.8,-0.8,42.7,23.315
Възраждане,2023-11-29,5.0,-2.0,2.3,42.7,23.315
Възраждане,2023-11-30,6.0,-3.9,-0.0,42.7,23.315
Възраждане,2023-12-01,17.4,-0.9,8.3,42.7,23.315
Възраждане,2023-12-02,14.8,4.8,10.4,42.7,23.315
Възраждане,2023-12-03,9.3,0.9,5.8,42.7,23.315
Възраждане,2023-12-04,2.9,-3.6,-0.9,42.7,23.315
Възраждане,2023-12-05,3.7,-1.3,0.9,42.7,23.315
Възраждане,2023-12-06,4.6,1.4,3.2,42.7,23.315
Възраждане,2023-12-07,4.6,1.2,2.8,42.7,23.315
Възраждане,2023-12-08,3.1,-0.8,1.1,42.7,23.315
Възраждане,2023-12-09,3.2,-3.3,0.6,42.7,23.315
Възраждане,2023-12-10,6.0,-4.3,0.0,42.7,23.315
Възраждане,2023-12-11,8.6,-0.6,2.7,42.7,23.315
Възраждане,2023-12-12,10.5,-0.8,3.8,42.7,23.315
Възраждане,2023-12-13,11.2,0.8,4.5,42.7,23.315
Възраждане,2023-12-14,13.1,2.7,6.4,42.7,23.315
Възраждане,2023-12-15,6.4,2.1,4.7,42.7,23.315
Възраждане,2023-12-16,2.1,0.2,1.1,42.7,23.315
Възраждане,2023-12-17,3.9,-4.0,-0.6,42.7,23.315
Възраждане,2023-12-18,9.5,-4.4,-0.3,42.7,23.315
Възраждане,2023-12-19,9.8,-4.9,1.0,42.7,23.315
Възраждане,2023-12-20,11.2,-5.2,0.7,42.7,23.315
Възраждане,2023-12-21,6.0,-3.9,0.6,42.7,23.315
Възраждане,2023-12-22,5.4,-3.3,1.8,42.7,23.315
Възраждане,2023-12-23,6.8,-1.4,2.2,42.7,23.315
Възраждане,2023-12-24,12.9,2.4,5.9,42.7,23.315
Възраждане,2023-12-25,13.6,0.1,4.3,42.7,23.315
Възраждане,2023-12-26,14.0,-1.9,3.3,42.7,23.315
Възраждане,2023-12-27,11.9,-0.8,3.1,42.7,23.315
Възраждане,2023-12-28,11.2,-3.3,2.5,42.7,23.315
Възраждане,2023-12-29,11.0,-3.7,2.5,42.7,23.315
Възраждане,2023-12-30,10.3,-3.2,1.2,42.7,23.315
Възраждане,2023-12-31,8.1,-2.6,2.0,42.7,23.315
Изгрев,2023-01-01,10.1,3.4,6.0,42.67,23.3483
Изгрев,2023-01-02,10.1,2.3,5.8,42.67,23.3483
Изгрев,2023-01-03,11.9,0.3,5.3,42.67,23.3483
Изгрев,2023-01-04,7.6,-0.0,4.2,42.67,23.3483
Изгрев,2023-01-05,11.8,0.7,5.1,42.67,23.3483
Изгрев,2023-01-06,9.9,0.6,4.9,42.67,23.3483
Изгрев,2023-01-07,9.4,-0.6,3.6,42.67,23.3483
Изгрев,2023-01-08,7.8,-2.5,2.1,42.67,23.3483
Изгрев,2023-01-09,4.6,-2.6,0.1,42.67,23.3483
Изгрев,2023-01-10,4.3,-0.2,2.1,42.67,23.3483
Изгрев,2023-01-11,4.5,-1.7,1.8,42.67,23.3483
Изгрев,2023-01-12,4.7,1.9,3.0,42.67,23.3483
Изгрев,2023-01-13,5.0,0.4,2.9,42.67,23.3483
Изгрев,2023-01-14,4.5,-1.9,1.4,42.67,23.3483
Изгрев,2023-01-15,7.3,-0.6,3.3,42.67,23.3483
Изгрев,2023-01-16,5.9,-1.6,1.3,42.67,23.3483
Изгрев,2023-01-17,13.8,1.2,5.9,42.67,23.3483
Изгрев,2023-01-18,16.4,5.3,9.6,42.67,23.3483
Изгрев,2023-01-19,17.9,4.7,10.2,42.67,23.3483
Изгрев,2023-01-20,9.7,1.3,6.0,42.67,23.3483
Изгрев,2023-01-21,8.7,-2.2,3.5,42.67,23.3483
Изгрев,2023-01-22,8.9,3.7,6.3,42.67,23.3483
Изгрев,2023-01-23,7.7,4.6,6.6,42.67,23.3483
Изгрев,2023-01-24,4.2,0.5,2.1,42.67,23.3483
Изгрев,2023-01-25,2.2,-0.2,0.6,42.67,23.3483
Изгрев,2023-01-26,1.8,-1.7,-0.4,42.67,23.3483
Изгрев,2023-01-27,2.9,-0.5,0.7,42.67,23.3483
Изгрев,2023-01-28,2.9,-1.2,0.2,42.67,23.3483
Изгрев,2023-01-29,1.7,-1.6,-0.1,42.67,23.3483
Изгрев,2023-01-30,2.0,-4.0,-1.3,42.67,23.3483
Изгрев,2023-01-31,2.8,-3.2,0.1,42.67,23.3483
Изгрев,2023-02-01,6.0,-2.4,0.9,42.67,23.3483
Изгрев,2023-02-02,7.2,-2.3,1.6,42.67,23.3483
Изгрев,2023-02-03,4.0,-3.1,0.6,42.67,23.3483
Изгрев,2023-02-04,4.2,-1.3,1.3,42.67,23.3483
Изгрев,2023-02-05,-1.1,-5.4,-3.7,42.67,23.3483
Изгрев,2023-02-06,-2.2,-8.2,-4.9,42.67,23.3483
Изгрев,2023-02-07,-0.6,-6.6,-4.1,42.67,23.3483
Изгрев,2023-02-08,-1.7,-7.9,-4.7,42.67,23.3483
Изгрев,2023-02-09,0.8,-8.1,-4.8,42.67,23.3483
Изгрев,2023-02-10,3.4,-8.0,-3.2,42.67,23.3483
Изгрев,2023-02-11,4.2,-7.0,-2.5,42.67,23.3483
Изгрев,2023-02-12,4.0,-4.6,-0.0,42.67,23.3483
Изгрев,2023-02-13,6.2,-4.7,0.1,42.67,23.3483
Изгрев,2023-02-14,4.2,-2.5,0.3,42.67,23.3483
Изгрев,2023-02-15,6.5,-2.2,1.4,42.67,23.3483
Изгрев,2023-02-16,11.9,-2.8,3.0,42.67,23.3483
Изгрев,2023-02-17,13.9,-0.6,4.4,42.67,23.3483
Изгрев,2023-02-18,15.6,-0.2,5.8,42.67,23.3483
Изгрев,2023-02-19,16.9,1.5,7.9,42.67,23.3483
Изгрев,2023-02-20,11.8,1.1,6.9,42.67,23.3483
Изгрев,2023-02-21,17.2,0.3,6.7,42.67,23.3483
Изгрев,2023-02-22,15.7,2.3,8.1,42.67,23.3483
Изгрев,2023-02-23,15.1,3.9,7.5,42.67,23.3483
Изгрев,2023-02-24,12.1,3.6,6.5,42.67,23.3483
Изгрев,2023-02-25,15.8,-0.5,7.5,42.67,23.3483
Изгрев,2023-02-26,19.3,5.4,11.4,42.67,23.3483
Изгрев,2023-02-27,12.4,2.9,7.3,42.67,23.3483
Изгрев,2023-02-28,10.7,3.3,6.8,42.67,23.3483
Изгрев,2023-03-01,7.7,3.6,5.3,42.67,23.3483
Изгрев,2023-03-02,6.6,3.6,4.8,42.67,23.3483
Изгрев,2023-03-03,5.6,2.9,4.0,42.67,23.3483
Изгрев,2023-03-04,8.5,0.6,4.2,42.67,23.3483
Изгрев,2023-03-05,9.7,1.3,4.9,42.67,23.3483
Изгрев,2023-03-06,11.9,-3.1,4.7,42.67,23.3483
Изгрев,2023-03-07,14.0,-0.9,5.9,42.67,23.3483
Изгрев,2023-03-08,14.1,1.6,7.6,42.67,23.3483
Изгрев,2023-03-09,18.1,3.9,9.6,42.67,23.3483
Изгрев,2023-03-10,16.3,5.8,9.2,42.67,23.3483
Изгрев,2023-03-11,14.7,4.9,9.0,42.67,23.3483
Изгрев,2023-03-12,7.8,-0.3,3.6,42.67,23.3483
Изгрев,2023-03-13,10.2,-4.0,3.1,42.67,23.3483
Изгрев,2023-03-14,14.9,-3.0,4.8,42.67,23.3483
Изгрев,2023-03-15,12.1,-0.2,5.4,42.67,23.3483
Изгрев,2023-03-16,5.9,0.6,2.4,42.67,23.3483
Изгрев,2023-03-17,8.2,0.2,3.2,42.67,23.3483
Изгрев,2023-03-18,8.4,-2.9,3.0,42.67,23.3483
Изгрев,2023-03-19,14.5,-1.2,5.7,42.67,23.3483
Изгрев,2023-03-20,18.9,2.8,9.6,42.67,23.3483
Изгрев,2023-03-21,15.7,6.7,10.5,42.67,23.3483
Изгрев,2023-03-22,12.6,5.9,8.8,42.67,23.3483
Изгрев,2023-03-23,14.9,1.9,7.9,42.67,23.3483
Изгрев,2023-03-24,18.3,4.0,10.0,42.67,23.3483
Изгрев,2023-03-25,19.7,7.0,11.9,42.67,23.3483
Изгрев,2023-03-26,15.4,5.7,9.8,42.67,23.3483
Изгрев,2023-03-27,16.0,2.7,8.0,42.67,23.3483
Изгрев,2023-03-28,5.7,-0.1,2.5,42.67,23.3483
Изгрев,2023-03-29,7.2,-2.0,2.0,42.67,23.3483
Изгрев,2023-03-30,13.5,-0.3,6.5,42.67,23.3483
Изгрев,2023-03-31,17.2,5.0,10.4,42.67,23.3483
Изгрев,2023-04-01,16.7,6.0,10.1,42.67,23.3483
Изгрев,2023-04-02,15.3,3.3,9.0,42.67,23.3483
Изгрев,2023-04-03,14.7,3.6,8.0,42.67,23.3483
Изгрев,2023-04-04,8.1,0.8,5.5,42.67,23.3483
Изгрев,2023-04-05,4.8,-0.8,1.6,42.67,23.3483
Изгрев,2023-04-06,6.0,-1.9,1.6,42.67,23.3483
Изгрев,2023-04-07,8.5,-3.0,3.0,42.67,23.3483
Изгрев,2023-04-08,11.0,0.2,5.6,42.67,23.3483
Изгрев,2023-04-09,11.6,4.0,7.1,42.67,23.3483
Изгрев,2023-04-10,10.1,3.7,6.8,42.67,23.3483
Изгрев,2023-04-11,12.6,4.0,7.8,42.67,23.3483
Изгрев,2023-04-12,12.4,4.6,8.4,42.67,23.3483
Изгрев,2023-04-13,19.8,2.6,10.1,42.67,23.3483
Изгрев,2023-04-14,20.2,5.9,10.6,42.67,23.3483
Изгрев,2023-04-15,16.8,2.8,10.2,42.67,23.3483
Изгрев,2023-04-16,16.9,5.1,10.8,42.67,23.3483
Изгрев,2023-04-17,15.3,6.9,9.9,42.67,23.3483
Изгрев,2023-04-18,13.2,8.1,9.8,42.67,23.3483
Изгрев,2023-04-19,14.4,5.6,9.6,42.67,23.3483
Изгрев,2023-04-20,13.6,4.4,8.9,42.67,23.3483
Изгрев,2023-04-21,15.2,3.6,10.0,42.67,23.3483
Изгрев,2023-04-22,15.3,5.9,10.3,42.67,23.3483
Изгрев,2023-04-23,16.1,4.0,10.0,42.67,23.3483
Изгрев,2023-04-24,19.3,4.6,10.7,42.67,23.3483
Изгрев,2023-04-25,14.8,7.0,10.9,42.67,23.3483
Изгрев,2023-04-26,14.3,4.9,9.5,42.67,23.3483
Изгрев,2023-04-27,11.9,3.6,8.2,42.67,23.3483
Изгрев,2023-04-28,15.3,2.0,7.8,42.67,23.3483
Изгрев,2023-04-29,15.1,3.9,9.5,42.67,23.3483
Изгрев,2023-04-30,17.0,7.0,12.0,42.67,23.3483
Изгрев,2023-05-01,18.3,5.9,12.2,42.67,23.3483
Изгрев,2023-05-02,18.9,6.2,12.6,42.67,23.3483
Изгрев,2023-05-03,17.1,9.0,11.8,42.67,23.3483
Изгрев,2023-05-04,14.1,8.5,10.8,42.67,23.3483
Изгрев,2023-05-05,16.8,5.6,11.5,42.67,23.3483
Изгрев,2023-05-06,17.6,6.3,12.4,42.67,23.3483
Изгрев,2023-05-07,20.9,8.5,14.0,42.67,23.3483
Изгрев,2023-05-08,19.5,8.4,13.5,42.67,23.3483
Изгрев,2023-05-09,13.2,9.3,11.0,42.67,23.3483
Изгрев,2023-05-10,10.2,7.2,8.4,42.67,23.3483
Изгрев,2023-05-11,13.1,6.9,9.9,42.67,23.3483
Изгрев,2023-05-12,14.3,6.3,9.6,42.67,23.3483
Изгрев,2023-05-13,18.0,7.0,12.2,42.67,23.3483
Изгрев,2023-05-14,14.0,10.2,11.4,42.67,23.3483
Изгрев,2023-05-15,16.6,8.7,12.3,42.67,23.3483
Изгрев,2023-05-16,20.0,11.7,14.7,42.67,23.3483
Изгрев,2023-05-17,19.1,10.9,14.2,42.67,23.3483
Изгрев,2023-05-18,14.6,10.5,12.2,42.67,23.3483
Изгрев,2023-05-19,19.3,7.5,13.7,42.67,23.3483
Изгрев,2023-05-20,19.7,10.2,14.8,42.67,23.3483
Изгрев,2023-05-21,19.9,10.8,14.8,42.67,23.3483
Изгрев,2023-05-22,19.3,9.9,14.6,42.67,23.3483
Изгрев,2023-05-23,20.9,7.7,15.3,42.67,23.3483
Изгрев,2023-05-24,22.9,7.4,16.5,42.67,23.3483
Изгрев,2023-05-25,20.2,11.0,16.2,42.67,23.3483
Изгрев,2023-05-26,20.2,9.6,15.9,42.67,23.3483
Изгрев,2023-05-27,20.1,9.0,15.6,42.67,23.3483
Изгрев,2023-05-28,18.3,9.7,14.9,42.67,23.3483
Изгрев,2023-05-29,20.2,12.2,15.8,42.67,23.3483
Изгрев,2023-05-30,21.2,11.7,16.5,42.67,23.3483
Изгрев,2023-05-31,21.8,12.2,17.0,42.67,23.3483
Изгрев,2023-06-01,23.2,12.2,17.1,42.67,23.3483
Изгрев,2023-06-02,23.2,12.6,17.9,42.67,23.3483
Изгрев,2023-06-03,20.2,12.6,16.6,42.67,23.3483
Изгрев,2023-06-04,20.2,13.5,16.3,42.67,23.3483
Изгрев,2023-06-05,22.0,10.7,16.7,42.67,23.3483
Изгрев,2023-06-06,22.8,11.9,17.1,42.67,23.3483
Изгрев,2023-06-07,22.1,11.9,17.4,42.67,23.3483
Изгрев,2023-06-08,24.2,12.1,18.3,42.67,23.3483
Изгрев,2023-06-09,24.5,11.8,18.2,42.67,23.3483
Изгрев,2023-06-10,23.2,14.2,18.1,42.67,23.3483
Изгрев,2023-06-11,23.3,13.6,18.4,42.67,23.3483
Изгрев,2023-06-12,24.1,13.8,17.9,42.67,23.3483
Изгрев,2023-06-13,19.3,13.8,16.5,42.67,23.3483
Изгрев,2023-06-14,22.1,13.8,17.9,42.67,23.3483
Изгрев,2023-06-15,21.0,14.3,17.8,42.67,23.3483
Изгрев,2023-06-16,22.4,15.2,17.9,42.67,23.3483
Изгрев,2023-06-17,19.7,14.4,16.1,42.67,23.3483
Изгрев,2023-06-18,21.1,13.7,16.9,42.67,23.3483
Изгрев,2023-06-19,24.7,12.0,18.4,42.67,23.3483
Изгрев,2023-06-20,24.8,12.3,19.5,42.67,23.3483
Изгрев,2023-06-21,26.8,15.4,21.1,42.67,23.3483
Изгрев,2023-06-22,27.8,15.2,21.8,42.67,23.3483
Изгрев,2023-06-23,29.1,17.3,22.8,42.67,23.3483
Изгрев,2023-06-24,28.7,15.6,22.2,42.67,23.3483
Изгрев,2023-06-25,24.4,16.3,19.5,42.67,23.3483
Изгрев,2023-06-26,23.9,15.5,19.7,42.67,23.3483
Изгрев,2023-06-27,25.2,13.9,19.8,42.67,23.3483
Изгрев,2023-06-28,24.8,14.2,18.8,42.67,23.3483
Изгрев,2023-06-29,21.0,12.4,16.6,42.67,23.3483
Изгрев,2023-06-30,25.5,12.9,18.5,42.67,23.3483
Изгрев,2023-07-01,26.7,14.2,20.5,42.67,23.3483
Изгрев,2023-07-02,22.9,15.4,19.4,42.67,23.3483
Изгрев,2023-07-03,26.6,14.9,21.0,42.67,23.3483
Изгрев,2023-07-04,28.4,16.1,22.4,42.67,23.3483
Изгрев,2023-07-05,26.2,18.6,21.5,42.67,23.3483
Изгрев,2023-07-06,25.2,15.6,20.5,42.67,23.3483
Изгрев,2023-07-07,26.2,16.3,20.5,42.67,23.3483
Изгрев,2023-07-08,24.9,15.6,20.3,42.67,23.3483
Изгрев,2023-07-09,26.6,13.1,20.1,42.67,23.3483
Изгрев,2023-07-10,27.6,14.0,21.4,42.67,23.3483
Изгрев,2023-07-11,29.1,15.3,22.8,42.67,23.3483
Изгрев,2023-07-12,32.7,19.1,25.5,42.67,23.3483
Изгрев,2023-07-13,35.4,20.1,27.3,42.67,23.3483
Изгрев,2023-07-14,32.0,18.9,26.0,42.67,23.3483
Изгрев,2023-07-15,31.6,19.5,25.4,42.67,23.3483
Изгрев,2023-07-16,32.0,18.9,25.9,42.67,23.3483
Изгрев,2023-07-17,33.2,20.4,27.3,42.67,23.3483
Изгрев,2023-07-18,33.0,21.0,27.3,42.67,23.3483
Изгрев,2023-07-19,32.9,18.5,26.1,42.67,23.3483
Изгрев,2023-07-20,31.5,18.1,24.9,42.67,23.3483
Изгрев,2023-07-21,32.9,18.0,25.1,42.67,23.3483
Изгрев,2023-07-22,35.5,18.6,26.8,42.67,23.3483
Изгрев,2023-07-23,30.6,20.2,25.5,42.67,23.3483
Изгрев,2023-07-24,33.0,18.2,25.4,42.67,23.3483
Изгрев,2023-07-25,37.8,19.7,28.6,42.67,23.3483
Изгрев,2023-07-26,34.8,20.3,26.9,42.67,23.3483
Изгрев,2023-07-27,22.5,16.0,19.2,42.67,23.3483
Изгрев,2023-07-28,29.1,12.3,20.2,42.67,23.3483
Изгрев,2023-07-29,30.8,16.1,23.9,42.67,23.3483
Изгрев,2023-07-30,31.4,18.1,25.0,42.67,23.3483
Изгрев,2023-07-31,27.4,18.8,23.0,42.67,23.3483
Изгрев,2023-08-01,29.6,15.5,22.7,42.67,23.3483
Изгрев,2023-08-02,31.1,18.3,24.7,42.67,23.3483
Изгрев,2023-08-03,35.1,19.5,27.4,42.67,23.3483
Изгрев,2023-08-04,35.5,21.7,29.0,42.67,23.3483
Изгрев,2023-08-05,33.5,21.6,27.6,42.67,23.3483
Изгрев,2023-08-06,26.0,16.9,21.5,42.67,23.3483
Изгрев,2023-08-07,26.5,14.6,19.6,42.67,23.3483
Изгрев,2023-08-08,22.6,14.5,18.1,42.67,23.3483
Изгрев,2023-08-09,26.4,10.7,18.1,42.67,23.3483
Изгрев,2023-08-10,21.3,15.5,17.9,42.67,23.3483
Изгрев,2023-08-11,25.1,12.3,18.6,42.67,23.3483
Изгрев,2023-08-12,26.4,12.0,19.8,42.67,23.3483
Изгрев,2023-08-13,26.7,17.6,21.9,42.67,23.3483
Изгрев,2023-08-14,27.9,15.0,22.3,42.67,23.3483
Изгрев,2023-08-15,24.7,18.7,21.5,42.67,23.3483
Изгрев,2023-08-16,27.3,18.1,22.4,42.67,23.3483
Изгрев,2023-08-17,31.5,16.6,24.1,42.67,23.3483
Изгрев,2023-08-18,32.6,17.7,25.4,42.67,23.3483
Изгрев,2023-08-19,30.9,17.8,24.4,42.67,23.3483
Изгрев,2023-08-20,31.3,17.7,24.7,42.67,23.3483
Изгрев,2023-08-21,32.5,18.0,26.1,42.67,23.3483
Изгрев,2023-08-22,32.4,18.5,25.9,42.67,23.3483
Изгрев,2023-08-23,32.7,21.3,27.2,42.67,23.3483
Изгрев,2023-08-24,30.6,18.7,25.7,42.67,23.3483
Изгрев,2023-08-25,32.1,18.7,24.8,42.67,23.3483
Изгрев,2023-08-26,33.0,20.2,25.9,42.67,23.3483
Изгрев,2023-08-27,32.4,17.9,25.2,42.67,23.3483
Изгрев,2023-08-28,33.6,17.4,25.1,42.67,23.3483
Изгрев,2023-08-29,29.0,19.0,23.2,42.67,23.3483
Изгрев,2023-08-30,27.9,16.6,21.8,42.67,23.3483
Изгрев,2023-08-31,26.9,15.5,20.7,42.67,23.3483
Изгрев,2023-09-01,27.2,13.5,20.2,42.67,23.3483
Изгрев,2023-09-02,27.7,14.6,21.4,42.67,23.3483
Изгрев,2023-09-03,28.3,15.9,21.8,42.67,23.3483
Изгрев,2023-09-04,20.6,14.3,15.8,42.67,23.3483
Изгрев,2023-09-05,21.5,15.0,17.6,42.67,23.3483
Изгрев,2023-09-06,23.5,13.3,18.9,42.67,23.3483
Изгрев,2023-09-07,24.1,16.2,20.1,42.67,23.3483
Изгрев,2023-09-08,24.3,13.6,19.7,42.67,23.3483
Изгрев,2023-09-09,25.3,13.6,18.9,42.67,23.3483
Изгрев,2023-09-10,25.6,13.4,19.3,42.67,23.3483
Изгрев,2023-09-11,25.5,10.5,18.4,42.67,23.3483
Изгрев,2023-09-12,27.6,12.6,19.2,42.67,23.3483
Изгрев,2023-09-13,30.1,12.9,20.6,42.67,23.3483
Изгрев,2023-09-14,29.5,15.3,21.8,42.67,23.3483
Изгрев,2023-09-15,27.0,14.8,20.5,42.67,23.3483
Изгрев,2023-09-16,23.0,15.9,18.8,42.67,23.3483
Изгрев,2023-09-17,23.7,15.3,18.8,42.67,23.3483
Изгрев,2023-09-18,24.4,15.2,19.3,42.67,23.3483
Изгрев,2023-09-19,23.8,11.7,17.7,42.67,23.3483
Изгрев,2023-09-20,25.9,14.5,19.6,42.67,23.3483
Изгрев,2023-09-21,26.8,14.9,19.9,42.67,23.3483
Изгрев,2023-09-22,29.0,14.0,20.5,42.67,23.3483
Изгрев,2023-09-23,31.7,15.0,22.0,42.67,23.3483
Изгрев,2023-09-24,27.7,16.8,21.7,42.67,23.3483
Изгрев,2023-09-25,23.6,17.1,20.0,42.67,23.3483
Изгрев,2023-09-26,22.7,13.7,18.6,42.67,23.3483
Изгрев,2023-09-27,23.1,12.9,17.8,42.67,23.3483
Изгрев,2023-09-28,22.9,12.4,18.0,42.67,23.3483
Изгрев,2023-09-29,24.3,11.9,17.9,42.67,23.3483
Изгрев,2023-09-30,24.5,10.4,17.7,42.67,23.3483
Изгрев,2023-10-01,23.5,10.4,16.6,42.67,23.3483
Изгрев,2023-10-02,21.6,12.1,16.0,42.67,23.3483
Изгрев,2023-10-03,21.9,9.0,15.1,42.67,23.3483
Изгрев,2023-10-04,25.5,9.5,16.9,42.67,23.3483
Изгрев,2023-10-05,23.9,11.5,17.1,42.67,23.3483
Изгрев,2023-10-06,21.9,10.5,16.3,42.67,23.3483
Изгрев,2023-10-07,23.5,8.1,14.6,42.67,23.3483
Изгрев,2023-10-08,24.1,7.2,15.8,42.67,23.3483
Изгрев,2023-10-09,20.2,11.3,15.8,42.67,23.3483
Изгрев,2023-10-10,20.8,11.0,15.6,42.67,23.3483
Изгрев,2023-10-11,20.9,8.8,14.6,42.67,23.3483
Изгрев,2023-10-12,22.4,6.3,13.7,42.67,23.3483
Изгрев,2023-10-13,25.7,11.3,17.1,42.67,23.3483
Изгрев,2023-10-14,25.3,11.2,16.9,42.67,23.3483
Изгрев,2023-10-15,25.9,12.1,17.3,42.67,23.3483
Изгрев,2023-10-16,15.2,7.2,11.0,42.67,23.3483
Изгрев,2023-10-17,11.6,4.3,7.7,42.67,23.3483
Изгрев,2023-10-18,14.6,5.1,9.9,42.67,23.3483
Изгрев,2023-10-19,18.1,3.5,9.6,42.67,23.3483
Изгрев,2023-10-20,27.3,7.6,15.8,42.67,23.3483
Изгрев,2023-10-21,28.6,9.4,17.1,42.67,23.3483
Изгрев,2023-10-22,26.1,12.1,18.4,42.67,23.3483
Изгрев,2023-10-23,23.2,14.1,17.8,42.67,23.3483
Изгрев,2023-10-24,23.0,11.6,16.0,42.67,23.3483
Изгрев,2023-10-25,25.4,10.0,16.6,42.67,23.3483
Изгрев,2023-10-26,23.1,11.0,16.3,42.67,23.3483
Изгрев,2023-10-27,24.5,11.6,17.2,42.67,23.3483
Изгрев,2023-10-28,24.8,13.2,17.7,42.67,23.3483
Изгрев,2023-10-29,21.9,11.5,15.7,42.67,23.3483
Изгрев,2023-10-30,21.4,9.5,13.9,42.67,23.3483
Изгрев,2023-10-31,22.2,6.9,13.9,42.67,23.3483
Изгрев,2023-11-01,18.4,9.4,13.6,42.67,23.3483
Изгрев,2023-11-02,16.9,8.5,12.0,42.67,23.3483
Изгрев,2023-11-03,18.2,7.8,12.2,42.67,23.3483
Изгрев,2023-11-04,12.6,9.0,11.1,42.67,23.3483
Изгрев,2023-11-05,18.9,4.4,10.9,42.67,23.3483
Изгрев,2023-11-06,20.3,8.7,13.7,42.67,23.3483
Изгрев,2023-11-07,17.4,7.6,12.0,42.67,23.3483
Изгрев,2023-11-08,13.8,7.1,10.0,42.67,23.3483
Изгрев,2023-11-09,11.4,2.3,7.0,42.67,23.3483
Изгрев,2023-11-10,12.2,0.3,5.4,42.67,23.3483
Изгрев,2023-11-11,14.7,5.1,9.0,42.67,23.3483
Изгрев,2023-11-12,8.6,3.6,6.2,42.67,23.3483
Изгрев,2023-11-13,12.3,3.1,7.2,42.67,23.3483
Изгрев,2023-11-14,18.5,3.9,9.9,42.67,23.3483
Изгрев,2023-11-15,16.1,5.6,9.6,42.67,23.3483
Изгрев,2023-11-16,11.9,3.9,8.0,42.67,23.3483
Изгрев,2023-11-17,11.8,1.9,6.3,42.67,23.3483
Изгрев,2023-11-18,7.0,2.1,3.6,42.67,23.3483
Изгрев,2023-11-19,5.0,0.8,2.7,42.67,23.3483
Изгрев,2023-11-20,13.1,0.2,5.3,42.67,23.3483
Изгрев,2023-11-21,10.5,2.3,5.0,42.67,23.3483
Изгрев,2023-11-22,10.6,1.4,6.5,42.67,23.3483
Изгрев,2023-11-23,9.7,5.3,7.5,42.67,23.3483
Изгрев,2023-11-24,12.5,4.7,8.0,42.67,23.3483
Изгрев,2023-11-25,8.0,-0.1,3.5,42.67,23.3483
Изгрев,2023-11-26,-0.3,-3.2,-1.8,42.67,23.3483
Изгрев,2023-11-27,2.5,-4.4,-1.6,42.67,23.3483
Изгрев,2023-11-28,1.9,-5.8,-0.8,42.67,23.3483
Изгрев,2023-11-29,4.9,-2.5,2.4,42.67,23.3483
Изгрев,2023-11-30,5.9,-3.1,0.1,42.67,23.3483
Изгрев,2023-12-01,15.9,0.2,7.3,42.67,23.3483
Изгрев,2023-12-02,11.9,4.8,8.0,42.67,23.3483
Изгрев,2023-12-03,8.3,1.0,5.3,42.67,23.3483
Изгрев,2023-12-04,2.4,-3.0,-1.0,42.67,23.3483
Изгрев,2023-12-05,3.9,-1.3,1.0,42.67,23.3483
Изгрев,2023-12-06,4.2,1.3,2.8,42.67,23.3483
Изгрев,2023-12-07,4.3,0.9,2.6,42.67,23.3483
Изгрев,2023-12-08,2.7,-0.3,1.0,42.67,23.3483
Изгрев,2023-12-09,3.1,-3.7,0.5,42.67,23.3483
Изгрев,2023-12-10,4.8,-3.8,-0.2,42.67,23.3483
Изгрев,2023-12-11,8.3,-0.4,3.1,42.67,23.3483
Изгрев,2023-12-12,10.6,1.0,4.8,42.67,23.3483
Изгрев,2023-12-13,9.7,0.0,4.4,42.67,23.3483
Изгрев,2023-12-14,12.9,2.9,6.1,42.67,23.3483
Изгрев,2023-12-15,6.1,1.7,4.6,42.67,23.3483
Изгрев,2023-12-16,2.1,-1.2,0.9,42.67,23.3483
Изгрев,2023-12-17,3.8,-4.1,-0.8,42.67,23.3483
Изгрев,2023-12-18,9.1,-3.5,0.4,42.67,23.3483
Изгрев,2023-12-19,9.5,-3.3,2.5,42.67,23.3483
Изгрев,2023-12-20,8.8,-0.8,2.8,42.67,23.3483
Изгрев,2023-12-21,6.3,-3.0,1.1,42.67,23.3483
Изгрев,2023-12-22,5.2,-1.7,1.8,42.67,23.3483
Изгрев,2023-12-23,7.0,-2.1,1.7,42.67,23.3483
Изгрев,2023-12-24,13.0,1.8,6.3,42.67,23.3483
Изгрев,2023-12-25,13.2,2.0,6.8,42.67,23.3483
Изгрев,2023-12-26,12.6,0.2,6.9,42.67,23.3483
Изгрев,2023-12-27,11.5,-0.5,3.7,42.67,23.3483
Изгрев,2023-12-28,9.8,0.5,4.7,42.67,23.3483
Изгрев,2023-12-29,9.7,1.1,5.2,42.67,23.3483
Изгрев,2023-12-30,9.8,0.5,3.6,42.67,23.3483
Изгрев,2023-12-31,7.3,1.3,3.6,42.67,23.3483
Илинден,2023-01-01,11.7,1.8,6.6,42.7128,23.29
Илинден,2023-01-02,12.5,4.7,7.4,42.7128,23.29
Илинден,2023-01-03,14.1,3.1,7.4,42.7128,23.29
Илинден,2023-01-04,7.9,4.5,5.8,42.7128,23.29
Илинден,2023-01-05,12.0,4.6,6.5,42.7128,23.29
Илинден,2023-01-06,10.0,3.3,6.4,42.7128,23.29
Илинден,2023-01-07,10.5,0.4,4.9,42.7128,23.29
Илинден,2023-01-08,9.0,1.4,4.9,42.7128,23.29
Илинден,2023-01-09,6.9,-1.4,2.1,42.7128,23.29
Илинден,2023-01-10,4.0,0.2,2.6,42.7128,23.29
Илинден,2023-01-11,4.2,-0.7,2.3,42.7128,23.29
Илинден,2023-01-12,4.6,2.0,3.1,42.7128,23.29
Илинден,2023-01-13,4.8,0.3,2.8,42.7128,23.29
Илинден,2023-01-14,5.2,-1.2,2.3,42.7128,23.29
Илинден,2023-01-15,8.0,0.5,3.5,42.7128,23.29
Илинден,2023-01-16,7.2,0.6,2.9,42.7128,23.29
Илинден,2023-01-17,13.3,0.8,6.3,42.7128,23.29
Илинден,2023-01-18,15.0,4.8,9.4,42.7128,23.29
Илинден,2023-01-19,16.9,4.5,11.1,42.7128,23.29
Илинден,2023-01-20,9.3,1.4,6.1,42.7128,23.29
Илинден,2023-01-21,9.1,-1.4,3.9,42.7128,23.29
Илинден,2023-01-22,9.3,3.3,6.1,42.7128,23.29
Илинден,2023-01-23,7.7,4.7,6.7,42.7128,23.29
Илинден,2023-01-24,4.5,0.5,2.3,42.7128,23.29
Илинден,2023-01-25,2.7,-0.4,0.6,42.7128,23.29
Илинден,2023-01-26,1.7,-1.8,-0.4,42.7128,23.29
Илинден,2023-01-27,3.1,-0.3,0.7,42.7128,23.29
Илинден,2023-01-28,2.5,-0.9,0.1,42.7128,23.29
Илинден,2023-01-29,1.6,-1.5,-0.1,42.7128,23.29
Илинден,2023-01-30,1.8,-2.6,-1.1,42.7128,23.29
Илинден,2023-01-31,3.1,-1.5,0.4,42.7128,23.29
Илинден,2023-02-01,5.9,-1.8,1.4,42.7128,23.29
Илинден,2023-02-02,7.1,-1.2,2.7,42.7128,23.29
Илинден,2023-02-03,3.8,-0.9,1.1,42.7128,23.29
Илинден,2023-02-04,4.1,-1.0,1.9,42.7128,23.29
Илинден,2023-02-05,-1.3,-5.6,-3.9,42.7128,23.29
Илинден,2023-02-06,-2.5,-8.1,-5.1,42.7128,23.29
Илинден,2023-02-07,-1.1,-6.7,-4.4,42.7128,23.29
Илинден,2023-02-08,-1.6,-8.0,-4.7,42.7128,23.29
Илинден,2023-02-09,0.5,-7.6,-4.8,42.7128,23.29
Илинден,2023-02-10,3.2,-7.3,-2.9,42.7128,23.29
Илинден,2023-02-11,4.2,-5.6,-1.8,42.7128,23.29
Илинден,2023-02-12,3.6,-2.2,0.1,42.7128,23.29
Илинден,2023-02-13,6.1,-2.7,0.8,42.7128,23.29
Илинден,2023-02-14,3.7,-1.1,0.7,42.7128,23.29
Илинден,2023-02-15,6.2,-1.0,1.9,42.7128,23.29
Илинден,2023-02-16,12.5,-2.1,3.3,42.7128,23.29
Илинден,2023-02-17,13.9,0.0,5.4,42.7128,23.29
Илинден,2023-02-18,15.4,1.1,6.7,42.7128,23.29
Илинден,2023-02-19,17.2,2.9,8.9,42.7128,23.29
Илинден,2023-02-20,11.5,4.6,7.6,42.7128,23.29
Илинден,2023-02-21,17.6,2.1,8.6,42.7128,23.29
Илинден,2023-02-22,16.0,4.3,9.1,42.7128,23.29
Илинден,2023-02-23,15.4,2.9,8.1,42.7128,23.29
Илинден,2023-02-24,12.7,4.9,7.7,42.7128,23.29
Илинден,2023-02-25,15.3,3.3,9.3,42.7128,23.29
Илинден,2023-02-26,18.0,7.8,12.3,42.7128,23.29
Илинден,2023-02-27,13.3,3.7,8.5,42.7128,23.29
Илинден,2023-02-28,11.3,4.1,7.2,42.7128,23.29
Илинден,2023-03-01,7.6,3.9,5.5,42.7128,23.29
Илинден,2023-03-02,7.3,4.0,5.2,42.7128,23.29
Илинден,2023-03-03,6.3,3.2,4.4,42.7128,23.29
Илинден,2023-03-04,9.3,1.1,4.7,42.7128,23.29
Илинден,2023-03-05,9.5,2.0,5.3,42.7128,23.29
Илинден,2023-03-06,11.7,-1.3,4.8,42.7128,23.29
Илинден,2023-03-07,14.0,1.6,7.3,42.7128,23.29
Илинден,2023-03-08,14.0,1.8,8.0,42.7128,23.29
Илинден,2023-03-09,18.0,3.5,10.1,42.7128,23.29
Илинден,2023-03-10,16.3,6.1,10.2,42.7128,23.29
Илинден,2023-03-11,14.6,4.8,9.8,42.7128,23.29
Илинден,2023-03-12,7.3,-0.4,3.2,42.7128,23.29
Илинден,2023-03-13,10.2,-3.1,3.2,42.7128,23.29
Илинден,2023-03-14,15.4,-0.4,6.9,42.7128,23.29
Илинден,2023-03-15,12.9,2.0,6.5,42.7128,23.29
Илинден,2023-03-16,5.5,0.7,2.4,42.7128,23.29
Илинден,2023-03-17,7.8,-0.1,3.2,42.7128,23.29
Илинден,2023-03-18,8.1,-1.6,3.2,42.7128,23.29
Илинден,2023-03-19,15.0,-1.4,6.1,42.7128,23.29
Илинден,2023-03-20,19.2,3.3,11.1,42.7128,23.29
Илинден,2023-03-21,15.6,7.0,11.5,42.7128,23.29
Илинден,2023-03-22,12.2,5.9,8.7,42.7128,23.29
Илинден,2023-03-23,14.9,3.6,8.6,42.7128,23.29
Илинден,2023-03-24,18.7,5.8,11.7,42.7128,23.29
Илинден,2023-03-25,19.7,5.5,12.7,42.7128,23.29
Илинден,2023-03-26,15.4,6.3,10.3,42.7128,23.29
Илинден,2023-03-27,15.2,4.6,9.0,42.7128,23.29
Илинден,2023-03-28,5.7,-0.2,2.4,42.7128,23.29
Илинден,2023-03-29,7.0,-2.1,2.0,42.7128,23.29
Илинден,2023-03-30,13.9,2.4,7.1,42.7128,23.29
Илинден,2023-03-31,17.0,5.0,10.9,42.7128,23.29
Илинден,2023-04-01,16.3,6.4,10.5,42.7128,23.29
Илинден,2023-04-02,15.2,5.3,9.6,42.7128,23.29
Илинден,2023-04-03,14.4,3.2,7.7,42.7128,23.29
Илинден,2023-04-04,8.6,0.2,5.0,42.7128,23.29
Илинден,2023-04-05,4.9,-0.6,1.6,42.7128,23.29
Илинден,2023-04-06,5.8,-1.8,1.6,42.7128,23.29
Илинден,2023-04-07,8.4,-0.3,3.7,42.7128,23.29
Илинден,2023-04-08,11.2,1.8,6.3,42.7128,23.29
Илинден,2023-04-09,10.9,4.2,7.0,42.7128,23.29
Илинден,2023-04-10,10.1,3.8,6.9,42.7128,23.29
Илинден,2023-04-11,11.8,3.6,7.6,42.7128,23.29
Илинден,2023-04-12,12.3,6.0,8.5,42.7128,23.29
Илинден,2023-04-13,19.1,1.2,10.3,42.7128,23.29
Илинден,2023-04-14,20.9,6.6,11.1,42.7128,23.29
Илинден,2023-04-15,16.4,3.7,10.2,42.7128,23.29
Илинден,2023-04-16,16.7,7.0,10.8,42.7128,23.29
Илинден,2023-04-17,14.7,7.6,10.0,42.7128,23.29
Илинден,2023-04-18,13.3,7.7,9.8,42.7128,23.29
Илинден,2023-04-19,14.4,6.4,9.5,42.7128,23.29
Илинден,2023-04-20,13.3,6.1,9.4,42.7128,23.29
Илинден,2023-04-21,15.3,6.4,10.7,42.7128,23.29
Илинден,2023-04-22,15.5,5.0,10.6,42.7128,23.29
Илинден,2023-04-23,16.8,6.1,10.7,42.7128,23.29
Илинден,2023-04-24,19.1,7.2,11.8,42.7128,23.29
Илинден,2023-04-25,14.8,8.1,11.5,42.7128,23.29
Илинден,2023-04-26,14.0,6.0,9.5,42.7128,23.29
Илинден,2023-04-27,11.4,4.0,8.0,42.7128,23.29
Илинден,2023-04-28,14.8,2.8,8.0,42.7128,23.29
Илинден,2023-04-29,15.0,4.1,10.0,42.7128,23.29
Илинден,2023-04-30,16.8,6.0,11.5,42.7128,23.29
Илинден,2023-05-01,18.0,6.5,12.3,42.7128,23.29
Илинден,2023-05-02,19.1,6.9,13.0,42.7128,23.29
Илинден,2023-05-03,17.7,9.0,12.0,42.7128,23.29
Илинден,2023-05-04,13.8,8.0,10.8,42.7128,23.29
Илинден,2023-05-05,16.4,6.1,11.4,42.7128,23.29
Илинден,2023-05-06,17.5,6.6,12.5,42.7128,23.29
Илинден,2023-05-07,21.0,10.0,15.1,42.7128,23.29
Илинден,2023-05-08,20.4,11.1,14.7,42.7128,23.29
Илинден,2023-05-09,13.5,9.3,11.2,42.7128,23.29
Илинден,2023-05-10,10.3,7.6,8.8,42.7128,23.29
Илинден,2023-05-11,13.3,7.5,10.4,42.7128,23.29
Илинден,2023-05-12,14.4,7.0,10.2,42.7128,23.29
Илинден,2023-05-13,18.3,7.7,12.7,42.7128,23.29
Илинден,2023-05-14,15.3,10.5,12.2,42.7128,23.29
Илинден,2023-05-15,17.8,9.6,13.1,42.7128,23.29
Илинден,2023-05-16,20.1,11.7,15.2,42.7128,23.29
Илинден,2023-05-17,19.0,11.4,14.4,42.7128,23.29
Илинден,2023-05-18,14.7,11.0,12.3,42.7128,23.29
Илинден,2023-05-19,19.0,7.9,13.7,42.7128,23.29
Илинден,2023-05-20,19.5,10.8,15.5,42.7128,23.29
Илинден,2023-05-21,19.4,10.2,14.7,42.7128,23.29
Илинден,2023-05-22,18.6,9.4,14.3,42.7128,23.29
Илинден,2023-05-23,20.6,8.9,15.5,42.7128,23.29
Илинден,2023-05-24,22.5,9.2,16.8,42.7128,23.29
Илинден,2023-05-25,20.3,11.9,16.6,42.7128,23.29
Илинден,2023-05-26,20.4,10.8,15.8,42.7128,23.29
Илинден,2023-05-27,20.7,9.4,15.5,42.7128,23.29
Илинден,2023-05-28,18.1,10.9,15.1,42.7128,23.29
Илинден,2023-05-29,19.8,12.6,15.8,42.7128,23.29
Илинден,2023-05-30,21.3,12.5,16.6,42.7128,23.29
Илинден,2023-05-31,21.7,11.8,17.0,42.7128,23.29
Илинден,2023-06-01,22.0,13.0,17.1,42.7128,23.29
Илинден,2023-06-02,22.7,12.8,18.3,42.7128,23.29
Илинден,2023-06-03,20.2,12.5,16.8,42.7128,23.29
Илинден,2023-06-04,20.1,13.5,16.2,42.7128,23.29
Илинден,2023-06-05,21.8,12.6,17.2,42.7128,23.29
Илинден,2023-06-06,22.6,11.5,17.2,42.7128,23.29
Илинден,2023-06-07,21.8,12.2,17.3,42.7128,23.29
Илинден,2023-06-08,24.2,12.1,18.3,42.7128,23.29
Илинден,2023-06-09,24.9,12.7,18.6,42.7128,23.29
Илинден,2023-06-10,23.0,15.1,18.2,42.7128,23.29
Илинден,2023-06-11,23.0,13.7,18.6,42.7128,23.29
Илинден,2023-06-12,23.1,15.1,18.1,42.7128,23.29
Илинден,2023-06-13,19.9,13.9,16.5,42.7128,23.29
Илинден,2023-06-14,22.2,14.2,18.0,42.7128,23.29
Илинден,2023-06-15,20.7,14.2,17.9,42.7128,23.29
Илинден,2023-06-16,21.6,15.4,17.9,42.7128,23.29
Илинден,2023-06-17,19.0,14.4,16.1,42.7128,23.29
Илинден,2023-06-18,20.7,14.0,16.9,42.7128,23.29
Илинден,2023-06-19,24.3,14.2,19.1,42.7128,23.29
Илинден,2023-06-20,24.3,14.3,19.9,42.7128,23.29
Илинден,2023-06-21,26.7,16.2,21.7,42.7128,23.29
Илинден,2023-06-22,28.2,16.1,22.3,42.7128,23.29
Илинден,2023-06-23,29.0,17.7,23.2,42.7128,23.29
Илинден,2023-06-24,28.8,18.4,23.0,42.7128,23.29
Илинден,2023-06-25,24.0,16.9,19.8,42.7128,23.29
Илинден,2023-06-26,23.6,15.9,19.9,42.7128,23.29
Илинден,2023-06-27,25.4,13.9,20.3,42.7128,23.29
Илинден,2023-06-28,24.8,15.3,19.0,42.7128,23.29
Илинден,2023-06-29,21.5,12.6,16.8,42.7128,23.29
Илинден,2023-06-30,25.8,12.0,18.9,42.7128,23.29
Илинден,2023-07-01,27.6,15.8,21.3,42.7128,23.29
Илинден,2023-07-02,23.6,15.7,19.8,42.7128,23.29
Илинден,2023-07-03,26.5,16.1,21.3,42.7128,23.29
Илинден,2023-07-04,28.2,15.7,22.2,42.7128,23.29
Илинден,2023-07-05,26.1,17.1,21.6,42.7128,23.29
Илинден,2023-07-06,24.8,16.6,20.7,42.7128,23.29
Илинден,2023-07-07,25.9,17.5,20.9,42.7128,23.29
Илинден,2023-07-08,24.3,16.0,20.1,42.7128,23.29
Илинден,2023-07-09,25.7,14.5,20.5,42.7128,23.29
Илинден,2023-07-10,27.6,14.5,21.5,42.7128,23.29
Илинден,2023-07-11,29.2,15.4,22.9,42.7128,23.29
Илинден,2023-07-12,32.8,18.5,25.4,42.7128,23.29
Илинден,2023-07-13,35.2,19.6,27.3,42.7128,23.29
Илинден,2023-07-14,31.6,20.7,26.1,42.7128,23.29
Илинден,2023-07-15,31.5,20.3,25.5,42.7128,23.29
Илинден,2023-07-16,31.8,20.9,26.4,42.7128,23.29
Илинден,2023-07-17,32.3,21.5,27.3,42.7128,23.29
Илинден,2023-07-18,32.8,21.3,27.4,42.7128,23.29
Илинден,2023-07-19,32.9,18.9,26.3,42.7128,23.29
Илинден,2023-07-20,31.3,18.8,25.1,42.7128,23.29
Илинден,2023-07-21,33.3,19.1,25.6,42.7128,23.29
Илинден,2023-07-22,35.3,19.7,27.0,42.7128,23.29
Илинден,2023-07-23,30.4,21.0,25.3,42.7128,23.29
Илинден,2023-07-24,33.1,18.2,25.8,42.7128,23.29
Илинден,2023-07-25,37.6,20.3,28.3,42.7128,23.29
Илинден,2023-07-26,34.2,21.0,27.4,42.7128,23.29
Илинден,2023-07-27,22.2,15.8,19.0,42.7128,23.29
Илинден,2023-07-28,29.1,11.4,20.4,42.7128,23.29
Илинден,2023-07-29,30.3,16.9,23.8,42.7128,23.29
Илинден,2023-07-30,31.5,17.6,24.8,42.7128,23.29
Илинден,2023-07-31,26.8,18.7,22.6,42.7128,23.29
Илинден,2023-08-01,30.0,16.1,22.9,42.7128,23.29
Илинден,2023-08-02,31.2,19.2,25.1,42.7128,23.29
Илинден,2023-08-03,34.4,19.7,27.3,42.7128,23.29
Илинден,2023-08-04,34.2,22.3,28.8,42.7128,23.29
Илинден,2023-08-05,33.3,20.5,26.9,42.7128,23.29
Илинден,2023-08-06,26.2,17.7,21.6,42.7128,23.29
Илинден,2023-08-07,26.1,15.1,19.5,42.7128,23.29
Илинден,2023-08-08,22.1,14.6,17.8,42.7128,23.29
Илинден,2023-08-09,25.8,11.2,18.1,42.7128,23.29
Илинден,2023-08-10,20.9,15.7,18.0,42.7128,23.29
Илинден,2023-08-11,24.3,12.4,18.2,42.7128,23.29
Илинден,2023-08-12,26.1,13.3,19.8,42.7128,23.29
Илинден,2023-08-13,26.2,16.1,21.4,42.7128,23.29
Илинден,2023-08-14,27.6,15.9,22.4,42.7128,23.29
Илинден,2023-08-15,25.2,18.5,21.2,42.7128,23.29
Илинден,2023-08-16,27.1,17.9,22.4,42.7128,23.29
Илинден,2023-08-17,30.5,17.2,23.9,42.7128,23.29
Илинден,2023-08-18,32.0,18.2,25.0,42.7128,23.29
Илинден,2023-08-19,30.4,17.8,24.3,42.7128,23.29
Илинден,2023-08-20,31.0,18.4,24.6,42.7128,23.29
Илинден,2023-08-21,32.4,19.6,26.4,42.7128,23.29
Илинден,2023-08-22,31.9,19.7,25.9,42.7128,23.29
Илинден,2023-08-23,32.4,21.5,27.0,42.7128,23.29
Илинден,2023-08-24,30.6,19.0,25.9,42.7128,23.29
Илинден,2023-08-25,32.3,18.9,25.2,42.7128,23.29
Илинден,2023-08-26,33.2,19.0,26.1,42.7128,23.29
Илинден,2023-08-27,32.0,20.1,25.7,42.7128,23.29
Илинден,2023-08-28,33.5,18.8,25.8,42.7128,23.29
Илинден,2023-08-29,28.9,18.8,23.4,42.7128,23.29
Илинден,2023-08-30,29.4,17.0,22.3,42.7128,23.29
Илинден,2023-08-31,27.2,15.6,21.1,42.7128,23.29
Илинден,2023-09-01,26.5,14.9,20.5,42.7128,23.29
Илинден,2023-09-02,27.9,15.3,21.4,42.7128,23.29
Илинден,2023-09-03,28.1,16.6,22.0,42.7128,23.29
Илинден,2023-09-04,19.3,15.0,15.9,42.7128,23.29
Илинден,2023-09-05,21.2,15.0,17.5,42.7128,23.29
Илинден,2023-09-06,23.5,14.8,19.1,42.7128,23.29
Илинден,2023-09-07,23.8,16.8,20.2,42.7128,23.29
Илинден,2023-09-08,24.3,14.3,19.7,42.7128,23.29
Илинден,2023-09-09,25.3,14.5,19.1,42.7128,23.29
Илинден,2023-09-10,25.7,15.4,19.9,42.7128,23.29
Илинден,2023-09-11,25.4,12.2,18.8,42.7128,23.29
Илинден,2023-09-12,27.5,13.9,20.0,42.7128,23.29
Илинден,2023-09-13,30.7,16.2,22.5,42.7128,23.29
Илинден,2023-09-14,29.4,18.4,23.0,42.7128,23.29
Илинден,2023-09-15,26.9,16.6,20.9,42.7128,23.29
Илинден,2023-09-16,23.2,16.0,19.2,42.7128,23.29
Илинден,2023-09-17,24.0,15.6,19.1,42.7128,23.29
Илинден,2023-09-18,24.5,15.2,19.2,42.7128,23.29
Илинден,2023-09-19,23.9,14.2,18.2,42.7128,23.29
Илинден,2023-09-20,25.7,15.1,19.3,42.7128,23.29
Илинден,2023-09-21,26.9,15.3,20.4,42.7128,23.29
Илинден,2023-09-22,30.7,14.8,21.9,42.7128,23.29
Илинден,2023-09-23,32.1,16.2,23.1,42.7128,23.29
Илинден,2023-09-24,27.9,16.9,22.0,42.7128,23.29
Илинден,2023-09-25,23.5,17.1,20.0,42.7128,23.29
Илинден,2023-09-26,23.0,15.5,19.1,42.7128,23.29
Илинден,2023-09-27,23.2,13.8,18.2,42.7128,23.29
Илинден,2023-09-28,22.9,13.0,18.2,42.7128,23.29
Илинден,2023-09-29,24.2,12.9,18.2,42.7128,23.29
Илинден,2023-09-30,24.7,11.9,18.4,42.7128,23.29
Илинден,2023-10-01,23.1,13.3,17.2,42.7128,23.29
Илинден,2023-10-02,21.8,12.4,16.4,42.7128,23.29
Илинден,2023-10-03,22.2,8.7,15.6,42.7128,23.29
Илинден,2023-10-04,24.9,12.7,18.1,42.7128,23.29
Илинден,2023-10-05,24.3,13.2,17.5,42.7128,23.29
Илинден,2023-10-06,21.7,12.6,16.4,42.7128,23.29
Илинден,2023-10-07,23.6,8.0,15.2,42.7128,23.29
Илинден,2023-10-08,24.2,10.2,17.1,42.7128,23.29
Илинден,2023-10-09,20.3,11.6,15.6,42.7128,23.29
Илинден,2023-10-10,20.7,11.4,15.8,42.7128,23.29
Илинден,2023-10-11,20.4,10.2,14.8,42.7128,23.29
Илинден,2023-10-12,23.4,9.8,15.7,42.7128,23.29
Илинден,2023-10-13,25.2,11.0,18.0,42.7128,23.29
Илинден,2023-10-14,25.5,12.8,17.9,42.7128,23.29
Илинден,2023-10-15,25.6,12.1,18.0,42.7128,23.29
Илинден,2023-10-16,14.8,8.1,10.9,42.7128,23.29
Илинден,2023-10-17,11.9,4.5,8.1,42.7128,23.29
Илинден,2023-10-18,15.0,7.8,10.5,42.7128,23.29
Илинден,2023-10-19,19.8,6.7,11.9,42.7128,23.29
Илинден,2023-10-20,26.8,11.5,18.3,42.7128,23.29
Илинден,2023-10-21,27.9,15.9,20.2,42.7128,23.29
Илинден,2023-10-22,25.5,15.4,19.9,42.7128,23.29
Илинден,2023-10-23,23.3,13.6,17.5,42.7128,23.29
Илинден,2023-10-24,24.0,10.8,16.5,42.7128,23.29
Илинден,2023-10-25,25.0,13.7,18.7,42.7128,23.29
Илинден,2023-10-26,22.9,13.4,17.4,42.7128,23.29
Илинден,2023-10-27,24.2,14.0,18.8,42.7128,23.29
Илинден,2023-10-28,24.5,13.1,18.4,42.7128,23.29
Илинден,2023-10-29,22.2,10.4,15.8,42.7128,23.29
Илинден,2023-10-30,22.5,11.4,15.5,42.7128,23.29
Илинден,2023-10-31,22.9,7.2,15.9,42.7128,23.29
Илинден,2023-11-01,18.4,10.0,14.5,42.7128,23.29
Илинден,2023-11-02,18.5,9.0,13.0,42.7128,23.29
Илинден,2023-11-03,20.3,9.6,13.7,42.7128,23.29
Илинден,2023-11-04,14.0,10.2,12.3,42.7128,23.29
Илинден,2023-11-05,18.8,6.0,12.8,42.7128,23.29
Илинден,2023-11-06,20.7,11.1,15.0,42.7128,23.29
Илинден,2023-11-07,19.2,8.5,12.6,42.7128,23.29
Илинден,2023-11-08,14.8,9.1,12.1,42.7128,23.29
Илинден,2023-11-09,12.3,4.4,8.1,42.7128,23.29
Илинден,2023-11-10,13.8,3.9,7.9,42.7128,23.29
Илинден,2023-11-11,14.1,6.5,9.8,42.7128,23.29
Илинден,2023-11-12,8.9,2.8,6.9,42.7128,23.29
Илинден,2023-11-13,13.1,4.7,7.7,42.7128,23.29
Илинден,2023-11-14,18.9,3.0,9.5,42.7128,23.29
Илинден,2023-11-15,17.6,6.0,9.8,42.7128,23.29
Илинден,2023-11-16,12.2,3.6,8.2,42.7128,23.29
Илинден,2023-11-17,12.8,4.7,7.9,42.7128,23.29
Илинден,2023-11-18,8.0,2.2,3.7,42.7128,23.29
Илинден,2023-11-19,5.2,1.0,3.0,42.7128,23.29
Илинден,2023-11-20,13.7,0.7,5.8,42.7128,23.29
Илинден,2023-11-21,11.3,4.0,6.7,42.7128,23.29
Илинден,2023-11-22,10.6,6.0,7.9,42.7128,23.29
Илинден,2023-11-23,10.4,6.2,8.1,42.7128,23.29
Илинден,2023-11-24,13.5,6.2,9.5,42.7128,23.29
Илинден,2023-11-25,9.3,0.1,4.1,42.7128,23.29
Илинден,2023-11-26,-0.1,-3.4,-1.7,42.7128,23.29
Илинден,2023-11-27,1.6,-2.9,-1.4,42.7128,23.29
Илинден,2023-11-28,4.1,-1.9,1.4,42.7128,23.29
Илинден,2023-11-29,4.2,0.0,2.8,42.7128,23.29
Илинден,2023-11-30,7.6,-1.4,2.2,42.7128,23.29
Илинден,2023-12-01,17.1,2.0,10.0,42.7128,23.29
Илинден,2023-12-02,15.8,7.7,11.9,42.7128,23.29
Илинден,2023-12-03,11.1,0.7,6.1,42.7128,23.29
Илинден,2023-12-04,3.1,-2.8,-0.6,42.7128,23.29
Илинден,2023-12-05,4.8,-0.7,1.7,42.7128,23.29
Илинден,2023-12-06,4.7,1.7,3.3,42.7128,23.29
Илинден,2023-12-07,4.3,1.1,3.0,42.7128,23.29
Илинден,2023-12-08,2.4,-0.6,0.9,42.7128,23.29
Илинден,2023-12-09,3.0,-1.6,0.2,42.7128,23.29
Илинден,2023-12-10,6.9,-1.9,1.4,42.7128,23.29
Илинден,2023-12-11,9.2,-0.6,3.5,42.7128,23.29
Илинден,2023-12-12,11.0,-0.3,4.5,42.7128,23.29
Илинден,2023-12-13,12.0,1.0,6.2,42.7128,23.29
Илинден,2023-12-14,14.3,4.8,7.9,42.7128,23.29
Илинден,2023-12-15,5.9,2.0,4.5,42.7128,23.29
Илинден,2023-12-16,2.0,-2.0,0.6,42.7128,23.29
Илинден,2023-12-17,4.1,-3.1,-0.4,42.7128,23.29
Илинден,2023-12-18,10.2,-2.5,1.9,42.7128,23.29
Илинден,2023-12-19,10.8,-2.1,3.5,42.7128,23.29
Илинден,2023-12-20,11.8,-0.2,3.9,42.7128,23.29
Илинден,2023-12-21,6.6,-2.4,1.9,42.7128,23.29
Илинден,2023-12-22,6.9,-2.4,2.9,42.7128,23.29
Илинден,2023-12-23,8.7,0.3,3.4,42.7128,23.29
Илинден,2023-12-24,13.1,3.2,7.8,42.7128,23.29
Илинден,2023-12-25,14.8,1.7,6.1,42.7128,23.29
Илинден,2023-12-26,15.0,1.3,5.8,42.7128,23.29
Илинден,2023-12-27,11.7,2.7,5.8,42.7128,23.29
Илинден,2023-12-28,12.4,1.0,5.8,42.7128,23.29
Илинден,2023-12-29,11.8,-0.3,4.2,42.7128,23.29
Илинден,2023-12-30,11.1,0.3,4.3,42.7128,23.29
Илинден,2023-12-31,9.4,0.0,4.6,42.7128,23.29
Искър,2023-01-01,10.6,4.0,6.5,42.6628,23.4186
Искър,2023-01-02,10.6,2.8,6.3,42.6628,23.4186
Искър,2023-01-03,12.4,0.9,5.9,42.6628,23.4186
Искър,2023-01-04,8.1,0.5,4.7,42.6628,23.4186
Искър,2023-01-05,12.4,1.2,5.7,42.6628,23.4186
Искър,2023-01-06,10.4,1.1,5.4,42.6628,23.4186
Искър,2023-01-07,9.9,-0.1,4.2,42.6628,23.4186
Искър,2023-01-08,8.4,-2.0,2.7,42.6628,23.4186
Искър,2023-01-09,5.2,-2.1,0.7,42.6628,23.4186
Искър,2023-01-10,4.8,0.3,2.7,42.6628,23.4186
Искър,2023-01-11,5.1,-1.2,2.3,42.6628,23.4186
Искър,2023-01-12,5.2,2.4,3.6,42.6628,23.4186
Искър,2023-01-13,5.6,0.9,3.5,42.6628,23.4186
Искър,2023-01-14,5.0,-1.4,1.9,42.6628,23.4186
Искър,2023-01-15,7.8,-0.1,3.9,42.6628,23.4186
Искър,2023-01-16,6.4,-1.1,1.9,42.6628,23.4186
Искър,2023-01-17,14.4,1.8,6.5,42.6628,23.4186
Искър,2023-01-18,17.0,5.8,10.1,42.6628,23.4186
Искър,2023-01-19,18.5,5.2,10.8,42.6628,23.4186
Искър,2023-01-20,10.2,1.8,6.5,42.6628,23.4186
Искър,2023-01-21,9.2,-1.6,4.0,42.6628,23.4186
Искър,2023-01-22,9.4,4.2,6.8,42.6628,23.4186
Искър,2023-01-23,8.2,5.1,7.1,42.6628,23.4186
Искър,2023-01-24,4.8,1.0,2.7,42.6628,23.4186
Искър,2023-01-25,2.8,0.3,1.1,42.6628,23.4186
Искър,2023-01-26,2.3,-1.1,0.2,42.6628,23.4186
Искър,2023-01-27,3.4,0.1,1.2,42.6628,23.4186
Искър,2023-01-28,3.4,-0.7,0.8,42.6628,23.4186
Искър,2023-01-29,2.2,-1.1,0.4,42.6628,23.4186
Искър,2023-01-30,2.5,-3.5,-0.8,42.6628,23.4186
Искър,2023-01-31,3.3,-2.7,0.6,42.6628,23.4186
Искър,2023-02-01,6.6,-1.9,1.4,42.6628,23.4186
Искър,2023-02-02,7.7,-1.8,2.1,42.6628,23.4186
Искър,2023-02-03,4.5,-2.6,1.1,42.6628,23.4186
Искър,2023-02-04,4.7,-0.8,1.8,42.6628,23.4186
Искър,2023-02-05,-0.6,-4.8,-3.1,42.6628,23.4186
Искър,2023-02-06,-1.6,-7.7,-4.3,42.6628,23.4186
Искър,2023-02-07,-0.1,-6.1,-3.6,42.6628,23.4186
Искър,2023-02-08,-1.2,-7.4,-4.1,42.6628,23.4186
Искър,2023-02-09,1.4,-7.6,-4.2,42.6628,23.4186
Искър,2023-02-10,4.0,-7.4,-2.7,42.6628,23.4186
Искър,2023-02-11,4.8,-6.4,-1.9,42.6628,23.4186
Искър,2023-02-12,4.5,-4.1,0.5,42.6628,23.4186
Искър,2023-02-13,6.7,-4.2,0.6,42.6628,23.4186
Искър,2023-02-14,4.7,-2.0,0.9,42.6628,23.4186
Искър,2023-02-15,7.0,-1.7,2.0,42.6628,23.4186
Искър,2023-02-16,12.4,-2.3,3.5,42.6628,23.4186
Искър,2023-02-17,14.4,-0.1,4.9,42.6628,23.4186
Искър,2023-02-18,16.1,0.3,6.4,42.6628,23.4186
Искър,2023-02-19,17.5,2.0,8.5,42.6628,23.4186
Искър,2023-02-20,12.4,1.6,7.4,42.6628,23.4186
Искър,2023-02-21,17.7,0.8,7.2,42.6628,23.4186
Искър,2023-02-22,16.2,2.8,8.7,42.6628,23.4186
Искър,2023-02-23,15.6,4.4,8.1,42.6628,23.4186
Искър,2023-02-24,12.6,4.2,7.1,42.6628,23.4186
Искър,2023-02-25,16.3,0.0,8.1,42.6628,23.4186
Искър,2023-02-26,19.9,5.9,12.0,42.6628,23.4186
Искър,2023-02-27,12.9,3.4,7.9,42.6628,23.4186
Искър,2023-02-28,11.2,3.8,7.3,42.6628,23.4186
Искър,2023-03-01,8.2,4.2,5.9,42.6628,23.4186
Искър,2023-03-02,7.1,4.2,5.3,42.6628,23.4186
Искър,2023-03-03,6.2,3.5,4.5,42.6628,23.4186
Искър,2023-03-04,9.0,1.1,4.7,42.6628,23.4186
Искър,2023-03-05,10.2,1.8,5.5,42.6628,23.4186
Искър,2023-03-06,12.4,-2.6,5.3,42.6628,23.4186
Искър,2023-03-07,14.5,-0.3,6.5,42.6628,23.4186
Искър,2023-03-08,14.6,2.2,8.1,42.6628,23.4186
Искър,2023-03-09,18.6,4.4,10.1,42.6628,23.4186
Искър,2023-03-10,16.8,6.3,9.8,42.6628,23.4186
Искър,2023-03-11,15.2,5.4,9.5,42.6628,23.4186
Искър,2023-03-12,8.3,0.2,4.1,42.6628,23.4186
Искър,2023-03-13,10.8,-3.5,3.7,42.6628,23.4186
Искър,2023-03-14,15.4,-2.5,5.3,42.6628,23.4186
Искър,2023-03-15,12.6,0.3,5.9,42.6628,23.4186
Искър,2023-03-16,6.4,1.1,3.0,42.6628,23.4186
Искър,2023-03-17,8.8,0.8,3.8,42.6628,23.4186
Искър,2023-03-18,8.9,-2.4,3.5,42.6628,23.4186
Искър,2023-03-19,15.1,-0.6,6.2,42.6628,23.4186
Искър,2023-03-20,19.4,3.3,10.1,42.6628,23.4186
Искър,2023-03-21,16.2,7.2,11.1,42.6628,23.4186
Искър,2023-03-22,13.1,6.4,9.3,42.6628,23.4186
Искър,2023-03-23,15.4,2.5,8.4,42.6628,23.4186
Искър,2023-03-24,18.9,4.5,10.5,42.6628,23.4186
Искър,2023-03-25,20.2,7.6,12.4,42.6628,23.4186
Искър,2023-03-26,15.9,6.2,10.4,42.6628,23.4186
Искър,2023-03-27,16.5,3.2,8.6,42.6628,23.4186
Искър,2023-03-28,6.2,0.4,3.1,42.6628,23.4186
Искър,2023-03-29,7.8,-1.5,2.6,42.6628,23.4186
Искър,2023-03-30,14.0,0.2,7.1,42.6628,23.4186
Искър,2023-03-31,17.7,5.5,10.9,42.6628,23.4186
Искър,2023-04-01,17.2,6.6,10.6,42.6628,23.4186
Искър,2023-04-02,15.8,3.8,9.5,42.6628,23.4186
Искър,2023-04-03,15.2,4.1,8.5,42.6628,23.4186
Искър,2023-04-04,8.6,1.3,6.0,42.6628,23.4186
Искър,2023-04-05,5.3,-0.3,2.1,42.6628,23.4186
Искър,2023-04-06,6.5,-1.4,2.2,42.6628,23.4186
Искър,2023-04-07,9.0,-2.5,3.6,42.6628,23.4186
Искър,2023-04-08,11.6,0.7,6.1,42.6628,23.4186
Искър,2023-04-09,12.1,4.5,7.7,42.6628,23.4186
Искър,2023-04-10,10.6,4.2,7.4,42.6628,23.4186
Искър,2023-04-11,13.1,4.5,8.3,42.6628,23.4186
Искър,2023-04-12,12.9,5.2,9.0,42.6628,23.4186
Искър,2023-04-13,20.3,3.1,10.7,42.6628,23.4186
Искър,2023-04-14,20.8,6.4,11.1,42.6628,23.4186
Искър,2023-04-15,17.3,3.3,10.7,42.6628,23.4186
Искър,2023-04-16,17.4,5.6,11.3,42.6628,23.4186
Искър,2023-04-17,15.9,7.4,10.4,42.6628,23.4186
Искър,2023-04-18,13.7,8.6,10.4,42.6628,23.4186
Искър,2023-04-19,14.9,6.1,10.1,42.6628,23.4186
Искър,2023-04-20,14.1,4.9,9.4,42.6628,23.4186
Искър,2023-04-21,15.7,4.1,10.5,42.6628,23.4186
Искър,2023-04-22,15.9,6.4,10.9,42.6628,23.4186
Искър,2023-04-23,16.6,4.5,10.5,42.6628,23.4186
Искър,2023-04-24,19.9,5.1,11.3,42.6628,23.4186
Искър,2023-04-25,15.3,7.5,11.4,42.6628,23.4186
Искър,2023-04-26,14.8,5.4,10.1,42.6628,23.4186
Искър,2023-04-27,12.4,4.2,8.8,42.6628,23.4186
Искър,2023-04-28,15.9,2.5,8.4,42.6628,23.4186
Искър,2023-04-29,15.6,4.4,10.0,42.6628,23.4186
Искър,2023-04-30,17.5,7.5,12.6,42.6628,23.4186
Искър,2023-05-01,18.8,6.4,12.7,42.6628,23.4186
Искър,2023-05-02,19.5,6.8,13.2,42.6628,23.4186
Искър,2023-05-03,17.6,9.5,12.3,42.6628,23.4186
Искър,2023-05-04,14.6,9.0,11.4,42.6628,23.4186
Искър,2023-05-05,17.3,6.1,12.0,42.6628,23.4186
Искър,2023-05-06,18.1,6.8,12.9,42.6628,23.4186
Искър,2023-05-07,21.5,9.1,14.6,42.6628,23.4186
Искър,2023-05-08,20.0,8.9,14.0,42.6628,23.4186
Искър,2023-05-09,13.7,9.8,11.6,42.6628,23.4186
Искър,2023-05-10,10.7,7.7,9.0,42.6628,23.4186
Искър,2023-05-11,13.6,7.4,10.4,42.6628,23.4186
Искър,2023-05-12,14.9,6.8,10.1,42.6628,23.4186
Искър,2023-05-13,18.5,7.6,12.8,42.6628,23.4186
Искър,2023-05-14,14.5,10.8,12.0,42.6628,23.4186
Искър,2023-05-15,17.1,9.2,12.8,42.6628,23.4186
Искър,2023-05-16,20.5,12.2,15.3,42.6628,23.4186
Искър,2023-05-17,19.6,11.4,14.8,42.6628,23.4186
Искър,2023-05-18,15.1,11.1,12.7,42.6628,23.4186
Искър,2023-05-19,19.9,8.1,14.2,42.6628,23.4186
Искър,2023-05-20,20.2,10.8,15.4,42.6628,23.4186
Искър,2023-05-21,20.4,11.3,15.3,42.6628,23.4186
Искър,2023-05-22,19.8,10.4,15.1,42.6628,23.4186
Искър,2023-05-23,21.5,8.2,15.9,42.6628,23.4186
Искър,2023-05-24,23.4,7.9,17.1,42.6628,23.4186
Искър,2023-05-25,20.8,11.6,16.7,42.6628,23.4186
Искър,2023-05-26,20.7,10.1,16.4,42.6628,23.4186
Искър,2023-05-27,20.6,9.6,16.1,42.6628,23.4186
Искър,2023-05-28,18.9,10.2,15.4,42.6628,23.4186
Искър,2023-05-29,20.7,12.8,16.4,42.6628,23.4186
Искър,2023-05-30,21.8,12.2,17.1,42.6628,23.4186
Искър,2023-05-31,22.3,12.7,17.6,42.6628,23.4186
Искър,2023-06-01,23.7,12.8,17.6,42.6628,23.4186
Искър,2023-06-02,23.8,13.1,18.4,42.6628,23.4186
Искър,2023-06-03,20.8,13.1,17.2,42.6628,23.4186
Искър,2023-06-04,20.8,14.0,16.8,42.6628,23.4186
Искър,2023-06-05,22.5,11.2,17.2,42.6628,23.4186
Искър,2023-06-06,23.3,12.4,17.6,42.6628,23.4186
Искър,2023-06-07,22.6,12.4,18.0,42.6628,23.4186
Искър,2023-06-08,24.7,12.6,18.8,42.6628,23.4186
Искър,2023-06-09,25.0,12.4,18.7,42.6628,23.4186
Искър,2023-06-10,23.7,14.7,18.6,42.6628,23.4186
Искър,2023-06-11,23.8,14.1,19.0,42.6628,23.4186
Искър,2023-06-12,24.6,14.3,18.4,42.6628,23.4186
Искър,2023-06-13,19.8,14.3,17.1,42.6628,23.4186
Искър,2023-06-14,22.6,14.4,18.5,42.6628,23.4186
Искър,2023-06-15,21.5,14.8,18.3,42.6628,23.4186
Искър,2023-06-16,23.0,15.7,18.5,42.6628,23.4186
Искър,2023-06-17,20.2,14.9,16.7,42.6628,23.4186
Искър,2023-06-18,21.6,14.2,17.4,42.6628,23.4186
Искър,2023-06-19,25.2,12.5,19.0,42.6628,23.4186
Искър,2023-06-20,25.4,12.9,20.0,42.6628,23.4186
Искър,2023-06-21,27.3,15.9,21.6,42.6628,23.4186
Искър,2023-06-22,28.4,15.8,22.3,42.6628,23.4186
Искър,2023-06-23,29.6,17.8,23.4,42.6628,23.4186
Искър,2023-06-24,29.2,16.1,22.7,42.6628,23.4186
Искър,2023-06-25,25.0,16.9,20.0,42.6628,23.4186
Искър,2023-06-26,24.5,16.0,20.3,42.6628,23.4186
Искър,2023-06-27,25.7,14.4,20.4,42.6628,23.4186
Искър,2023-06-28,25.3,14.7,19.4,42.6628,23.4186
Искър,2023-06-29,21.5,12.9,17.2,42.6628,23.4186
Искър,2023-06-30,26.0,13.4,19.1,42.6628,23.4186
Искър,2023-07-01,27.2,14.8,21.0,42.6628,23.4186
Искър,2023-07-02,23.5,15.9,20.0,42.6628,23.4186
Искър,2023-07-03,27.1,15.4,21.6,42.6628,23.4186
Искър,2023-07-04,28.9,16.6,23.0,42.6628,23.4186
Искър,2023-07-05,26.8,19.1,22.1,42.6628,23.4186
Искър,2023-07-06,25.8,16.1,21.0,42.6628,23.4186
Искър,2023-07-07,26.7,16.8,21.0,42.6628,23.4186
Искър,2023-07-08,25.4,16.1,20.8,42.6628,23.4186
Искър,2023-07-09,27.1,13.6,20.6,42.6628,23.4186
Искър,2023-07-10,28.1,14.5,22.0,42.6628,23.4186
Искър,2023-07-11,29.6,15.8,23.4,42.6628,23.4186
Искър,2023-07-12,33.2,19.6,26.1,42.6628,23.4186
Искър,2023-07-13,36.0,20.6,27.9,42.6628,23.4186
Искър,2023-07-14,32.5,19.5,26.5,42.6628,23.4186
Искър,2023-07-15,32.2,20.0,25.9,42.6628,23.4186
Искър,2023-07-16,32.5,19.5,26.5,42.6628,23.4186
Искър,2023-07-17,33.8,21.0,27.9,42.6628,23.4186
Искър,2023-07-18,33.5,21.5,27.8,42.6628,23.4186
Искър,2023-07-19,33.4,19.0,26.6,42.6628,23.4186
Искър,2023-07-20,32.0,18.6,25.5,42.6628,23.4186
Искър,2023-07-21,33.4,18.5,25.7,42.6628,23.4186
Искър,2023-07-22,36.0,19.1,27.3,42.6628,23.4186
Искър,2023-07-23,31.1,20.8,26.0,42.6628,23.4186
Искър,2023-07-24,33.5,18.7,26.0,42.6628,23.4186
Искър,2023-07-25,38.3,20.2,29.2,42.6628,23.4186
Искър,2023-07-26,35.3,20.8,27.4,42.6628,23.4186
Искър,2023-07-27,23.0,16.5,19.8,42.6628,23.4186
Искър,2023-07-28,29.6,12.9,20.8,42.6628,23.4186
Искър,2023-07-29,31.3,16.6,24.4,42.6628,23.4186
Искър,2023-07-30,32.0,18.6,25.6,42.6628,23.4186
Искър,2023-07-31,28.0,19.3,23.5,42.6628,23.4186
Искър,2023-08-01,30.1,16.0,23.2,42.6628,23.4186
Искър,2023-08-02,31.6,18.9,25.2,42.6628,23.4186
Искър,2023-08-03,35.7,20.0,27.9,42.6628,23.4186
Искър,2023-08-04,36.0,22.2,29.5,42.6628,23.4186
Искър,2023-08-05,34.0,22.1,28.1,42.6628,23.4186
Искър,2023-08-06,26.5,17.5,22.1,42.6628,23.4186
Искър,2023-08-07,27.0,15.1,20.2,42.6628,23.4186
Искър,2023-08-08,23.1,15.1,18.6,42.6628,23.4186
Искър,2023-08-09,27.0,11.2,18.6,42.6628,23.4186
Искър,2023-08-10,21.8,16.0,18.5,42.6628,23.4186
Искър,2023-08-11,25.6,12.8,19.1,42.6628,23.4186
Искър,2023-08-12,27.0,12.6,20.4,42.6628,23.4186
Искър,2023-08-13,27.2,18.1,22.5,42.6628,23.4186
Искър,2023-08-14,28.5,15.5,22.8,42.6628,23.4186
Искър,2023-08-15,25.2,19.2,22.0,42.6628,23.4186
Искър,2023-08-16,27.9,18.6,22.9,42.6628,23.4186
Искър,2023-08-17,32.0,17.1,24.7,42.6628,23.4186
Искър,2023-08-18,33.1,18.2,25.9,42.6628,23.4186
Искър,2023-08-19,31.5,18.3,25.0,42.6628,23.4186
Искър,2023-08-20,31.9,18.2,25.2,42.6628,23.4186
Искър,2023-08-21,33.0,18.5,26.7,42.6628,23.4186
Искър,2023-08-22,33.0,19.0,26.5,42.6628,23.4186
Искър,2023-08-23,33.2,21.9,27.7,42.6628,23.4186
Искър,2023-08-24,31.1,19.2,26.3,42.6628,23.4186
Искър,2023-08-25,32.6,19.2,25.4,42.6628,23.4186
Искър,2023-08-26,33.5,20.7,26.4,42.6628,23.4186
Искър,2023-08-27,33.0,18.5,25.7,42.6628,23.4186
Искър,2023-08-28,34.1,17.9,25.6,42.6628,23.4186
Искър,2023-08-29,29.5,19.5,23.7,42.6628,23.4186
Искър,2023-08-30,28.4,17.1,22.3,42.6628,23.4186
Искър,2023-08-31,27.5,16.0,21.3,42.6628,23.4186
Искър,2023-09-01,27.8,14.0,20.7,42.6628,23.4186
Искър,2023-09-02,28.2,15.1,22.0,42.6628,23.4186
Искър,2023-09-03,28.8,16.4,22.3,42.6628,23.4186
Искър,2023-09-04,21.1,14.8,16.4,42.6628,23.4186
Искър,2023-09-05,22.0,15.5,18.1,42.6628,23.4186
Искър,2023-09-06,24.0,13.9,19.5,42.6628,23.4186
Искър,2023-09-07,24.6,16.7,20.7,42.6628,23.4186
Искър,2023-09-08,24.9,14.1,20.2,42.6628,23.4186
Искър,2023-09-09,25.9,14.1,19.4,42.6628,23.4186
Искър,2023-09-10,26.1,13.9,19.9,42.6628,23.4186
Искър,2023-09-11,26.0,11.0,19.0,42.6628,23.4186
Искър,2023-09-12,28.1,13.1,19.8,42.6628,23.4186
Искър,2023-09-13,30.6,13.4,21.1,42.6628,23.4186
Искър,2023-09-14,30.0,15.9,22.4,42.6628,23.4186
Искър,2023-09-15,27.5,15.4,21.0,42.6628,23.4186
Искър,2023-09-16,23.5,16.5,19.3,42.6628,23.4186
Искър,2023-09-17,24.2,15.9,19.4,42.6628,23.4186
Искър,2023-09-18,24.9,15.8,19.8,42.6628,23.4186
Искър,2023-09-19,24.3,12.2,18.3,42.6628,23.4186
Искър,2023-09-20,26.4,15.0,20.1,42.6628,23.4186
Искър,2023-09-21,27.4,15.4,20.5,42.6628,23.4186
Искър,2023-09-22,29.5,14.6,21.0,42.6628,23.4186
Искър,2023-09-23,32.2,15.6,22.6,42.6628,23.4186
Искър,2023-09-24,28.2,17.4,22.2,42.6628,23.4186
Искър,2023-09-25,24.1,17.6,20.6,42.6628,23.4186
Искър,2023-09-26,23.2,14.2,19.2,42.6628,23.4186
Искър,2023-09-27,23.6,13.4,18.3,42.6628,23.4186
Искър,2023-09-28,23.4,12.9,18.5,42.6628,23.4186
Искър,2023-09-29,24.8,12.4,18.4,42.6628,23.4186
Искър,2023-09-30,25.0,10.9,18.3,42.6628,23.4186
Искър,2023-10-01,24.0,10.9,17.1,42.6628,23.4186
Искър,2023-10-02,22.1,12.6,16.6,42.6628,23.4186
Искър,2023-10-03,22.4,9.5,15.6,42.6628,23.4186
Искър,2023-10-04,26.0,10.0,17.4,42.6628,23.4186
Искър,2023-10-05,24.4,12.0,17.6,42.6628,23.4186
Искър,2023-10-06,22.5,11.1,16.9,42.6628,23.4186
Искър,2023-10-07,24.0,8.6,15.1,42.6628,23.4186
Искър,2023-10-08,24.6,7.8,16.4,42.6628,23.4186
Искър,2023-10-09,20.7,11.9,16.3,42.6628,23.4186
Искър,2023-10-10,21.4,11.5,16.1,42.6628,23.4186
Искър,2023-10-11,21.5,9.3,15.1,42.6628,23.4186
Искър,2023-10-12,23.0,6.8,14.3,42.6628,23.4186
Искър,2023-10-13,26.2,11.8,17.6,42.6628,23.4186
Искър,2023-10-14,25.9,11.8,17.4,42.6628,23.4186
Искър,2023-10-15,26.4,12.6,17.8,42.6628,23.4186
Искър,2023-10-16,15.7,7.7,11.5,42.6628,23.4186
Искър,2023-10-17,12.1,4.8,8.3,42.6628,23.4186
Искър,2023-10-18,15.1,5.7,10.5,42.6628,23.4186
Искър,2023-10-19,18.6,4.1,10.2,42.6628,23.4186
Искър,2023-10-20,27.8,8.1,16.4,42.6628,23.4186
Искър,2023-10-21,29.1,9.9,17.7,42.6628,23.4186
Искър,2023-10-22,26.6,12.6,18.9,42.6628,23.4186
Искър,2023-10-23,23.8,14.6,18.4,42.6628,23.4186
Искър,2023-10-24,23.5,12.1,16.6,42.6628,23.4186
Искър,2023-10-25,25.9,10.5,17.2,42.6628,23.4186
Искър,2023-10-26,23.6,11.6,16.9,42.6628,23.4186
Искър,2023-10-27,25.0,12.1,17.8,42.6628,23.4186
Искър,2023-10-28,25.3,13.7,18.3,42.6628,23.4186
Искър,2023-10-29,22.5,12.1,16.2,42.6628,23.4186
Искър,2023-10-30,21.9,10.1,14.5,42.6628,23.4186
Искър,2023-10-31,22.7,7.4,14.4,42.6628,23.4186
Искър,2023-11-01,18.9,9.9,14.1,42.6628,23.4186
Искър,2023-11-02,17.4,9.1,12.6,42.6628,23.4186
Искър,2023-11-03,18.7,8.3,12.8,42.6628,23.4186
Искър,2023-11-04,13.1,9.6,11.7,42.6628,23.4186
Искър,2023-11-05,19.5,4.9,11.4,42.6628,23.4186
Искър,2023-11-06,20.8,9.2,14.2,42.6628,23.4186
Искър,2023-11-07,18.0,8.1,12.6,42.6628,23.4186
Искър,2023-11-08,14.4,7.6,10.6,42.6628,23.4186
Искър,2023-11-09,11.9,2.8,7.5,42.6628,23.4186
Искър,2023-11-10,12.8,0.9,5.9,42.6628,23.4186
Искър,2023-11-11,15.2,5.7,9.6,42.6628,23.4186
Искър,2023-11-12,9.1,4.1,6.8,42.6628,23.4186
Искър,2023-11-13,12.9,3.6,7.7,42.6628,23.4186
Искър,2023-11-14,19.0,4.4,10.5,42.6628,23.4186
Искър,2023-11-15,16.6,6.1,10.1,42.6628,23.4186
Искър,2023-11-16,12.4,4.4,8.6,42.6628,23.4186
Искър,2023-11-17,12.3,2.5,6.9,42.6628,23.4186
Искър,2023-11-18,7.6,2.7,4.1,42.6628,23.4186
Искър,2023-11-19,5.6,1.4,3.2,42.6628,23.4186
Искър,2023-11-20,13.6,0.7,5.9,42.6628,23.4186
Искър,2023-11-21,11.0,2.8,5.5,42.6628,23.4186
Искър,2023-11-22,11.1,2.0,7.0,42.6628,23.4186
Искър,2023-11-23,10.2,5.8,8.1,42.6628,23.4186
Искър,2023-11-24,13.1,5.2,8.5,42.6628,23.4186
Искър,2023-11-25,8.6,0.4,4.1,42.6628,23.4186
Искър,2023-11-26,0.2,-2.7,-1.2,42.6628,23.4186
Искър,2023-11-27,3.0,-3.9,-1.0,42.6628,23.4186
Искър,2023-11-28,2.4,-5.3,-0.2,42.6628,23.4186
Искър,2023-11-29,5.4,-2.0,3.0,42.6628,23.4186
Искър,2023-11-30,6.4,-2.6,0.6,42.6628,23.4186
Искър,2023-12-01,16.5,0.8,7.8,42.6628,23.4186
Искър,2023-12-02,12.4,5.3,8.5,42.6628,23.4186
Искър,2023-12-03,8.8,1.5,5.8,42.6628,23.4186
Искър,2023-12-04,2.9,-2.5,-0.4,42.6628,23.4186
Искър,2023-12-05,4.4,-0.8,1.6,42.6628,23.4186
Искър,2023-12-06,4.7,1.8,3.4,42.6628,23.4186
Искър,2023-12-07,4.8,1.5,3.1,42.6628,23.4186
Искър,2023-12-08,3.2,0.2,1.6,42.6628,23.4186
Искър,2023-12-09,3.7,-3.2,1.0,42.6628,23.4186
Искър,2023-12-10,5.3,-3.2,0.4,42.6628,23.4186
Искър,2023-12-11,8.9,0.2,3.7,42.6628,23.4186
Искър,2023-12-12,11.1,1.5,5.3,42.6628,23.4186
Искър,2023-12-13,10.2,0.6,5.0,42.6628,23.4186
Искър,2023-12-14,13.4,3.5,6.6,42.6628,23.4186
Искър,2023-12-15,6.6,2.2,5.2,42.6628,23.4186
Искър,2023-12-16,2.7,-0.6,1.5,42.6628,23.4186
Искър,2023-12-17,4.3,-3.6,-0.3,42.6628,23.4186
Искър,2023-12-18,9.6,-3.0,1.0,42.6628,23.4186
Искър,2023-12-19,10.0,-2.8,3.0,42.6628,23.4186
Искър,2023-12-20,9.4,-0.3,3.3,42.6628,23.4186
Искър,2023-12-21,6.8,-2.5,1.7,42.6628,23.4186
Искър,2023-12-22,5.8,-1.2,2.3,42.6628,23.4186
Искър,2023-12-23,7.6,-1.6,2.3,42.6628,23.4186
Искър,2023-12-24,13.5,2.3,6.9,42.6628,23.4186
Искър,2023-12-25,13.7,2.5,7.3,42.6628,23.4186
Искър,2023-12-26,13.1,0.8,7.4,42.6628,23.4186
Искър,2023-12-27,12.1,0.0,4.2,42.6628,23.4186
Искър,2023-12-28,10.3,1.0,5.2,42.6628,23.4186
Искър,2023-12-29,10.2,1.6,5.8,42.6628,23.4186
Искър,2023-12-30,10.4,1.0,4.1,42.6628,23.4186
Искър,2023-12-31,7.8,1.8,4.2,42.6628,23.4186
Красна поляна,2023-01-01,10.8,0.9,5.7,42.7,23.25
Красна поляна,2023-01-02,11.6,3.8,6.5,42.7,23.25
Красна поляна,2023-01-03,13.2,2.2,6.5,42.7,23.25
Красна поляна,2023-01-04,7.0,3.5,4.9,42.7,23.25
Красна поляна,2023-01-05,11.1,3.7,5.6,42.7,23.25
Красна поляна,2023-01-06,9.1,2.3,5.5,42.7,23.25
Красна поляна,2023-01-07,9.6,-0.6,4.0,42.7,23.25
Красна поляна,2023-01-08,8.1,0.5,4.0,42.7,23.25
Красна поляна,2023-01-09,6.0,-2.3,1.2,42.7,23.25
Красна поляна,2023-01-10,3.1,-0.8,1.7,42.7,23.25
Красна поляна,2023-01-11,3.2,-1.6,1.3,42.7,23.25
Красна поляна,2023-01-12,3.7,1.1,2.1,42.7,23.25
Красна поляна,2023-01-13,3.8,-0.6,1.9,42.7,23.25
Красна поляна,2023-01-14,4.3,-2.1,1.4,42.7,23.25
Красна поляна,2023-01-15,7.1,-0.4,2.6,42.7,23.25
Красна поляна,2023-01-16,6.3,-0.3,2.0,42.7,23.25
Красна поляна,2023-01-17,12.4,-0.2,5.4,42.7,23.25
Красна поляна,2023-01-18,14.1,3.9,8.5,42.7,23.25
Красна поляна,2023-01-19,16.0,3.5,10.1,42.7,23.25
Красна поляна,2023-01-20,8.4,0.4,5.2,42.7,23.25
Красна поляна,2023-01-21,8.1,-2.3,3.0,42.7,23.25
Красна поляна,2023-01-22,8.4,2.3,5.2,42.7,23.25
Красна поляна,2023-01-23,6.8,3.8,5.8,42.7,23.25
Красна поляна,2023-01-24,3.5,-0.4,1.4,42.7,23.25
Красна поляна,2023-01-25,1.8,-1.3,-0.3,42.7,23.25
Красна поляна,2023-01-26,0.8,-2.7,-1.3,42.7,23.25
Красна поляна,2023-01-27,2.2,-1.2,-0.2,42.7,23.25
Красна поляна,2023-01-28,1.5,-1.9,-0.8,42.7,23.25
Красна поляна,2023-01-29,0.7,-2.4,-1.0,42.7,23.25
Красна поляна,2023-01-30,0.9,-3.5,-2.0,42.7,23.25
Красна поляна,2023-01-31,2.2,-2.5,-0.6,42.7,23.25
Красна поляна,2023-02-01,5.0,-2.8,0.5,42.7,23.25
Красна поляна,2023-02-02,6.2,-2.1,1.8,42.7,23.25
Красна поляна,2023-02-03,2.9,-1.9,0.2,42.7,23.25
Красна поляна,2023-02-04,3.2,-1.9,1.0,42.7,23.25
Красна поляна,2023-02-05,-2.2,-6.6,-4.8,42.7,23.25
Красна поляна,2023-02-06,-3.4,-9.1,-6.0,42.7,23.25
Красна поляна,2023-02-07,-2.0,-7.6,-5.3,42.7,23.25
Красна поляна,2023-02-08,-2.5,-8.9,-5.6,42.7,23.25
Красна поляна,2023-02-09,-0.4,-8.6,-5.7,42.7,23.25
Красна поляна,2023-02-10,2.3,-8.2,-3.8,42.7,23.25
Красна поляна,2023-02-11,3.2,-6.6,-2.7,42.7,23.25
Красна поляна,2023-02-12,2.7,-3.1,-0.8,42.7,23.25
Красна поляна,2023-02-13,5.2,-3.7,-0.1,42.7,23.25
Красна поляна,2023-02-14,2.8,-2.0,-0.2,42.7,23.25
Красна поляна,2023-02-15,5.3,-2.0,1.0,42.7,23.25
Красна поляна,2023-02-16,11.6,-3.0,2.3,42.7,23.25
Красна поляна,2023-02-17,13.0,-0.9,4.5,42.7,23.25
Красна поляна,2023-02-18,14.4,0.2,5.8,42.7,23.25
Красна поляна,2023-02-19,16.2,2.0,8.0,42.7,23.25
Красна поляна,2023-02-20,10.6,3.7,6.7,42.7,23.25
Красна поляна,2023-02-21,16.6,1.1,7.7,42.7,23.25
Красна поляна,2023-02-22,15.1,3.3,8.2,42.7,23.25
Красна поляна,2023-02-23,14.4,2.0,7.2,42.7,23.25
Красна поляна,2023-02-24,11.8,4.0,6.8,42.7,23.25
Красна поляна,2023-02-25,14.4,2.4,8.4,42.7,23.25
Красна поляна,2023-02-26,17.1,6.8,11.3,42.7,23.25
Красна поляна,2023-02-27,12.4,2.8,7.6,42.7,23.25
Красна поляна,2023-02-28,10.4,3.2,6.2,42.7,23.25
Красна поляна,2023-03-01,6.7,3.0,4.6,42.7,23.25
Красна поляна,2023-03-02,6.4,3.0,4.3,42.7,23.25
Красна поляна,2023-03-03,5.4,2.2,3.5,42.7,23.25
Красна поляна,2023-03-04,8.4,0.2,3.8,42.7,23.25
Красна поляна,2023-03-05,8.6,1.0,4.4,42.7,23.25
Красна поляна,2023-03-06,10.8,-2.2,3.9,42.7,23.25
Красна поляна,2023-03-07,13.1,0.7,6.3,42.7,23.25
Красна поляна,2023-03-08,13.1,0.9,7.1,42.7,23.25
Красна поляна,2023-03-09,17.0,2.5,9.2,42.7,23.25
Красна поляна,2023-03-10,15.4,5.2,9.3,42.7,23.25
Красна поляна,2023-03-11,13.6,3.8,8.9,42.7,23.25
Красна поляна,2023-03-12,6.3,-1.3,2.3,42.7,23.25
Красна поляна,2023-03-13,9.2,-4.1,2.2,42.7,23.25
Красна поляна,2023-03-14,14.4,-1.3,6.0,42.7,23.25
Красна поляна,2023-03-15,11.9,1.1,5.6,42.7,23.25
Красна поляна,2023-03-16,4.6,-0.2,1.5,42.7,23.25
Красна поляна,2023-03-17,6.9,-1.0,2.3,42.7,23.25
Красна поляна,2023-03-18,7.2,-2.5,2.3,42.7,23.25
Красна поляна,2023-03-19,14.1,-2.3,5.1,42.7,23.25
Красна поляна,2023-03-20,18.2,2.4,10.2,42.7,23.25
Красна поляна,2023-03-21,14.6,6.1,10.6,42.7,23.25
Красна поляна,2023-03-22,11.3,4.9,7.8,42.7,23.25
Красна поляна,2023-03-23,13.9,2.7,7.7,42.7,23.25
Красна поляна,2023-03-24,17.8,4.8,10.7,42.7,23.25
Красна поляна,2023-03-25,18.8,4.6,11.8,42.7,23.25
Красна поляна,2023-03-26,14.5,5.3,9.4,42.7,23.25
Красна поляна,2023-03-27,14.2,3.7,8.1,42.7,23.25
Красна поляна,2023-03-28,4.8,-1.1,1.5,42.7,23.25
Красна поляна,2023-03-29,6.1,-3.0,1.1,42.7,23.25
Красна поляна,2023-03-30,13.0,1.5,6.2,42.7,23.25
Красна поляна,2023-03-31,16.1,4.1,10.0,42.7,23.25
Красна поляна,2023-04-01,15.4,5.5,9.6,42.7,23.25
Красна поляна,2023-04-02,14.2,4.3,8.7,42.7,23.25
Красна поляна,2023-04-03,13.4,2.2,6.7,42.7,23.25
Красна поляна,2023-04-04,7.7,-0.8,4.1,42.7,23.25
Красна поляна,2023-04-05,4.0,-1.5,0.7,42.7,23.25
Красна поляна,2023-04-06,4.8,-2.7,0.7,42.7,23.25
Красна поляна,2023-04-07,7.5,-1.2,2.8,42.7,23.25
Красна поляна,2023-04-08,10.3,0.9,5.3,42.7,23.25
Красна поляна,2023-04-09,9.9,3.2,6.0,42.7,23.25
Красна поляна,2023-04-10,9.1,2.9,6.0,42.7,23.25
Красна поляна,2023-04-11,10.9,2.7,6.7,42.7,23.25
Красна поляна,2023-04-12,11.4,5.1,7.6,42.7,23.25
Красна поляна,2023-04-13,18.2,0.2,9.4,42.7,23.25
Красна поляна,2023-04-14,20.0,5.7,10.2,42.7,23.25
Красна поляна,2023-04-15,15.5,2.8,9.3,42.7,23.25
Красна поляна,2023-04-16,15.8,6.1,9.9,42.7,23.25
Красна поляна,2023-04-17,13.8,6.7,9.1,42.7,23.25
Красна поляна,2023-04-18,12.4,6.8,8.9,42.7,23.25
Красна поляна,2023-04-19,13.4,5.4,8.6,42.7,23.25
Красна поляна,2023-04-20,12.4,5.2,8.5,42.7,23.25
Красна поляна,2023-04-21,14.4,5.5,9.8,42.7,23.25
Красна поляна,2023-04-22,14.6,4.1,9.6,42.7,23.25
Красна поляна,2023-04-23,15.9,5.2,9.8,42.7,23.25
Красна поляна,2023-04-24,18.2,6.3,10.9,42.7,23.25
Красна поляна,2023-04-25,13.9,7.2,10.6,42.7,23.25
Красна поляна,2023-04-26,13.1,5.1,8.6,42.7,23.25
Красна поляна,2023-04-27,10.5,3.0,7.1,42.7,23.25
Красна поляна,2023-04-28,13.9,1.9,7.1,42.7,23.25
Красна поляна,2023-04-29,14.1,3.2,9.1,42.7,23.25
Красна поляна,2023-04-30,15.9,5.1,10.6,42.7,23.25
Красна поляна,2023-05-01,17.0,5.6,11.3,42.7,23.25
Красна поляна,2023-05-02,18.1,5.9,12.1,42.7,23.25
Красна поляна,2023-05-03,16.8,8.1,11.1,42.7,23.25
Красна поляна,2023-05-04,12.9,7.1,9.9,42.7,23.25
Красна поляна,2023-05-05,15.4,5.2,10.5,42.7,23.25
Красна поляна,2023-05-06,16.5,5.7,11.6,42.7,23.25
Красна поляна,2023-05-07,20.0,9.1,14.2,42.7,23.25
Красна поляна,2023-05-08,19.5,10.2,13.7,42.7,23.25
Красна поляна,2023-05-09,12.6,8.4,10.3,42.7,23.25
Красна поляна,2023-05-10,9.4,6.7,7.9,42.7,23.25
Красна поляна,2023-05-11,12.4,6.6,9.4,42.7,23.25
Красна поляна,2023-05-12,13.5,6.1,9.2,42.7,23.25
Красна поляна,2023-05-13,17.4,6.8,11.8,42.7,23.25
Красна поляна,2023-05-14,14.4,9.6,11.3,42.7,23.25
Красна поляна,2023-05-15,16.9,8.6,12.2,42.7,23.25
Красна поляна,2023-05-16,19.2,10.8,14.2,42.7,23.25
Красна поляна,2023-05-17,18.1,10.5,13.5,42.7,23.25
Красна поляна,2023-05-18,13.8,10.1,11.4,42.7,23.25
Красна поляна,2023-05-19,18.1,6.9,12.7,42.7,23.25
Красна поляна,2023-05-20,18.6,9.9,14.6,42.7,23.25
Красна поляна,2023-05-21,18.5,9.3,13.8,42.7,23.25
Красна поляна,2023-05-22,17.6,8.5,13.4,42.7,23.25
Красна поляна,2023-05-23,19.7,8.0,14.6,42.7,23.25
Красна поляна,2023-05-24,21.5,8.2,15.9,42.7,23.25
Красна поляна,2023-05-25,19.4,11.0,15.7,42.7,23.25
Красна поляна,2023-05-26,19.5,9.9,14.9,42.7,23.25
Красна поляна,2023-05-27,19.8,8.4,14.6,42.7,23.25
Красна поляна,2023-05-28,17.2,9.9,14.2,42.7,23.25
Красна поляна,2023-05-29,18.9,11.7,14.9,42.7,23.25
Красна поляна,2023-05-30,20.4,11.6,15.7,42.7,23.25
Красна поляна,2023-05-31,20.8,10.9,16.1,42.7,23.25
Красна поляна,2023-06-01,21.1,12.1,16.2,42.7,23.25
Красна поляна,2023-06-02,21.8,11.9,17.4,42.7,23.25
Красна поляна,2023-06-03,19.2,11.6,15.9,42.7,23.25
Красна поляна,2023-06-04,19.1,12.6,15.3,42.7,23.25
Красна поляна,2023-06-05,20.9,11.6,16.3,42.7,23.25
Красна поляна,2023-06-06,21.6,10.6,16.3,42.7,23.25
Красна поляна,2023-06-07,20.9,11.3,16.4,42.7,23.25
Красна поляна,2023-06-08,23.3,11.1,17.4,42.7,23.25
Красна поляна,2023-06-09,24.0,11.8,17.6,42.7,23.25
Красна поляна,2023-06-10,22.1,14.2,17.2,42.7,23.25
Красна поляна,2023-06-11,22.1,12.8,17.7,42.7,23.25
Красна поляна,2023-06-12,22.2,14.1,17.2,42.7,23.25
Красна поляна,2023-06-13,19.0,12.9,15.6,42.7,23.25
Красна поляна,2023-06-14,21.2,13.2,17.1,42.7,23.25
Красна поляна,2023-06-15,19.8,13.3,17.0,42.7,23.25
Красна поляна,2023-06-16,20.6,14.5,17.0,42.7,23.25
Красна поляна,2023-06-17,18.1,13.4,15.2,42.7,23.25
Красна поляна,2023-06-18,19.8,13.1,16.0,42.7,23.25
Красна поляна,2023-06-19,23.4,13.2,18.1,42.7,23.25
Красна поляна,2023-06-20,23.4,13.4,19.0,42.7,23.25
Красна поляна,2023-06-21,25.8,15.2,20.7,42.7,23.25
Красна поляна,2023-06-22,27.2,15.1,21.4,42.7,23.25
Красна поляна,2023-06-23,28.0,16.8,22.3,42.7,23.25
Красна поляна,2023-06-24,27.9,17.5,22.1,42.7,23.25
Красна поляна,2023-06-25,23.1,15.9,18.9,42.7,23.25
Красна поляна,2023-06-26,22.7,14.9,18.9,42.7,23.25
Красна поляна,2023-06-27,24.5,13.0,19.3,42.7,23.25
Красна поляна,2023-06-28,23.9,14.4,18.1,42.7,23.25
Красна поляна,2023-06-29,20.5,11.6,15.9,42.7,23.25
Красна поляна,2023-06-30,24.9,11.1,17.9,42.7,23.25
Красна поляна,2023-07-01,26.6,14.9,20.4,42.7,23.25
Красна поляна,2023-07-02,22.6,14.8,18.9,42.7,23.25
Красна поляна,2023-07-03,25.6,15.1,20.4,42.7,23.25
Красна поляна,2023-07-04,27.2,14.8,21.3,42.7,23.25
Красна поляна,2023-07-05,25.1,16.2,20.7,42.7,23.25
Красна поляна,2023-07-06,23.9,15.7,19.8,42.7,23.25
Красна поляна,2023-07-07,25.0,16.6,20.0,42.7,23.25
Красна поляна,2023-07-08,23.4,15.1,19.2,42.7,23.25
Красна поляна,2023-07-09,24.8,13.6,19.6,42.7,23.25
Красна поляна,2023-07-10,26.7,13.6,20.6,42.7,23.25
Красна поляна,2023-07-11,28.3,14.4,22.0,42.7,23.25
Красна поляна,2023-07-12,31.9,17.6,24.5,42.7,23.25
Красна поляна,2023-07-13,34.3,18.6,26.4,42.7,23.25
Красна поляна,2023-07-14,30.6,19.8,25.2,42.7,23.25
Красна поляна,2023-07-15,30.5,19.4,24.6,42.7,23.25
Красна поляна,2023-07-16,30.9,20.0,25.5,42.7,23.25
Красна поляна,2023-07-17,31.4,20.5,26.3,42.7,23.25
Красна поляна,2023-07-18,31.9,20.4,26.5,42.7,23.25
Красна поляна,2023-07-19,32.0,18.0,25.4,42.7,23.25
Красна поляна,2023-07-20,30.4,17.9,24.2,42.7,23.25
Красна поляна,2023-07-21,32.3,18.2,24.7,42.7,23.25
Красна поляна,2023-07-22,34.4,18.8,26.1,42.7,23.25
Красна поляна,2023-07-23,29.5,20.1,24.4,42.7,23.25
Красна поляна,2023-07-24,32.2,17.2,24.9,42.7,23.25
Красна поляна,2023-07-25,36.7,19.4,27.4,42.7,23.25
Красна поляна,2023-07-26,33.3,20.0,26.5,42.7,23.25
Красна поляна,2023-07-27,21.3,14.9,18.0,42.7,23.25
Красна поляна,2023-07-28,28.2,10.4,19.4,42.7,23.25
Красна поляна,2023-07-29,29.4,15.9,22.8,42.7,23.25
Красна поляна,2023-07-30,30.6,16.6,23.9,42.7,23.25
Красна поляна,2023-07-31,25.9,17.8,21.7,42.7,23.25
Красна поляна,2023-08-01,29.1,15.1,22.0,42.7,23.25
Красна поляна,2023-08-02,30.2,18.3,24.1,42.7,23.25
Красна поляна,2023-08-03,33.5,18.8,26.4,42.7,23.25
Красна поляна,2023-08-04,33.3,21.4,27.9,42.7,23.25
Красна поляна,2023-08-05,32.3,19.6,26.0,42.7,23.25
Красна поляна,2023-08-06,25.2,16.8,20.7,42.7,23.25
Красна поляна,2023-08-07,25.2,14.1,18.5,42.7,23.25
Красна поляна,2023-08-08,21.1,13.7,16.8,42.7,23.25
Красна поляна,2023-08-09,24.9,10.2,17.2,42.7,23.25
Красна поляна,2023-08-10,20.0,14.8,17.1,42.7,23.25
Красна поляна,2023-08-11,23.4,11.4,17.3,42.7,23.25
Красна поляна,2023-08-12,25.1,12.4,18.9,42.7,23.25
Красна поляна,2023-08-13,25.2,15.2,20.5,42.7,23.25
Красна поляна,2023-08-14,26.7,15.0,21.5,42.7,23.25
Красна поляна,2023-08-15,24.3,17.5,20.3,42.7,23.25
Красна поляна,2023-08-16,26.2,17.0,21.4,42.7,23.25
Красна поляна,2023-08-17,29.6,16.3,23.0,42.7,23.25
Красна поляна,2023-08-18,31.1,17.3,24.1,42.7,23.25
Красна поляна,2023-08-19,29.5,16.9,23.4,42.7,23.25
Красна поляна,2023-08-20,30.0,17.5,23.7,42.7,23.25
Красна поляна,2023-08-21,31.5,18.6,25.5,42.7,23.25
Красна поляна,2023-08-22,31.0,18.8,25.0,42.7,23.25
Красна поляна,2023-08-23,31.5,20.6,26.1,42.7,23.25
Красна поляна,2023-08-24,29.7,18.1,24.9,42.7,23.25
Красна поляна,2023-08-25,31.4,18.0,24.3,42.7,23.25
Красна поляна,2023-08-26,32.2,18.1,25.2,42.7,23.25
Красна поляна,2023-08-27,31.1,19.2,24.8,42.7,23.25
Красна поляна,2023-08-28,32.5,17.9,24.9,42.7,23.25
Красна поляна,2023-08-29,28.0,17.9,22.5,42.7,23.25
Красна поляна,2023-08-30,28.5,16.1,21.4,42.7,23.25
Красна поляна,2023-08-31,26.2,14.7,20.2,42.7,23.25
Красна поляна,2023-09-01,25.6,13.9,19.6,42.7,23.25
Красна поляна,2023-09-02,27.0,14.4,20.5,42.7,23.25
Красна поляна,2023-09-03,27.1,15.7,21.0,42.7,23.25
Красна поляна,2023-09-04,18.4,14.1,15.0,42.7,23.25
Красна поляна,2023-09-05,20.2,14.1,16.6,42.7,23.25
Красна поляна,2023-09-06,22.5,13.9,18.2,42.7,23.25
Красна поляна,2023-09-07,22.9,15.9,19.3,42.7,23.25
Красна поляна,2023-09-08,23.4,13.4,18.8,42.7,23.25
Красна поляна,2023-09-09,24.4,13.6,18.2,42.7,23.25
Красна поляна,2023-09-10,24.8,14.5,18.9,42.7,23.25
Красна поляна,2023-09-11,24.5,11.3,17.9,42.7,23.25
Красна поляна,2023-09-12,26.6,12.9,19.1,42.7,23.25
Красна поляна,2023-09-13,29.8,15.3,21.6,42.7,23.25
Красна поляна,2023-09-14,28.5,17.5,22.1,42.7,23.25
Красна поляна,2023-09-15,26.0,15.6,20.0,42.7,23.25
Красна поляна,2023-09-16,22.3,15.1,18.3,42.7,23.25
Красна поляна,2023-09-17,23.0,14.6,18.2,42.7,23.25
Красна поляна,2023-09-18,23.5,14.2,18.3,42.7,23.25
Красна поляна,2023-09-19,23.0,13.2,17.3,42.7,23.25
Красна поляна,2023-09-20,24.8,14.2,18.4,42.7,23.25
Красна поляна,2023-09-21,26.0,14.4,19.5,42.7,23.25
Красна поляна,2023-09-22,29.8,13.9,21.0,42.7,23.25
Красна поляна,2023-09-23,31.2,15.2,22.2,42.7,23.25
Красна поляна,2023-09-24,27.0,16.0,21.1,42.7,23.25
Красна поляна,2023-09-25,22.5,16.1,19.0,42.7,23.25
Красна поляна,2023-09-26,22.1,14.6,18.1,42.7,23.25
Красна поляна,2023-09-27,22.3,12.9,17.3,42.7,23.25
Красна поляна,2023-09-28,22.0,12.1,17.2,42.7,23.25
Красна поляна,2023-09-29,23.3,11.9,17.3,42.7,23.25
Красна поляна,2023-09-30,23.8,11.0,17.4,42.7,23.25
Красна поляна,2023-10-01,22.1,12.4,16.3,42.7,23.25
Красна поляна,2023-10-02,20.9,11.5,15.4,42.7,23.25
Красна поляна,2023-10-03,21.3,7.8,14.6,42.7,23.25
Красна поляна,2023-10-04,24.0,11.8,17.2,42.7,23.25
Красна поляна,2023-10-05,23.4,12.2,16.5,42.7,23.25
Красна поляна,2023-10-06,20.8,11.7,15.5,42.7,23.25
Красна поляна,2023-10-07,22.6,7.1,14.2,42.7,23.25
Красна поляна,2023-10-08,23.2,9.3,16.2,42.7,23.25
Красна поляна,2023-10-09,19.4,10.6,14.7,42.7,23.25
Красна поляна,2023-10-10,19.8,10.5,14.9,42.7,23.25
Красна поляна,2023-10-11,19.5,9.2,13.9,42.7,23.25
Красна поляна,2023-10-12,22.5,8.9,14.8,42.7,23.25
Красна поляна,2023-10-13,24.2,10.1,17.1,42.7,23.25
Красна поляна,2023-10-14,24.5,11.9,17.0,42.7,23.25
Красна поляна,2023-10-15,24.6,11.1,17.1,42.7,23.25
Красна поляна,2023-10-16,13.9,7.2,10.0,42.7,23.25
Красна поляна,2023-10-17,10.9,3.5,7.2,42.7,23.25
Красна поляна,2023-10-18,14.1,6.8,9.6,42.7,23.25
Красна поляна,2023-10-19,18.9,5.8,11.0,42.7,23.25
Красна поляна,2023-10-20,25.9,10.6,17.3,42.7,23.25
Красна поляна,2023-10-21,27.0,14.9,19.3,42.7,23.25
Красна поляна,2023-10-22,24.5,14.4,19.0,42.7,23.25
Красна поляна,2023-10-23,22.4,12.7,16.6,42.7,23.25
Красна поляна,2023-10-24,23.1,9.9,15.6,42.7,23.25
Красна поляна,2023-10-25,24.1,12.8,17.7,42.7,23.25
Красна поляна,2023-10-26,22.0,12.4,16.5,42.7,23.25
Красна поляна,2023-10-27,23.2,13.1,17.9,42.7,23.25
Красна поляна,2023-10-28,23.6,12.2,17.5,42.7,23.25
Красна поляна,2023-10-29,21.2,9.4,14.9,42.7,23.25
Красна поляна,2023-10-30,21.6,10.5,14.6,42.7,23.25
Красна поляна,2023-10-31,22.0,6.2,15.0,42.7,23.25
Красна поляна,2023-11-01,17.5,9.1,13.6,42.7,23.25
Красна поляна,2023-11-02,17.6,8.1,12.0,42.7,23.25
Красна поляна,2023-11-03,19.4,8.6,12.7,42.7,23.25
Красна поляна,2023-11-04,13.1,9.3,11.3,42.7,23.25
Красна поляна,2023-11-05,17.9,5.1,11.8,42.7,23.25
Красна поляна,2023-11-06,19.8,10.2,14.1,42.7,23.25
Красна поляна,2023-11-07,18.2,7.6,11.7,42.7,23.25
Красна поляна,2023-11-08,13.9,8.2,11.2,42.7,23.25
Красна поляна,2023-11-09,11.4,3.5,7.2,42.7,23.25
Красна поляна,2023-11-10,12.9,3.0,7.0,42.7,23.25
Красна поляна,2023-11-11,13.2,5.6,8.9,42.7,23.25
Красна поляна,2023-11-12,7.9,1.9,5.9,42.7,23.25
Красна поляна,2023-11-13,12.1,3.8,6.7,42.7,23.25
Красна поляна,2023-11-14,18.0,2.0,8.6,42.7,23.25
Красна поляна,2023-11-15,16.6,5.1,8.9,42.7,23.25
Красна поляна,2023-11-16,11.2,2.7,7.2,42.7,23.25
Красна поляна,2023-11-17,11.9,3.8,7.0,42.7,23.25
Красна поляна,2023-11-18,7.1,1.2,2.8,42.7,23.25
Красна поляна,2023-11-19,4.2,0.1,2.1,42.7,23.25
Красна поляна,2023-11-20,12.8,-0.2,4.9,42.7,23.25
Красна поляна,2023-11-21,10.4,3.1,5.8,42.7,23.25
Красна поляна,2023-11-22,9.7,5.1,7.0,42.7,23.25
Красна поляна,2023-11-23,9.4,5.3,7.1,42.7,23.25
Красна поляна,2023-11-24,12.6,5.2,8.6,42.7,23.25
Красна поляна,2023-11-25,8.4,-0.8,3.2,42.7,23.25
Красна поляна,2023-11-26,-1.0,-4.3,-2.6,42.7,23.25
Красна поляна,2023-11-27,0.6,-3.8,-2.3,42.7,23.25
Красна поляна,2023-11-28,3.2,-2.8,0.5,42.7,23.25
Красна поляна,2023-11-29,3.2,-0.9,1.9,42.7,23.25
Красна поляна,2023-11-30,6.7,-2.3,1.3,42.7,23.25
Красна поляна,2023-12-01,16.1,1.0,9.1,42.7,23.25
Красна поляна,2023-12-02,14.9,6.8,10.9,42.7,23.25
Красна поляна,2023-12-03,10.1,-0.2,5.2,42.7,23.25
Красна поляна,2023-12-04,2.2,-3.8,-1.5,42.7,23.25
Красна поляна,2023-12-05,3.8,-1.6,0.8,42.7,23.25
Красна поляна,2023-12-06,3.8,0.8,2.4,42.7,23.25
Красна поляна,2023-12-07,3.4,0.2,2.1,42.7,23.25
Красна поляна,2023-12-08,1.5,-1.5,-0.1,42.7,23.25
Красна поляна,2023-12-09,2.1,-2.5,-0.7,42.7,23.25
Красна поляна,2023-12-10,5.9,-2.8,0.5,42.7,23.25
Красна поляна,2023-12-11,8.2,-1.5,2.6,42.7,23.25
Красна поляна,2023-12-12,10.1,-1.2,3.6,42.7,23.25
Красна поляна,2023-12-13,11.1,0.1,5.3,42.7,23.25
Красна поляна,2023-12-14,13.4,3.8,6.9,42.7,23.25
Красна поляна,2023-12-15,4.9,1.0,3.6,42.7,23.25
Красна поляна,2023-12-16,1.1,-2.9,-0.3,42.7,23.25
Красна поляна,2023-12-17,3.2,-4.0,-1.3,42.7,23.25
Красна поляна,2023-12-18,9.3,-3.4,1.0,42.7,23.25
Красна поляна,2023-12-19,9.9,-3.0,2.6,42.7,23.25
Красна поляна,2023-12-20,10.9,-1.1,3.0,42.7,23.25
Красна поляна,2023-12-21,5.7,-3.3,1.0,42.7,23.25
Красна поляна,2023-12-22,5.9,-3.3,2.0,42.7,23.25
Красна поляна,2023-12-23,7.8,-0.6,2.5,42.7,23.25
Красна поляна,2023-12-24,12.1,2.3,6.9,42.7,23.25
Красна поляна,2023-12-25,13.9,0.8,5.2,42.7,23.25
Красна поляна,2023-12-26,14.1,0.3,4.9,42.7,23.25
Красна поляна,2023-12-27,10.8,1.8,4.9,42.7,23.25
Красна поляна,2023-12-28,11.5,0.1,4.8,42.7,23.25
Красна поляна,2023-12-29,10.9,-1.2,3.3,42.7,23.25
Красна поляна,2023-12-30,10.1,-0.6,3.4,42.7,23.25
Красна поляна,2023-12-31,8.5,-0.9,3.7,42.7,23.25
Красно село,2023-01-01,11.6,1.7,6.5,42.682,23.298
Красно село,2023-01-02,12.4,4.6,7.3,42.682,23.298
Красно село,2023-01-03,14.0,2.9,7.2,42.682,23.298
Красно село,2023-01-04,7.8,4.3,5.6,42.682,23.298
Красно село,2023-01-05,11.8,4.4,6.4,42.682,23.298
Красно село,2023-01-06,9.8,3.1,6.3,42.682,23.298
Красно село,2023-01-07,10.3,0.2,4.8,42.682,23.298
Красно село,2023-01-08,8.8,1.3,4.8,42.682,23.298
Красно село,2023-01-09,6.8,-1.5,1.9,42.682,23.298
Красно село,2023-01-10,3.9,0.0,2.4,42.682,23.298
Красно село,2023-01-11,4.0,-0.8,2.1,42.682,23.298
Красно село,2023-01-12,4.4,1.9,2.9,42.682,23.298
Красно село,2023-01-13,4.6,0.1,2.7,42.682,23.298
Красно село,2023-01-14,5.1,-1.3,2.1,42.682,23.298
Красно село,2023-01-15,7.9,0.3,3.4,42.682,23.298
Красно село,2023-01-16,7.1,0.4,2.8,42.682,23.298
Красно село,2023-01-17,13.2,0.6,6.2,42.682,23.298
Красно село,2023-01-18,14.8,4.7,9.2,42.682,23.298
Красно село,2023-01-19,16.8,4.3,10.9,42.682,23.298
Красно село,2023-01-20,9.1,1.2,6.0,42.682,23.298
Красно село,2023-01-21,8.9,-1.6,3.8,42.682,23.298
Красно село,2023-01-22,9.2,3.1,6.0,42.682,23.298
Красно село,2023-01-23,7.6,4.6,6.5,42.682,23.298
Красно село,2023-01-24,4.3,0.3,2.2,42.682,23.298
Красно село,2023-01-25,2.6,-0.5,0.5,42.682,23.298
Красно село,2023-01-26,1.5,-1.9,-0.6,42.682,23.298
Красно село,2023-01-27,3.0,-0.5,0.5,42.682,23.298
Красно село,2023-01-28,2.3,-1.1,-0.0,42.682,23.298
Красно село,2023-01-29,1.5,-1.6,-0.2,42.682,23.298
Красно село,2023-01-30,1.7,-2.8,-1.2,42.682,23.298
Красно село,2023-01-31,3.0,-1.7,0.2,42.682,23.298
Красно село,2023-02-01,5.8,-2.0,1.2,42.682,23.298
Красно село,2023-02-02,7.0,-1.3,2.5,42.682,23.298
Красно село,2023-02-03,3.7,-1.1,1.0,42.682,23.298
Красно село,2023-02-04,3.9,-1.1,1.7,42.682,23.298
Красно село,2023-02-05,-1.4,-5.8,-4.0,42.682,23.298
Красно село,2023-02-06,-2.6,-8.3,-5.3,42.682,23.298
Красно село,2023-02-07,-1.2,-6.8,-4.6,42.682,23.298
Красно село,2023-02-08,-1.8,-8.1,-4.9,42.682,23.298
Красно село,2023-02-09,0.3,-7.8,-4.9,42.682,23.298
Красно село,2023-02-10,3.1,-7.5,-3.0,42.682,23.298
Красно село,2023-02-11,4.0,-5.8,-1.9,42.682,23.298
Красно село,2023-02-12,3.5,-2.3,-0.0,42.682,23.298
Красно село,2023-02-13,6.0,-2.9,0.6,42.682,23.298
Красно село,2023-02-14,3.6,-1.2,0.6,42.682,23.298
Красно село,2023-02-15,6.1,-1.2,1.8,42.682,23.298
Красно село,2023-02-16,12.4,-2.2,3.1,42.682,23.298
Красно село,2023-02-17,13.8,-0.1,5.3,42.682,23.298
Красно село,2023-02-18,15.2,0.9,6.5,42.682,23.298
Красно село,2023-02-19,17.0,2.7,8.8,42.682,23.298
Красно село,2023-02-20,11.4,4.5,7.5,42.682,23.298
Красно село,2023-02-21,17.4,1.9,8.4,42.682,23.298
Красно село,2023-02-22,15.9,4.1,9.0,42.682,23.298
Красно село,2023-02-23,15.2,2.7,8.0,42.682,23.298
Красно село,2023-02-24,12.5,4.8,7.6,42.682,23.298
Красно село,2023-02-25,15.2,3.2,9.2,42.682,23.298
Красно село,2023-02-26,17.9,7.6,12.1,42.682,23.298
Красно село,2023-02-27,13.1,3.5,8.3,42.682,23.298
Красно село,2023-02-28,11.1,4.0,7.0,42.682,23.298
Красно село,2023-03-01,7.4,3.7,5.4,42.682,23.298
Красно село,2023-03-02,7.2,3.8,5.0,42.682,23.298
Красно село,2023-03-03,6.2,3.0,4.3,42.682,23.298
Красно село,2023-03-04,9.1,1.0,4.5,42.682,23.298
Красно село,2023-03-05,9.3,1.8,5.2,42.682,23.298
Красно село,2023-03-06,11.5,-1.5,4.6,42.682,23.298
Красно село,2023-03-07,13.8,1.5,7.1,42.682,23.298
Красно село,2023-03-08,13.8,1.6,7.9,42.682,23.298
Красно село,2023-03-09,17.8,3.3,10.0,42.682,23.298
Красно село,2023-03-10,16.2,5.9,10.1,42.682,23.298
Красно село,2023-03-11,14.4,4.6,9.7,42.682,23.298
Красно село,2023-03-12,7.1,-0.5,3.1,42.682,23.298
Красно село,2023-03-13,10.0,-3.3,3.0,42.682,23.298
Красно село,2023-03-14,15.2,-0.5,6.8,42.682,23.298
Красно село,2023-03-15,12.7,1.9,6.4,42.682,23.298
Красно село,2023-03-16,5.3,0.6,2.2,42.682,23.298
Красно село,2023-03-17,7.7,-0.2,3.1,42.682,23.298
Красно село,2023-03-18,7.9,-1.7,3.1,42.682,23.298
Красно село,2023-03-19,14.9,-1.6,5.9,42.682,23.298
Красно село,2023-03-20,19.0,3.2,10.9,42.682,23.298
Красно село,2023-03-21,15.4,6.8,11.3,42.682,23.298
Красно село,2023-03-22,12.1,5.7,8.5,42.682,23.298
Красно село,2023-03-23,14.7,3.5,8.5,42.682,23.298
Красно село,2023-03-24,18.6,5.6,11.5,42.682,23.298
Красно село,2023-03-25,19.5,5.4,12.6,42.682,23.298
Красно село,2023-03-26,15.3,6.1,10.1,42.682,23.298
Красно село,2023-03-27,15.0,4.4,8.8,42.682,23.298
Красно село,2023-03-28,5.6,-0.3,2.2,42.682,23.298
Красно село,2023-03-29,6.8,-2.2,1.9,42.682,23.298
Красно село,2023-03-30,13.8,2.3,7.0,42.682,23.298
Красно село,2023-03-31,16.9,4.8,10.8,42.682,23.298
Красно село,2023-04-01,16.2,6.3,10.3,42.682,23.298
Красно село,2023-04-02,15.0,5.1,9.4,42.682,23.298
Красно село,2023-04-03,14.2,3.0,7.5,42.682,23.298
Красно село,2023-04-04,8.4,0.0,4.9,42.682,23.298
Красно село,2023-04-05,4.8,-0.8,1.5,42.682,23.298
Красно село,2023-04-06,5.6,-1.9,1.5,42.682,23.298
Красно село,2023-04-07,8.3,-0.4,3.5,42.682,23.298
Красно село,2023-04-08,11.1,1.7,6.1,42.682,23.298
Красно село,2023-04-09,10.7,4.0,6.8,42.682,23.298
Красно село,2023-04-10,9.9,3.7,6.8,42.682,23.298
Красно село,2023-04-11,11.7,3.5,7.4,42.682,23.298
Красно село,2023-04-12,12.1,5.8,8.4,42.682,23.298
Красно село,2023-04-13,19.0,1.0,10.1,42.682,23.298
Красно село,2023-04-14,20.7,6.5,11.0,42.682,23.298
Красно село,2023-04-15,16.3,3.5,10.1,42.682,23.298
Красно село,2023-04-16,16.6,6.9,10.7,42.682,23.298
Красно село,2023-04-17,14.5,7.4,9.9,42.682,23.298
Красно село,2023-04-18,13.1,7.6,9.7,42.682,23.298
Красно село,2023-04-19,14.2,6.2,9.4,42.682,23.298
Красно село,2023-04-20,13.2,5.9,9.2,42.682,23.298
Красно село,2023-04-21,15.2,6.3,10.5,42.682,23.298
Красно село,2023-04-22,15.3,4.8,10.4,42.682,23.298
Красно село,2023-04-23,16.6,6.0,10.6,42.682,23.298
Красно село,2023-04-24,19.0,7.1,11.6,42.682,23.298
Красно село,2023-04-25,14.7,7.9,11.3,42.682,23.298
Красно село,2023-04-26,13.8,5.9,9.4,42.682,23.298
Красно село,2023-04-27,11.3,3.8,7.9,42.682,23.298
Красно село,2023-04-28,14.7,2.6,7.9,42.682,23.298
Красно село,2023-04-29,14.8,3.9,9.8,42.682,23.298
Красно село,2023-04-30,16.6,5.8,11.4,42.682,23.298
Красно село,2023-05-01,17.8,6.4,12.1,42.682,23.298
Красно село,2023-05-02,18.9,6.7,12.9,42.682,23.298
Красно село,2023-05-03,17.5,8.8,11.9,42.682,23.298
Красно село,2023-05-04,13.6,7.8,10.7,42.682,23.298
Красно село,2023-05-05,16.2,6.0,11.2,42.682,23.298
Красно село,2023-05-06,17.3,6.5,12.4,42.682,23.298
Красно село,2023-05-07,20.8,9.8,14.9,42.682,23.298
Красно село,2023-05-08,20.2,11.0,14.5,42.682,23.298
Красно село,2023-05-09,13.3,9.1,11.0,42.682,23.298
Красно село,2023-05-10,10.2,7.5,8.6,42.682,23.298
Красно село,2023-05-11,13.2,7.3,10.2,42.682,23.298
Красно село,2023-05-12,14.3,6.9,10.0,42.682,23.298
Красно село,2023-05-13,18.2,7.6,12.5,42.682,23.298
Красно село,2023-05-14,15.2,10.4,12.1,42.682,23.298
Красно село,2023-05-15,17.6,9.4,12.9,42.682,23.298
Красно село,2023-05-16,20.0,11.6,15.0,42.682,23.298
Красно село,2023-05-17,18.9,11.3,14.3,42.682,23.298
Красно село,2023-05-18,14.5,10.9,12.1,42.682,23.298
Красно село,2023-05-19,18.9,7.7,13.5,42.682,23.298
Красно село,2023-05-20,19.4,10.7,15.4,42.682,23.298
Красно село,2023-05-21,19.3,10.1,14.5,42.682,23.298
Красно село,2023-05-22,18.4,9.3,14.2,42.682,23.298
Красно село,2023-05-23,20.5,8.8,15.4,42.682,23.298
Красно село,2023-05-24,22.3,9.0,16.7,42.682,23.298
Красно село,2023-05-25,20.2,11.8,16.4,42.682,23.298
Красно село,2023-05-26,20.2,10.6,15.6,42.682,23.298
Красно село,2023-05-27,20.6,9.2,15.3,42.682,23.298
Красно село,2023-05-28,18.0,10.7,15.0,42.682,23.298
Красно село,2023-05-29,19.6,12.5,15.6,42.682,23.298
Красно село,2023-05-30,21.2,12.3,16.5,42.682,23.298
Красно село,2023-05-31,21.6,11.7,16.9,42.682,23.298
Красно село,2023-06-01,21.9,12.9,16.9,42.682,23.298
Красно село,2023-06-02,22.5,12.6,18.1,42.682,23.298
Красно село,2023-06-03,20.0,12.3,16.7,42.682,23.298
Красно село,2023-06-04,19.9,13.3,16.1,42.682,23.298
Красно село,2023-06-05,21.7,12.4,17.0,42.682,23.298
Красно село,2023-06-06,22.4,11.4,17.1,42.682,23.298
Красно село,2023-06-07,21.6,12.1,17.2,42.682,23.298
Красно село,2023-06-08,24.1,11.9,18.2,42.682,23.298
Красно село,2023-06-09,24.7,12.6,18.4,42.682,23.298
Красно село,2023-06-10,22.9,15.0,18.0,42.682,23.298
Красно село,2023-06-11,22.9,13.5,18.5,42.682,23.298
Красно село,2023-06-12,23.0,14.9,18.0,42.682,23.298
Красно село,2023-06-13,19.7,13.7,16.4,42.682,23.298
Красно село,2023-06-14,22.0,14.0,17.8,42.682,23.298
Красно село,2023-06-15,20.5,14.1,17.8,42.682,23.298
Красно село,2023-06-16,21.4,15.3,17.8,42.682,23.298
Красно село,2023-06-17,18.9,14.2,15.9,42.682,23.298
Красно село,2023-06-18,20.6,13.9,16.7,42.682,23.298
Красно село,2023-06-19,24.1,14.0,18.9,42.682,23.298
Красно село,2023-06-20,24.1,14.1,19.7,42.682,23.298
Красно село,2023-06-21,26.5,16.0,21.5,42.682,23.298
Красно село,2023-06-22,28.0,15.9,22.2,42.682,23.298
Красно село,2023-06-23,28.8,17.6,23.0,42.682,23.298
Красно село,2023-06-24,28.6,18.3,22.8,42.682,23.298
Красно село,2023-06-25,23.9,16.7,19.7,42.682,23.298
Красно село,2023-06-26,23.5,15.7,19.7,42.682,23.298
Красно село,2023-06-27,25.3,13.8,20.1,42.682,23.298
Красно село,2023-06-28,24.7,15.1,18.9,42.682,23.298
Красно село,2023-06-29,21.3,12.4,16.6,42.682,23.298
Красно село,2023-06-30,25.7,11.8,18.7,42.682,23.298
Красно село,2023-07-01,27.4,15.6,21.2,42.682,23.298
Красно село,2023-07-02,23.4,15.6,19.7,42.682,23.298
Красно село,2023-07-03,26.4,15.9,21.1,42.682,23.298
Красно село,2023-07-04,28.0,15.6,22.0,42.682,23.298
Красно село,2023-07-05,25.9,17.0,21.4,42.682,23.298
Красно село,2023-07-06,24.7,16.5,20.5,42.682,23.298
Красно село,2023-07-07,25.7,17.4,20.8,42.682,23.298
Красно село,2023-07-08,24.1,15.9,20.0,42.682,23.298
Красно село,2023-07-09,25.5,14.4,20.3,42.682,23.298
Красно село,2023-07-10,27.5,14.3,21.4,42.682,23.298
Красно село,2023-07-11,29.1,15.2,22.8,42.682,23.298
Красно село,2023-07-12,32.7,18.4,25.2,42.682,23.298
Красно село,2023-07-13,35.1,19.4,27.2,42.682,23.298
Красно село,2023-07-14,31.4,20.5,26.0,42.682,23.298
Красно село,2023-07-15,31.3,20.1,25.4,42.682,23.298
Красно село,2023-07-16,31.6,20.8,26.3,42.682,23.298
Красно село,2023-07-17,32.1,21.3,27.1,42.682,23.298
Красно село,2023-07-18,32.7,21.2,27.2,42.682,23.298
Красно село,2023-07-19,32.7,18.8,26.2,42.682,23.298
Красно село,2023-07-20,31.2,18.6,25.0,42.682,23.298
Красно село,2023-07-21,33.1,19.0,25.4,42.682,23.298
Красно село,2023-07-22,35.2,19.5,26.9,42.682,23.298
Красно село,2023-07-23,30.2,20.9,25.1,42.682,23.298
Красно село,2023-07-24,33.0,18.0,25.7,42.682,23.298
Красно село,2023-07-25,37.5,20.2,28.1,42.682,23.298
Красно село,2023-07-26,34.1,20.8,27.2,42.682,23.298
Красно село,2023-07-27,22.1,15.7,18.8,42.682,23.298
Красно село,2023-07-28,29.0,11.2,20.2,42.682,23.298
Красно село,2023-07-29,30.1,16.7,23.6,42.682,23.298
Красно село,2023-07-30,31.4,17.4,24.6,42.682,23.298
Красно село,2023-07-31,26.7,18.5,22.4,42.682,23.298
Красно село,2023-08-01,29.9,15.9,22.8,42.682,23.298
Красно село,2023-08-02,31.0,19.1,24.9,42.682,23.298
Красно село,2023-08-03,34.3,19.6,27.2,42.682,23.298
Красно село,2023-08-04,34.1,22.1,28.6,42.682,23.298
Красно село,2023-08-05,33.1,20.4,26.8,42.682,23.298
Красно село,2023-08-06,26.0,17.5,21.5,42.682,23.298
Красно село,2023-08-07,26.0,14.9,19.3,42.682,23.298
Красно село,2023-08-08,21.9,14.5,17.6,42.682,23.298
Красно село,2023-08-09,25.6,11.0,18.0,42.682,23.298
Красно село,2023-08-10,20.8,15.5,17.9,42.682,23.298
Красно село,2023-08-11,24.1,12.2,18.1,42.682,23.298
Красно село,2023-08-12,25.9,13.1,19.7,42.682,23.298
Красно село,2023-08-13,26.0,16.0,21.3,42.682,23.298
Красно село,2023-08-14,27.5,15.8,22.2,42.682,23.298
Красно село,2023-08-15,25.1,18.3,21.1,42.682,23.298
Красно село,2023-08-16,27.0,17.7,22.2,42.682,23.298
Красно село,2023-08-17,30.4,17.1,23.8,42.682,23.298
Красно село,2023-08-18,31.9,18.1,24.9,42.682,23.298
Красно село,2023-08-19,30.3,17.6,24.1,42.682,23.298
Красно село,2023-08-20,30.8,18.3,24.4,42.682,23.298
Красно село,2023-08-21,32.2,19.4,26.3,42.682,23.298
Красно село,2023-08-22,31.7,19.5,25.8,42.682,23.298
Красно село,2023-08-23,32.2,21.4,26.8,42.682,23.298
Красно село,2023-08-24,30.5,18.9,25.7,42.682,23.298
Красно село,2023-08-25,32.1,18.7,25.0,42.682,23.298
Красно село,2023-08-26,33.0,18.9,25.9,42.682,23.298
Красно село,2023-08-27,31.9,20.0,25.6,42.682,23.298
Красно село,2023-08-28,33.3,18.7,25.6,42.682,23.298
Красно село,2023-08-29,28.8,18.6,23.2,42.682,23.298
Красно село,2023-08-30,29.3,16.9,22.2,42.682,23.298
Красно село,2023-08-31,27.0,15.5,21.0,42.682,23.298
Красно село,2023-09-01,26.4,14.7,20.4,42.682,23.298
Красно село,2023-09-02,27.7,15.2,21.3,42.682,23.298
Красно село,2023-09-03,27.9,16.5,21.8,42.682,23.298
Красно село,2023-09-04,19.2,14.8,15.7,42.682,23.298
Красно село,2023-09-05,21.0,14.9,17.4,42.682,23.298
Красно село,2023-09-06,23.3,14.7,19.0,42.682,23.298
Красно село,2023-09-07,23.6,16.7,20.1,42.682,23.298
Красно село,2023-09-08,24.1,14.2,19.6,42.682,23.298
Красно село,2023-09-09,25.2,14.3,18.9,42.682,23.298
Красно село,2023-09-10,25.5,15.3,19.7,42.682,23.298
Красно село,2023-09-11,25.2,12.1,18.7,42.682,23.298
Красно село,2023-09-12,27.4,13.7,19.8,42.682,23.298
Красно село,2023-09-13,30.6,16.1,22.4,42.682,23.298
Красно село,2023-09-14,29.3,18.2,22.9,42.682,23.298
Красно село,2023-09-15,26.7,16.4,20.8,42.682,23.298
Красно село,2023-09-16,23.1,15.9,19.0,42.682,23.298
Красно село,2023-09-17,23.8,15.4,19.0,42.682,23.298
Красно село,2023-09-18,24.3,15.0,19.1,42.682,23.298
Красно село,2023-09-19,23.8,14.0,18.1,42.682,23.298
Красно село,2023-09-20,25.5,15.0,19.2,42.682,23.298
Красно село,2023-09-21,26.7,15.1,20.3,42.682,23.298
Красно село,2023-09-22,30.5,14.6,21.8,42.682,23.298
Красно село,2023-09-23,32.0,16.0,23.0,42.682,23.298
Красно село,2023-09-24,27.8,16.8,21.9,42.682,23.298
Красно село,2023-09-25,23.3,16.9,19.8,42.682,23.298
Красно село,2023-09-26,22.9,15.3,18.9,42.682,23.298
Красно село,2023-09-27,23.1,13.6,18.1,42.682,23.298
Красно село,2023-09-28,22.8,12.9,18.0,42.682,23.298
Красно село,2023-09-29,24.1,12.7,18.0,42.682,23.298
Красно село,2023-09-30,24.6,11.8,18.2,42.682,23.298
Красно село,2023-10-01,22.9,13.2,17.1,42.682,23.298
Красно село,2023-10-02,21.7,12.3,16.2,42.682,23.298
Красно село,2023-10-03,22.1,8.6,15.4,42.682,23.298
Красно село,2023-10-04,24.8,12.5,17.9,42.682,23.298
Красно село,2023-10-05,24.2,13.0,17.3,42.682,23.298
Красно село,2023-10-06,21.6,12.5,16.3,42.682,23.298
Красно село,2023-10-07,23.4,7.8,15.0,42.682,23.298
Красно село,2023-10-08,24.0,10.1,16.9,42.682,23.298
Красно село,2023-10-09,20.2,11.4,15.4,42.682,23.298
Красно село,2023-10-10,20.5,11.3,15.7,42.682,23.298
Красно село,2023-10-11,20.3,10.0,14.7,42.682,23.298
Красно село,2023-10-12,23.3,9.6,15.6,42.682,23.298
Красно село,2023-10-13,25.0,10.9,17.8,42.682,23.298
Красно село,2023-10-14,25.3,12.7,17.7,42.682,23.298
Красно село,2023-10-15,25.4,11.9,17.9,42.682,23.298
Красно село,2023-10-16,14.7,8.0,10.8,42.682,23.298
Красно село,2023-10-17,11.7,4.3,8.0,42.682,23.298
Красно село,2023-10-18,14.8,7.6,10.4,42.682,23.298
Красно село,2023-10-19,19.7,6.6,11.8,42.682,23.298
Красно село,2023-10-20,26.6,11.4,18.1,42.682,23.298
Красно село,2023-10-21,27.8,15.7,20.0,42.682,23.298
Красно село,2023-10-22,25.3,15.2,19.7,42.682,23.298
Красно село,2023-10-23,23.1,13.5,17.3,42.682,23.298
Красно село,2023-10-24,23.9,10.7,16.4,42.682,23.298
Красно село,2023-10-25,24.9,13.5,18.5,42.682,23.298
Красно село,2023-10-26,22.8,13.2,17.3,42.682,23.298
Красно село,2023-10-27,24.0,13.8,18.6,42.682,23.298
Красно село,2023-10-28,24.4,13.0,18.3,42.682,23.298
Красно село,2023-10-29,22.0,10.2,15.7,42.682,23.298
Красно село,2023-10-30,22.4,11.3,15.4,42.682,23.298
Красно село,2023-10-31,22.8,7.0,15.7,42.682,23.298
Красно село,2023-11-01,18.3,9.9,14.4,42.682,23.298
Красно село,2023-11-02,18.4,8.9,12.8,42.682,23.298
Красно село,2023-11-03,20.1,9.4,13.5,42.682,23.298
Красно село,2023-11-04,13.8,10.1,12.1,42.682,23.298
Красно село,2023-11-05,18.6,5.8,12.6,42.682,23.298
Красно село,2023-11-06,20.6,11.0,14.9,42.682,23.298
Красно село,2023-11-07,19.0,8.4,12.4,42.682,23.298
Красно село,2023-11-08,14.6,9.0,12.0,42.682,23.298
Красно село,2023-11-09,12.2,4.3,7.9,42.682,23.298
Красно село,2023-11-10,13.6,3.8,7.8,42.682,23.298
Красно село,2023-11-11,14.0,6.4,9.6,42.682,23.298
Красно село,2023-11-12,8.7,2.7,6.7,42.682,23.298
Красно село,2023-11-13,12.9,4.5,7.5,42.682,23.298
Красно село,2023-11-14,18.8,2.8,9.4,42.682,23.298
Красно село,2023-11-15,17.4,5.8,9.7,42.682,23.298
Красно село,2023-11-16,12.0,3.4,8.0,42.682,23.298
Красно село,2023-11-17,12.7,4.6,7.8,42.682,23.298
Красно село,2023-11-18,7.9,2.0,3.5,42.682,23.298
Красно село,2023-11-19,5.0,0.9,2.8,42.682,23.298
Красно село,2023-11-20,13.6,0.5,5.7,42.682,23.298
Красно село,2023-11-21,11.1,3.9,6.6,42.682,23.298
Красно село,2023-11-22,10.5,5.9,7.8,42.682,23.298
Красно село,2023-11-23,10.2,6.1,7.9,42.682,23.298
Красно село,2023-11-24,13.4,6.0,9.4,42.682,23.298
Красно село,2023-11-25,9.1,-0.0,3.9,42.682,23.298
Красно село,2023-11-26,-0.2,-3.5,-1.9,42.682,23.298
Красно село,2023-11-27,1.4,-3.1,-1.6,42.682,23.298
Красно село,2023-11-28,4.0,-2.1,1.2,42.682,23.298
Красно село,2023-11-29,4.0,-0.1,2.7,42.682,23.298
Красно село,2023-11-30,7.4,-1.6,2.1,42.682,23.298
Красно село,2023-12-01,16.9,1.8,9.9,42.682,23.298
Красно село,2023-12-02,15.6,7.6,11.7,42.682,23.298
Красно село,2023-12-03,10.9,0.6,6.0,42.682,23.298
Красно село,2023-12-04,2.9,-3.0,-0.7,42.682,23.298
Красно село,2023-12-05,4.6,-0.9,1.5,42.682,23.298
Красно село,2023-12-06,4.6,1.5,3.2,42.682,23.298
Красно село,2023-12-07,4.2,1.0,2.8,42.682,23.298
Красно село,2023-12-08,2.2,-0.7,0.7,42.682,23.298
Красно село,2023-12-09,2.9,-1.8,0.1,42.682,23.298
Красно село,2023-12-10,6.7,-2.0,1.3,42.682,23.298
Красно село,2023-12-11,9.0,-0.7,3.4,42.682,23.298
Красно село,2023-12-12,10.8,-0.5,4.3,42.682,23.298
Красно село,2023-12-13,11.9,0.8,6.0,42.682,23.298
Красно село,2023-12-14,14.2,4.6,7.7,42.682,23.298
Красно село,2023-12-15,5.7,1.8,4.4,42.682,23.298
Красно село,2023-12-16,1.9,-2.1,0.5,42.682,23.298
Красно село,2023-12-17,4.0,-3.2,-0.6,42.682,23.298
Красно село,2023-12-18,10.1,-2.6,1.8,42.682,23.298
Красно село,2023-12-19,10.6,-2.3,3.4,42.682,23.298
Красно село,2023-12-20,11.6,-0.4,3.8,42.682,23.298
Красно село,2023-12-21,6.5,-2.5,1.7,42.682,23.298
Красно село,2023-12-22,6.7,-2.5,2.8,42.682,23.298
Красно село,2023-12-23,8.5,0.1,3.2,42.682,23.298
Красно село,2023-12-24,12.9,3.1,7.7,42.682,23.298
Красно село,2023-12-25,14.6,1.5,5.9,42.682,23.298
Красно село,2023-12-26,14.9,1.1,5.6,42.682,23.298
Красно село,2023-12-27,11.5,2.6,5.6,42.682,23.298
Красно село,2023-12-28,12.3,0.9,5.6,42.682,23.298
Красно село,2023-12-29,11.7,-0.5,4.0,42.682,23.298
Красно село,2023-12-30,10.9,0.2,4.1,42.682,23.298
Красно село,2023-12-31,9.3,-0.1,4.4,42.682,23.298
Кремиковци,2023-01-01,10.1,2.3,5.4,42.75,23.5
Кремиковци,2023-01-02,9.1,1.4,4.7,42.75,23.5
Кремиковци,2023-01-03,10.9,0.9,6.0,42.75,23.5
Кремиковци,2023-01-04,8.1,0.2,4.4,42.75,23.5
Кремиковци,2023-01-05,11.6,1.5,5.3,42.75,23.5
Кремиковци,2023-01-06,10.7,0.7,5.3,42.75,23.5
Кремиковци,2023-01-07,9.6,-1.3,3.4,42.75,23.5
Кремиковци,2023-01-08,8.6,-3.2,1.5,42.75,23.5
Кремиковци,2023-01-09,4.8,-0.3,1.2,42.75,23.5
Кремиковци,2023-01-10,5.2,0.9,2.9,42.75,23.5
Кремиковци,2023-01-11,5.5,-0.9,2.6,42.75,23.5
Кремиковци,2023-01-12,5.4,2.5,3.5,42.75,23.5
Кремиковци,2023-01-13,6.1,0.8,3.8,42.75,23.5
Кремиковци,2023-01-14,5.2,-1.9,2.1,42.75,23.5
Кремиковци,2023-01-15,7.9,2.3,4.4,42.75,23.5
Кремиковци,2023-01-16,5.8,0.2,2.6,42.75,23.5
Кремиковци,2023-01-17,13.1,1.8,6.5,42.75,23.5
Кремиковци,2023-01-18,17.2,7.6,10.9,42.75,23.5
Кремиковци,2023-01-19,18.2,7.7,11.7,42.75,23.5
Кремиковци,2023-01-20,10.5,1.6,7.0,42.75,23.5
Кремиковци,2023-01-21,9.5,-1.1,4.3,42.75,23.5
Кремиковци,2023-01-22,10.2,5.1,7.5,42.75,23.5
Кремиковци,2023-01-23,8.8,5.6,7.5,42.75,23.5
Кремиковци,2023-01-24,5.2,0.9,2.9,42.75,23.5
Кремиковци,2023-01-25,2.7,0.3,1.2,42.75,23.5
Кремиковци,2023-01-26,2.7,-0.8,0.4,42.75,23.5
Кремиковци,2023-01-27,3.4,0.2,1.4,42.75,23.5
Кремиковци,2023-01-28,3.9,-0.6,1.1,42.75,23.5
Кремиковци,2023-01-29,2.4,-0.8,0.6,42.75,23.5
Кремиковци,2023-01-30,2.7,-3.5,-0.6,42.75,23.5
Кремиковци,2023-01-31,3.7,-2.8,0.6,42.75,23.5
Кремиковци,2023-02-01,6.5,-1.5,1.4,42.75,23.5
Кремиковци,2023-02-02,7.8,-1.5,2.1,42.75,23.5
Кремиковци,2023-02-03,4.7,-3.0,1.2,42.75,23.5
Кремиковци,2023-02-04,4.3,-1.4,1.5,42.75,23.5
Кремиковци,2023-02-05,-0.6,-4.9,-2.9,42.75,23.5
Кремиковци,2023-02-06,-1.6,-7.9,-4.1,42.75,23.5
Кремиковци,2023-02-07,0.1,-6.0,-3.2,42.75,23.5
Кремиковци,2023-02-08,-1.2,-8.2,-4.0,42.75,23.5
Кремиковци,2023-02-09,1.7,-6.8,-3.8,42.75,23.5
Кремиковци,2023-02-10,4.4,-7.0,-3.1,42.75,23.5
Кремиковци,2023-02-11,5.2,-7.1,-2.4,42.75,23.5
Кремиковци,2023-02-12,4.9,-3.8,0.3,42.75,23.5
Кремиковци,2023-02-13,6.9,-3.5,0.6,42.75,23.5
Кремиковци,2023-02-14,5.7,-3.0,0.5,42.75,23.5
Кремиковци,2023-02-15,7.6,-2.3,1.8,42.75,23.5
Кремиковци,2023-02-16,11.7,-2.3,4.2,42.75,23.5
Кремиковци,2023-02-17,14.2,-1.9,4.3,42.75,23.5
Кремиковци,2023-02-18,15.6,-0.9,6.2,42.75,23.5
Кремиковци,2023-02-19,16.8,0.6,8.0,42.75,23.5
Кремиковци,2023-02-20,12.9,2.3,7.5,42.75,23.5
Кремиковци,2023-02-21,17.2,-1.2,7.0,42.75,23.5
Кремиковци,2023-02-22,16.2,5.4,9.9,42.75,23.5
Кремиковци,2023-02-23,16.0,0.6,7.1,42.75,23.5
Кремиковци,2023-02-24,12.4,4.1,7.1,42.75,23.5
Кремиковци,2023-02-25,16.9,1.6,8.5,42.75,23.5
Кремиковци,2023-02-26,19.7,8.3,12.6,42.75,23.5
Кремиковци,2023-02-27,13.7,4.4,8.1,42.75,23.5
Кремиковци,2023-02-28,11.5,5.2,7.8,42.75,23.5
Кремиковци,2023-03-01,8.4,4.0,6.0,42.75,23.5
Кремиковци,2023-03-02,7.1,4.2,5.4,42.75,23.5
Кремиковци,2023-03-03,5.8,3.7,4.7,42.75,23.5
Кремиковци,2023-03-04,8.6,-0.1,4.2,42.75,23.5
Кремиковци,2023-03-05,10.4,1.5,5.6,42.75,23.5
Кремиковци,2023-03-06,12.6,-1.6,5.0,42.75,23.5
Кремиковци,2023-03-07,14.6,0.5,6.4,42.75,23.5
Кремиковци,2023-03-08,14.4,1.7,8.5,42.75,23.5
Кремиковци,2023-03-09,18.5,1.8,10.2,42.75,23.5
Кремиковци,2023-03-10,17.4,6.1,10.1,42.75,23.5
Кремиковци,2023-03-11,15.6,5.6,9.8,42.75,23.5
Кремиковци,2023-03-12,8.9,0.1,4.3,42.75,23.5
Кремиковци,2023-03-13,11.4,-3.5,3.5,42.75,23.5
Кремиковци,2023-03-14,15.1,-1.8,5.3,42.75,23.5
Кремиковци,2023-03-15,12.1,2.0,6.6,42.75,23.5
Кремиковци,2023-03-16,6.8,1.2,3.3,42.75,23.5
Кремиковци,2023-03-17,8.9,0.3,3.9,42.75,23.5
Кремиковци,2023-03-18,8.9,-1.6,3.8,42.75,23.5
Кремиковци,2023-03-19,14.8,-1.3,5.2,42.75,23.5
Кремиковци,2023-03-20,18.9,-1.1,7.6,42.75,23.5
Кремиковци,2023-03-21,17.1,3.7,10.2,42.75,23.5
Кремиковци,2023-03-22,13.4,5.8,9.2,42.75,23.5
Кремиковци,2023-03-23,15.4,4.2,9.0,42.75,23.5
Кремиковци,2023-03-24,19.0,1.5,9.5,42.75,23.5
Кремиковци,2023-03-25,20.4,4.2,11.4,42.75,23.5
Кремиковци,2023-03-26,16.1,6.1,10.4,42.75,23.5
Кремиковци,2023-03-27,16.5,4.6,9.2,42.75,23.5
Кремиковци,2023-03-28,6.2,0.3,3.2,42.75,23.5
Кремиковци,2023-03-29,8.4,-1.5,2.6,42.75,23.5
Кремиковци,2023-03-30,13.6,0.0,6.6,42.75,23.5
Кремиковци,2023-03-31,17.6,5.4,10.8,42.75,23.5
Кремиковци,2023-04-01,17.9,5.1,10.4,42.75,23.5
Кремиковци,2023-04-02,15.6,2.8,9.6,42.75,23.5
Кремиковци,2023-04-03,15.6,2.7,8.5,42.75,23.5
Кремиковци,2023-04-04,9.5,2.2,6.8,42.75,23.5
Кремиковци,2023-04-05,5.6,-0.6,2.2,42.75,23.5
Кремиковци,2023-04-06,6.6,-1.5,2.1,42.75,23.5
Кремиковци,2023-04-07,8.8,-2.2,3.6,42.75,23.5
Кремиковци,2023-04-08,12.4,-0.4,5.9,42.75,23.5
Кремиковци,2023-04-09,12.9,4.7,8.1,42.75,23.5
Кремиковци,2023-04-10,11.2,3.6,7.5,42.75,23.5
Кремиковци,2023-04-11,13.7,4.2,8.5,42.75,23.5
Кремиковци,2023-04-12,13.7,5.4,8.8,42.75,23.5
Кремиковци,2023-04-13,20.5,3.7,10.8,42.75,23.5
Кремиковци,2023-04-14,21.2,5.2,11.3,42.75,23.5
Кремиковци,2023-04-15,17.5,3.1,10.6,42.75,23.5
Кремиковци,2023-04-16,17.2,8.1,12.1,42.75,23.5
Кремиковци,2023-04-17,16.6,7.1,10.8,42.75,23.5
Кремиковци,2023-04-18,13.4,9.1,10.5,42.75,23.5
Кремиковци,2023-04-19,14.2,8.1,10.4,42.75,23.5
Кремиковци,2023-04-20,14.1,4.9,9.5,42.75,23.5
Кремиковци,2023-04-21,16.2,3.4,10.6,42.75,23.5
Кремиковци,2023-04-22,17.0,4.5,10.3,42.75,23.5
Кремиковци,2023-04-23,16.9,3.1,10.3,42.75,23.5
Кремиковци,2023-04-24,19.7,6.6,11.7,42.75,23.5
Кремиковци,2023-04-25,14.9,7.4,11.4,42.75,23.5
Кремиковци,2023-04-26,15.2,5.7,10.2,42.75,23.5
Кремиковци,2023-04-27,12.9,3.9,9.0,42.75,23.5
Кремиковци,2023-04-28,16.0,1.5,8.4,42.75,23.5
Кремиковци,2023-04-29,16.6,3.0,9.4,42.75,23.5
Кремиковци,2023-04-30,17.8,5.3,11.4,42.75,23.5
Кремиковци,2023-05-01,19.5,6.8,12.8,42.75,23.5
Кремиковци,2023-05-02,19.8,8.1,13.8,42.75,23.5
Кремиковци,2023-05-03,17.7,9.8,12.7,42.75,23.5
Кремиковци,2023-05-04,14.6,9.1,11.5,42.75,23.5
Кремиковци,2023-05-05,17.5,6.7,12.2,42.75,23.5
Кремиковци,2023-05-06,18.4,7.1,13.3,42.75,23.5
Кремиковци,2023-05-07,22.2,6.2,14.5,42.75,23.5
Кремиковци,2023-05-08,20.6,8.8,14.1,42.75,23.5
Кремиковци,2023-05-09,13.6,9.9,11.6,42.75,23.5
Кремиковци,2023-05-10,11.2,7.8,9.3,42.75,23.5
Кремиковци,2023-05-11,14.1,7.2,10.5,42.75,23.5
Кремиковци,2023-05-12,15.1,6.8,10.2,42.75,23.5
Кремиковци,2023-05-13,19.4,7.9,12.9,42.75,23.5
Кремиковци,2023-05-14,13.7,10.8,11.9,42.75,23.5
Кремиковци,2023-05-15,16.6,9.6,12.9,42.75,23.5
Кремиковци,2023-05-16,20.6,12.7,15.8,42.75,23.5
Кремиковци,2023-05-17,20.5,11.9,15.1,42.75,23.5
Кремиковци,2023-05-18,15.4,11.2,13.1,42.75,23.5
Кремиковци,2023-05-19,20.3,7.5,14.7,42.75,23.5
Кремиковци,2023-05-20,20.6,10.1,15.7,42.75,23.5
Кремиковци,2023-05-21,21.1,9.9,15.4,42.75,23.5
Кремиковци,2023-05-22,20.0,10.5,15.8,42.75,23.5
Кремиковци,2023-05-23,21.9,10.2,16.0,42.75,23.5
Кремиковци,2023-05-24,23.6,9.5,16.6,42.75,23.5
Кремиковци,2023-05-25,21.4,10.6,16.6,42.75,23.5
Кремиковци,2023-05-26,21.2,12.6,16.9,42.75,23.5
Кремиковци,2023-05-27,21.1,11.2,16.4,42.75,23.5
Кремиковци,2023-05-28,19.3,10.8,15.8,42.75,23.5
Кремиковци,2023-05-29,21.1,13.5,16.9,42.75,23.5
Кремиковци,2023-05-30,22.5,11.9,17.4,42.75,23.5
Кремиковци,2023-05-31,23.0,11.4,17.2,42.75,23.5
Кремиковци,2023-06-01,24.0,11.2,17.7,42.75,23.5
Кремиковци,2023-06-02,24.6,10.6,18.2,42.75,23.5
Кремиковци,2023-06-03,21.7,14.5,17.9,42.75,23.5
Кремиковци,2023-06-04,21.2,13.2,17.2,42.75,23.5
Кремиковци,2023-06-05,23.5,12.8,17.9,42.75,23.5
Кремиковци,2023-06-06,24.0,12.8,18.0,42.75,23.5
Кремиковци,2023-06-07,23.6,12.7,18.4,42.75,23.5
Кремиковци,2023-06-08,25.0,13.0,19.3,42.75,23.5
Кремиковци,2023-06-09,25.2,12.9,19.2,42.75,23.5
Кремиковци,2023-06-10,23.8,12.9,18.7,42.75,23.5
Кремиковци,2023-06-11,25.2,13.6,19.4,42.75,23.5
Кремиковци,2023-06-12,24.9,12.4,18.1,42.75,23.5
Кремиковци,2023-06-13,20.9,15.3,17.6,42.75,23.5
Кремиковци,2023-06-14,23.7,15.1,19.0,42.75,23.5
Кремиковци,2023-06-15,22.4,14.6,18.7,42.75,23.5
Кремиковци,2023-06-16,23.1,16.2,18.9,42.75,23.5
Кремиковци,2023-06-17,20.6,15.3,17.1,42.75,23.5
Кремиковци,2023-06-18,21.7,14.3,17.5,42.75,23.5
Кремиковци,2023-06-19,26.0,12.1,19.2,42.75,23.5
Кремиковци,2023-06-20,26.2,13.0,19.9,42.75,23.5
Кремиковци,2023-06-21,27.9,13.2,20.7,42.75,23.5
Кремиковци,2023-06-22,28.5,16.5,22.4,42.75,23.5
Кремиковци,2023-06-23,30.0,15.3,23.0,42.75,23.5
Кремиковци,2023-06-24,29.8,17.6,23.4,42.75,23.5
Кремиковци,2023-06-25,25.2,16.4,20.6,42.75,23.5
Кремиковци,2023-06-26,24.6,15.6,20.1,42.75,23.5
Кремиковци,2023-06-27,26.0,14.9,20.9,42.75,23.5
Кремиковци,2023-06-28,25.5,14.9,19.3,42.75,23.5
Кремиковци,2023-06-29,22.0,12.1,17.4,42.75,23.5
Кремиковци,2023-06-30,25.8,13.4,19.3,42.75,23.5
Кремиковци,2023-07-01,27.1,12.5,20.4,42.75,23.5
Кремиковци,2023-07-02,23.2,15.8,19.8,42.75,23.5
Кремиковци,2023-07-03,27.5,14.4,21.1,42.75,23.5
Кремиковци,2023-07-04,28.9,15.1,22.3,42.75,23.5
Кремиковци,2023-07-05,27.9,17.2,21.7,42.75,23.5
Кремиковци,2023-07-06,26.5,16.7,21.3,42.75,23.5
Кремиковци,2023-07-07,27.4,16.5,21.4,42.75,23.5
Кремиковци,2023-07-08,26.2,15.8,20.6,42.75,23.5
Кремиковци,2023-07-09,27.8,12.9,20.6,42.75,23.5
Кремиковци,2023-07-10,28.5,13.6,21.8,42.75,23.5
Кремиковци,2023-07-11,29.7,14.4,23.1,42.75,23.5
Кремиковци,2023-07-12,33.1,19.3,26.4,42.75,23.5
Кремиковци,2023-07-13,35.8,18.8,27.6,42.75,23.5
Кремиковци,2023-07-14,33.0,21.3,26.9,42.75,23.5
Кремиковци,2023-07-15,32.8,18.0,25.6,42.75,23.5
Кремиковци,2023-07-16,33.2,20.8,27.0,42.75,23.5
Кремиковци,2023-07-17,34.5,20.4,27.7,42.75,23.5
Кремиковци,2023-07-18,34.1,20.5,27.5,42.75,23.5
Кремиковци,2023-07-19,34.0,20.0,26.9,42.75,23.5
Кремиковци,2023-07-20,32.8,18.8,25.5,42.75,23.5
Кремиковци,2023-07-21,33.4,18.6,25.8,42.75,23.5
Кремиковци,2023-07-22,36.3,19.6,27.4,42.75,23.5
Кремиковци,2023-07-23,31.9,20.4,25.7,42.75,23.5
Кремиковци,2023-07-24,33.5,17.4,25.5,42.75,23.5
Кремиковци,2023-07-25,38.4,19.0,28.7,42.75,23.5
Кремиковци,2023-07-26,35.6,22.1,28.1,42.75,23.5
Кремиковци,2023-07-27,23.3,16.5,19.9,42.75,23.5
Кремиковци,2023-07-28,29.4,13.0,20.9,42.75,23.5
Кремиковци,2023-07-29,31.8,15.7,23.8,42.75,23.5
Кремиковци,2023-07-30,32.2,17.3,24.9,42.75,23.5
Кремиковци,2023-07-31,28.5,19.2,23.5,42.75,23.5
Кремиковци,2023-08-01,30.0,16.0,23.2,42.75,23.5
Кремиковци,2023-08-02,31.6,18.8,25.1,42.75,23.5
Кремиковци,2023-08-03,36.2,19.4,27.7,42.75,23.5
Кремиковци,2023-08-04,37.1,20.8,29.4,42.75,23.5
Кремиковци,2023-08-05,34.3,22.4,28.7,42.75,23.5
Кремиковци,2023-08-06,26.9,17.6,22.3,42.75,23.5
Кремиковци,2023-08-07,27.2,15.2,20.7,42.75,23.5
Кремиковци,2023-08-08,23.8,15.8,19.1,42.75,23.5
Кремиковци,2023-08-09,27.8,11.1,19.2,42.75,23.5
Кремиковци,2023-08-10,21.9,16.4,18.8,42.75,23.5
Кремиковци,2023-08-11,26.1,13.2,19.7,42.75,23.5
Кремиковци,2023-08-12,27.4,13.1,20.9,42.75,23.5
Кремиковци,2023-08-13,27.8,15.1,22.3,42.75,23.5
Кремиковци,2023-08-14,29.0,14.1,22.7,42.75,23.5
Кремиковци,2023-08-15,24.5,19.2,21.8,42.75,23.5
Кремиковци,2023-08-16,27.9,18.5,23.1,42.75,23.5
Кремиковци,2023-08-17,32.8,16.4,24.8,42.75,23.5
Кремиковци,2023-08-18,33.5,18.8,26.3,42.75,23.5
Кремиковци,2023-08-19,31.9,18.3,25.3,42.75,23.5
Кремиковци,2023-08-20,32.0,16.1,24.9,42.75,23.5
Кремиковци,2023-08-21,33.1,19.0,26.4,42.75,23.5
Кремиковци,2023-08-22,33.2,19.0,26.4,42.75,23.5
Кремиковци,2023-08-23,33.6,18.6,26.7,42.75,23.5
Кремиковци,2023-08-24,31.0,20.7,25.6,42.75,23.5
Кремиковци,2023-08-25,32.8,19.0,25.6,42.75,23.5
Кремиковци,2023-08-26,33.0,17.7,25.6,42.75,23.5
Кремиковци,2023-08-27,33.4,18.9,25.9,42.75,23.5
Кремиковци,2023-08-28,34.6,18.0,26.0,42.75,23.5
Кремиковци,2023-08-29,29.9,19.8,23.9,42.75,23.5
Кремиковци,2023-08-30,29.2,16.6,22.5,42.75,23.5
Кремиковци,2023-08-31,28.4,15.9,21.5,42.75,23.5
Кремиковци,2023-09-01,28.5,13.9,21.3,42.75,23.5
Кремиковци,2023-09-02,28.5,15.7,22.2,42.75,23.5
Кремиковци,2023-09-03,29.9,14.7,21.9,42.75,23.5
Кремиковци,2023-09-04,19.8,15.2,16.2,42.75,23.5
Кремиковци,2023-09-05,22.2,15.3,18.1,42.75,23.5
Кремиковци,2023-09-06,24.5,14.0,19.8,42.75,23.5
Кремиковци,2023-09-07,25.1,16.5,21.0,42.75,23.5
Кремиковци,2023-09-08,25.0,13.1,20.5,42.75,23.5
Кремиковци,2023-09-09,25.9,11.1,19.1,42.75,23.5
Кремиковци,2023-09-10,26.1,10.1,18.6,42.75,23.5
Кремиковци,2023-09-11,26.0,10.0,18.4,42.75,23.5
Кремиковци,2023-09-12,28.7,11.1,19.4,42.75,23.5
Кремиковци,2023-09-13,30.5,12.9,21.1,42.75,23.5
Кремиковци,2023-09-14,30.2,15.1,22.1,42.75,23.5
Кремиковци,2023-09-15,28.1,15.9,21.0,42.75,23.5
Кремиковци,2023-09-16,24.1,15.4,19.0,42.75,23.5
Кремиковци,2023-09-17,25.2,16.0,19.6,42.75,23.5
Кремиковци,2023-09-18,25.1,16.4,20.1,42.75,23.5
Кремиковци,2023-09-19,25.2,12.9,18.6,42.75,23.5
Кремиковци,2023-09-20,26.5,15.2,19.9,42.75,23.5
Кремиковци,2023-09-21,27.5,15.0,20.3,42.75,23.5
Кремиковци,2023-09-22,29.3,15.0,21.6,42.75,23.5
Кремиковци,2023-09-23,32.1,16.2,23.3,42.75,23.5
Кремиковци,2023-09-24,29.1,17.3,22.6,42.75,23.5
Кремиковци,2023-09-25,24.4,18.0,20.9,42.75,23.5
Кремиковци,2023-09-26,23.5,15.2,19.8,42.75,23.5
Кремиковци,2023-09-27,23.4,12.9,18.8,42.75,23.5
Кремиковци,2023-09-28,23.3,12.9,18.8,42.75,23.5
Кремиковци,2023-09-29,24.6,12.6,18.3,42.75,23.5
Кремиковци,2023-09-30,25.0,11.1,18.1,42.75,23.5
Кремиковци,2023-10-01,24.1,11.2,17.5,42.75,23.5
Кремиковци,2023-10-02,22.4,12.1,16.6,42.75,23.5
Кремиковци,2023-10-03,22.8,10.5,15.8,42.75,23.5
Кремиковци,2023-10-04,26.5,8.6,16.3,42.75,23.5
Кремиковци,2023-10-05,25.0,11.9,17.5,42.75,23.5
Кремиковци,2023-10-06,22.8,12.1,17.0,42.75,23.5
Кремиковци,2023-10-07,23.9,8.8,14.9,42.75,23.5
Кремиковци,2023-10-08,24.7,7.7,16.3,42.75,23.5
Кремиковци,2023-10-09,20.5,11.1,16.0,42.75,23.5
Кремиковци,2023-10-10,20.9,13.4,16.4,42.75,23.5
Кремиковци,2023-10-11,21.5,9.0,14.7,42.75,23.5
Кремиковци,2023-10-12,22.5,7.1,13.9,42.75,23.5
Кремиковци,2023-10-13,26.5,9.0,16.5,42.75,23.5
Кремиковци,2023-10-14,25.9,8.6,16.4,42.75,23.5
Кремиковци,2023-10-15,26.0,9.6,17.0,42.75,23.5
Кремиковци,2023-10-16,16.1,7.2,11.5,42.75,23.5
Кремиковци,2023-10-17,12.1,5.2,8.5,42.75,23.5
Кремиковци,2023-10-18,15.1,7.2,10.9,42.75,23.5
Кремиковци,2023-10-19,18.2,5.2,10.6,42.75,23.5
Кремиковци,2023-10-20,27.5,8.2,15.9,42.75,23.5
Кремиковци,2023-10-21,30.0,11.4,18.6,42.75,23.5
Кремиковци,2023-10-22,27.1,13.9,19.8,42.75,23.5
Кремиковци,2023-10-23,23.8,14.6,18.7,42.75,23.5
Кремиковци,2023-10-24,22.9,12.7,16.5,42.75,23.5
Кремиковци,2023-10-25,26.3,12.2,17.8,42.75,23.5
Кремиковци,2023-10-26,23.9,11.1,16.6,42.75,23.5
Кремиковци,2023-10-27,25.2,10.6,17.5,42.75,23.5
Кремиковци,2023-10-28,25.3,10.9,17.4,42.75,23.5
Кремиковци,2023-10-29,22.3,11.2,15.5,42.75,23.5
Кремиковци,2023-10-30,22.0,7.3,13.6,42.75,23.5
Кремиковци,2023-10-31,23.0,8.1,14.3,42.75,23.5
Кремиковци,2023-11-01,18.6,9.1,13.9,42.75,23.5
Кремиковци,2023-11-02,16.9,8.4,12.3,42.75,23.5
Кремиковци,2023-11-03,17.5,9.6,12.9,42.75,23.5
Кремиковци,2023-11-04,12.9,7.7,11.4,42.75,23.5
Кремиковци,2023-11-05,20.2,4.8,10.8,42.75,23.5
Кремиковци,2023-11-06,20.3,8.3,13.4,42.75,23.5
Кремиковци,2023-11-07,17.6,6.7,11.4,42.75,23.5
Кремиковци,2023-11-08,14.1,8.6,10.4,42.75,23.5
Кремиковци,2023-11-09,12.1,3.5,7.4,42.75,23.5
Кремиковци,2023-11-10,11.9,2.5,6.5,42.75,23.5
Кремиковци,2023-11-11,15.4,5.7,9.5,42.75,23.5
Кремиковци,2023-11-12,9.1,2.8,6.3,42.75,23.5
Кремиковци,2023-11-13,12.5,3.9,7.8,42.75,23.5
Кремиковци,2023-11-14,17.9,2.7,9.1,42.75,23.5
Кремиковци,2023-11-15,15.4,4.2,9.2,42.75,23.5
Кремиковци,2023-11-16,12.2,4.9,8.4,42.75,23.5
Кремиковци,2023-11-17,12.8,3.2,6.9,42.75,23.5
Кремиковци,2023-11-18,7.3,2.3,4.1,42.75,23.5
Кремиковци,2023-11-19,5.6,1.6,3.3,42.75,23.5
Кремиковци,2023-11-20,13.1,0.0,5.6,42.75,23.5
Кремиковци,2023-11-21,12.0,0.7,5.1,42.75,23.5
Кремиковци,2023-11-22,11.2,3.7,7.1,42.75,23.5
Кремиковци,2023-11-23,10.4,6.1,8.1,42.75,23.5
Кремиковци,2023-11-24,12.0,5.2,8.1,42.75,23.5
Кремиковци,2023-11-25,8.2,0.4,3.8,42.75,23.5
Кремиковци,2023-11-26,0.2,-2.9,-1.3,42.75,23.5
Кремиковци,2023-11-27,1.6,-6.2,-1.8,42.75,23.5
Кремиковци,2023-11-28,1.8,-4.8,-0.6,42.75,23.5
Кремиковци,2023-11-29,5.2,-2.6,2.4,42.75,23.5
Кремиковци,2023-11-30,6.9,-4.0,0.1,42.75,23.5
Кремиковци,2023-12-01,15.4,-0.6,6.0,42.75,23.5
Кремиковци,2023-12-02,11.7,2.0,6.6,42.75,23.5
Кремиковци,2023-12-03,8.4,1.2,5.5,42.75,23.5
Кремиковци,2023-12-04,3.1,-2.8,-0.4,42.75,23.5
Кремиковци,2023-12-05,4.1,-0.7,1.5,42.75,23.5
Кремиковци,2023-12-06,4.9,1.9,3.5,42.75,23.5
Кремиковци,2023-12-07,4.7,0.1,2.6,42.75,23.5
Кремиковци,2023-12-08,3.3,0.4,1.7,42.75,23.5
Кремиковци,2023-12-09,3.8,-1.9,0.9,42.75,23.5
Кремиковци,2023-12-10,5.2,-3.3,-0.2,42.75,23.5
Кремиковци,2023-12-11,7.4,-1.2,3.0,42.75,23.5
Кремиковци,2023-12-12,10.6,-1.0,4.8,42.75,23.5
Кремиковци,2023-12-13,9.2,0.6,4.3,42.75,23.5
Кремиковци,2023-12-14,13.8,2.9,6.2,42.75,23.5
Кремиковци,2023-12-15,6.0,2.3,4.9,42.75,23.5
Кремиковци,2023-12-16,2.6,0.2,1.4,42.75,23.5
Кремиковци,2023-12-17,4.0,-3.8,-0.2,42.75,23.5
Кремиковци,2023-12-18,9.1,-2.2,1.1,42.75,23.5
Кремиковци,2023-12-19,9.4,-1.5,3.2,42.75,23.5
Кремиковци,2023-12-20,7.6,-2.0,1.9,42.75,23.5
Кремиковци,2023-12-21,6.2,-2.3,1.3,42.75,23.5
Кремиковци,2023-12-22,5.2,-2.6,1.8,42.75,23.5
Кремиковци,2023-12-23,6.2,-2.3,1.5,42.75,23.5
Кремиковци,2023-12-24,12.8,1.5,6.3,42.75,23.5
Кремиковци,2023-12-25,12.7,1.1,6.8,42.75,23.5
Кремиковци,2023-12-26,11.2,1.5,7.1,42.75,23.5
Кремиковци,2023-12-27,12.4,0.3,5.1,42.75,23.5
Кремиковци,2023-12-28,8.7,-1.5,3.5,42.75,23.5
Кремиковци,2023-12-29,8.9,-0.1,4.0,42.75,23.5
Кремиковци,2023-12-30,9.4,0.5,3.5,42.75,23.5
Кремиковци,2023-12-31,7.8,0.9,3.6,42.75,23.5
Лозенец,2023-01-01,11.4,1.5,6.3,42.671,23.33
Лозенец,2023-01-02,12.2,4.4,7.1,42.671,23.33
Лозенец,2023-01-03,13.8,2.7,7.0,42.671,23.33
Лозенец,2023-01-04,7.6,4.1,5.4,42.671,23.33
Лозенец,2023-01-05,11.6,4.2,6.2,42.671,23.33
Лозенец,2023-01-06,9.6,2.9,6.1,42.671,23.33
Лозенец,2023-01-07,10.1,0.0,4.5,42.671,23.33
Лозенец,2023-01-08,8.6,1.1,4.6,42.671,23.33
Лозенец,2023-01-09,6.6,-1.7,1.7,42.671,23.33
Лозенец,2023-01-10,3.7,-0.2,2.2,42.671,23.33
Лозенец,2023-01-11,3.8,-1.0,1.9,42.671,23.33
Лозенец,2023-01-12,4.2,1.7,2.7,42.671,23.33
Лозенец,2023-01-13,4.4,-0.1,2.4,42.671,23.33
Лозенец,2023-01-14,4.9,-1.5,1.9,42.671,23.33
Лозенец,2023-01-15,7.7,0.1,3.2,42.671,23.33
Лозенец,2023-01-16,6.9,0.2,2.5,42.671,23.33
Лозенец,2023-01-17,13.0,0.4,6.0,42.671,23.33
Лозенец,2023-01-18,14.6,4.5,9.0,42.671,23.33
Лозенец,2023-01-19,16.6,4.1,10.7,42.671,23.33
Лозенец,2023-01-20,8.9,1.0,5.8,42.671,23.33
Лозенец,2023-01-21,8.7,-1.8,3.6,42.671,23.33
Лозенец,2023-01-22,9.0,2.9,5.8,42.671,23.33
Лозенец,2023-01-23,7.4,4.4,6.3,42.671,23.33
Лозенец,2023-01-24,4.1,0.1,1.9,42.671,23.33
Лозенец,2023-01-25,2.4,-0.7,0.3,42.671,23.33
Лозенец,2023-01-26,1.3,-2.1,-0.8,42.671,23.33
Лозенец,2023-01-27,2.8,-0.7,0.3,42.671,23.33
Лозенец,2023-01-28,2.1,-1.3,-0.2,42.671,23.33
Лозенец,2023-01-29,1.3,-1.8,-0.4,42.671,23.33
Лозенец,2023-01-30,1.5,-3.0,-1.4,42.671,23.33
Лозенец,2023-01-31,2.8,-1.9,0.0,42.671,23.33
Лозенец,2023-02-01,5.6,-2.2,1.0,42.671,23.33
Лозенец,2023-02-02,6.8,-1.5,2.3,42.671,23.33
Лозенец,2023-02-03,3.5,-1.3,0.7,42.671,23.33
Лозенец,2023-02-04,3.7,-1.3,1.5,42.671,23.33
Лозенец,2023-02-05,-1.6,-6.0,-4.2,42.671,23.33
Лозенец,2023-02-06,-2.8,-8.5,-5.5,42.671,23.33
Лозенец,2023-02-07,-1.4,-7.0,-4.8,42.671,23.33
Лозенец,2023-02-08,-2.0,-8.3,-5.1,42.671,23.33
Лозенец,2023-02-09,0.1,-8.0,-5.1,42.671,23.33
Лозенец,2023-02-10,2.9,-7.7,-3.3,42.671,23.33
Лозенец,2023-02-11,3.8,-6.0,-2.1,42.671,23.33
Лозенец,2023-02-12,3.3,-2.5,-0.2,42.671,23.33
Лозенец,2023-02-13,5.8,-3.1,0.4,42.671,23.33
Лозенец,2023-02-14,3.4,-1.4,0.4,42.671,23.33
Лозенец,2023-02-15,5.9,-1.4,1.5,42.671,23.33
Лозенец,2023-02-16,12.2,-2.4,2.9,42.671,23.33
Лозенец,2023-02-17,13.6,-0.3,5.0,42.671,23.33
Лозенец,2023-02-18,15.0,0.7,6.3,42.671,23.33
Лозенец,2023-02-19,16.8,2.5,8.6,42.671,23.33
Лозенец,2023-02-20,11.2,4.3,7.3,42.671,23.33
Лозенец,2023-02-21,17.2,1.7,8.2,42.671,23.33
Лозенец,2023-02-22,15.7,3.9,8.8,42.671,23.33
Лозенец,2023-02-23,15.0,2.5,7.7,42.671,23.33
Лозенец,2023-02-24,12.3,4.6,7.4,42.671,23.33
Лозенец,2023-02-25,15.0,3.0,9.0,42.671,23.33
Лозенец,2023-02-26,17.7,7.4,11.9,42.671,23.33
Лозенец,2023-02-27,12.9,3.3,8.1,42.671,23.33
Лозенец,2023-02-28,10.9,3.8,6.8,42.671,23.33
Лозенец,2023-03-01,7.2,3.5,5.2,42.671,23.33
Лозенец,2023-03-02,7.0,3.6,4.8,42.671,23.33
Лозенец,2023-03-03,6.0,2.8,4.1,42.671,23.33
Лозенец,2023-03-04,8.9,0.8,4.3,42.671,23.33
Лозенец,2023-03-05,9.1,1.6,5.0,42.671,23.33
Лозенец,2023-03-06,11.3,-1.7,4.4,42.671,23.33
Лозенец,2023-03-07,13.6,1.3,6.9,42.671,23.33
Лозенец,2023-03-08,13.6,1.4,7.6,42.671,23.33
Лозенец,2023-03-09,17.6,3.1,9.8,42.671,23.33
Лозенец,2023-03-10,16.0,5.7,9.9,42.671,23.33
Лозенец,2023-03-11,14.2,4.4,9.4,42.671,23.33
Лозенец,2023-03-12,6.9,-0.7,2.9,42.671,23.33
Лозенец,2023-03-13,9.8,-3.5,2.8,42.671,23.33
Лозенец,2023-03-14,15.0,-0.7,6.6,42.671,23.33
Лозенец,2023-03-15,12.5,1.7,6.2,42.671,23.33
Лозенец,2023-03-16,5.1,0.4,2.0,42.671,23.33
Лозенец,2023-03-17,7.5,-0.4,2.8,42.671,23.33
Лозенец,2023-03-18,7.7,-1.9,2.9,42.671,23.33
Лозенец,2023-03-19,14.7,-1.8,5.7,42.671,23.33
Лозенец,2023-03-20,18.8,3.0,10.7,42.671,23.33
Лозенец,2023-03-21,15.2,6.6,11.1,42.671,23.33
Лозенец,2023-03-22,11.9,5.5,8.3,42.671,23.33
Лозенец,2023-03-23,14.5,3.3,8.3,42.671,23.33
Лозенец,2023-03-24,18.4,5.4,11.3,42.671,23.33
Лозенец,2023-03-25,19.3,5.2,12.4,42.671,23.33
Лозенец,2023-03-26,15.1,5.9,9.9,42.671,23.33
Лозенец,2023-03-27,14.8,4.2,8.6,42.671,23.33
Лозенец,2023-03-28,5.4,-0.5,2.0,42.671,23.33
Лозенец,2023-03-29,6.6,-2.4,1.7,42.671,23.33
Лозенец,2023-03-30,13.6,2.1,6.8,42.671,23.33
Лозенец,2023-03-31,16.7,4.6,10.6,42.671,23.33
Лозенец,2023-04-01,16.0,6.1,10.1,42.671,23.33
Лозенец,2023-04-02,14.8,4.9,9.2,42.671,23.33
Лозенец,2023-04-03,14.0,2.8,7.3,42.671,23.33
Лозенец,2023-04-04,8.2,-0.2,4.6,42.671,23.33
Лозенец,2023-04-05,4.6,-1.0,1.3,42.671,23.33
Лозенец,2023-04-06,5.4,-2.1,1.3,42.671,23.33
Лозенец,2023-04-07,8.1,-0.6,3.3,42.671,23.33
Лозенец,2023-04-08,10.9,1.5,5.9,42.671,23.33
Лозенец,2023-04-09,10.5,3.8,6.6,42.671,23.33
Лозенец,2023-04-10,9.7,3.5,6.6,42.671,23.33
Лозенец,2023-04-11,11.5,3.3,7.2,42.671,23.33
Лозенец,2023-04-12,11.9,5.6,8.2,42.671,23.33
Лозенец,2023-04-13,18.8,0.8,9.9,42.671,23.33
Лозенец,2023-04-14,20.5,6.3,10.7,42.671,23.33
Лозенец,2023-04-15,16.1,3.3,9.9,42.671,23.33
Лозенец,2023-04-16,16.4,6.7,10.5,42.671,23.33
Лозенец,2023-04-17,14.3,7.2,9.7,42.671,23.33
Лозенец,2023-04-18,12.9,7.4,9.5,42.671,23.33
Лозенец,2023-04-19,14.0,6.0,9.2,42.671,23.33
Лозенец,2023-04-20,13.0,5.7,9.0,42.671,23.33
Лозенец,2023-04-21,15.0,6.1,10.3,42.671,23.33
Лозенец,2023-04-22,15.1,4.6,10.2,42.671,23.33
Лозенец,2023-04-23,16.4,5.8,10.4,42.671,23.33
Лозенец,2023-04-24,18.8,6.9,11.4,42.671,23.33
Лозенец,2023-04-25,14.5,7.7,11.1,42.671,23.33
Лозенец,2023-04-26,13.6,5.7,9.2,42.671,23.33
Лозенец,2023-04-27,11.1,3.6,7.6,42.671,23.33
Лозенец,2023-04-28,14.5,2.4,7.7,42.671,23.33
Лозенец,2023-04-29,14.6,3.7,9.6,42.671,23.33
Лозенец,2023-04-30,16.4,5.6,11.2,42.671,23.33
Лозенец,2023-05-01,17.6,6.2,11.9,42.671,23.33
Лозенец,2023-05-02,18.7,6.5,12.7,42.671,23.33
Лозенец,2023-05-03,17.3,8.6,11.7,42.671,23.33
Лозенец,2023-05-04,13.4,7.6,10.5,42.671,23.33
Лозенец,2023-05-05,16.0,5.8,11.0,42.671,23.33
Лозенец,2023-05-06,17.1,6.3,12.2,42.671,23.33
Лозенец,2023-05-07,20.6,9.6,14.7,42.671,23.33
Лозенец,2023-05-08,20.0,10.8,14.3,42.671,23.33
Лозенец,2023-05-09,13.1,8.9,10.8,42.671,23.33
Лозенец,2023-05-10,10.0,7.3,8.4,42.671,23.33
Лозенец,2023-05-11,13.0,7.1,10.0,42.671,23.33
Лозенец,2023-05-12,14.1,6.7,9.8,42.671,23.33
Лозенец,2023-05-13,18.0,7.4,12.3,42.671,23.33
Лозенец,2023-05-14,15.0,10.2,11.9,42.671,23.33
Лозенец,2023-05-15,17.4,9.2,12.7,42.671,23.33
Лозенец,2023-05-16,19.8,11.4,14.8,42.671,23.33
Лозенец,2023-05-17,18.7,11.1,14.1,42.671,23.33
Лозенец,2023-05-18,14.3,10.7,11.9,42.671,23.33
Лозенец,2023-05-19,18.7,7.5,13.3,42.671,23.33
Лозенец,2023-05-20,19.2,10.5,15.2,42.671,23.33
Лозенец,2023-05-21,19.1,9.9,14.3,42.671,23.33
Лозенец,2023-05-22,18.2,9.1,14.0,42.671,23.33
Лозенец,2023-05-23,20.3,8.6,15.1,42.671,23.33
Лозенец,2023-05-24,22.1,8.8,16.5,42.671,23.33
Лозенец,2023-05-25,20.0,11.6,16.2,42.671,23.33
Лозенец,2023-05-26,20.0,10.4,15.4,42.671,23.33
Лозенец,2023-05-27,20.4,9.0,15.1,42.671,23.33
Лозенец,2023-05-28,17.8,10.5,14.8,42.671,23.33
Лозенец,2023-05-29,19.4,12.3,15.4,42.671,23.33
Лозенец,2023-05-30,21.0,12.1,16.2,42.671,23.33
Лозенец,2023-05-31,21.4,11.5,16.7,42.671,23.33
Лозенец,2023-06-01,21.7,12.7,16.7,42.671,23.33
Лозенец,2023-06-02,22.3,12.4,17.9,42.671,23.33
Лозенец,2023-06-03,19.8,12.1,16.5,42.671,23.33
Лозенец,2023-06-04,19.7,13.1,15.9,42.671,23.33
Лозенец,2023-06-05,21.5,12.2,16.8,42.671,23.33
Лозенец,2023-06-06,22.2,11.2,16.9,42.671,23.33
Лозенец,2023-06-07,21.4,11.9,17.0,42.671,23.33
Лозенец,2023-06-08,23.9,11.7,18.0,42.671,23.33
Лозенец,2023-06-09,24.5,12.4,18.2,42.671,23.33
Лозенец,2023-06-10,22.7,14.8,17.8,42.671,23.33
Лозенец,2023-06-11,22.7,13.3,18.3,42.671,23.33
Лозенец,2023-06-12,22.8,14.7,17.8,42.671,23.33
Лозенец,2023-06-13,19.5,13.5,16.1,42.671,23.33
Лозенец,2023-06-14,21.8,13.8,17.6,42.671,23.33
Лозенец,2023-06-15,20.3,13.9,17.6,42.671,23.33
Лозенец,2023-06-16,21.2,15.1,17.5,42.671,23.33
Лозенец,2023-06-17,18.7,14.0,15.7,42.671,23.33
Лозенец,2023-06-18,20.4,13.7,16.5,42.671,23.33
Лозенец,2023-06-19,23.9,13.8,18.7,42.671,23.33
Лозенец,2023-06-20,23.9,13.9,19.5,42.671,23.33
Лозенец,2023-06-21,26.3,15.8,21.3,42.671,23.33
Лозенец,2023-06-22,27.8,15.7,22.0,42.671,23.33
Лозенец,2023-06-23,28.6,17.4,22.8,42.671,23.33
Лозенец,2023-06-24,28.4,18.1,22.6,42.671,23.33
Лозенец,2023-06-25,23.7,16.5,19.5,42.671,23.33
Лозенец,2023-06-26,23.3,15.5,19.5,42.671,23.33
Лозенец,2023-06-27,25.1,13.6,19.9,42.671,23.33
Лозенец,2023-06-28,24.5,14.9,18.7,42.671,23.33
Лозенец,2023-06-29,21.1,12.2,16.4,42.671,23.33
Лозенец,2023-06-30,25.5,11.6,18.5,42.671,23.33
Лозенец,2023-07-01,27.2,15.4,20.9,42.671,23.33
Лозенец,2023-07-02,23.2,15.4,19.5,42.671,23.33
Лозенец,2023-07-03,26.2,15.7,20.9,42.671,23.33
Лозенец,2023-07-04,27.8,15.4,21.8,42.671,23.33
Лозенец,2023-07-05,25.7,16.8,21.2,42.671,23.33
Лозенец,2023-07-06,24.5,16.3,20.3,42.671,23.33
Лозенец,2023-07-07,25.5,17.2,20.6,42.671,23.33
Лозенец,2023-07-08,23.9,15.7,19.8,42.671,23.33
Лозенец,2023-07-09,25.3,14.2,20.1,42.671,23.33
Лозенец,2023-07-10,27.3,14.1,21.2,42.671,23.33
Лозенец,2023-07-11,28.9,15.0,22.5,42.671,23.33
Лозенец,2023-07-12,32.5,18.2,25.0,42.671,23.33
Лозенец,2023-07-13,34.9,19.2,27.0,42.671,23.33
Лозенец,2023-07-14,31.2,20.3,25.8,42.671,23.33
Лозенец,2023-07-15,31.1,19.9,25.2,42.671,23.33
Лозенец,2023-07-16,31.4,20.6,26.0,42.671,23.33
Лозенец,2023-07-17,31.9,21.1,26.9,42.671,23.33
Лозенец,2023-07-18,32.5,21.0,27.0,42.671,23.33
Лозенец,2023-07-19,32.5,18.6,26.0,42.671,23.33
Лозенец,2023-07-20,31.0,18.4,24.8,42.671,23.33
Лозенец,2023-07-21,32.9,18.8,25.2,42.671,23.33
Лозенец,2023-07-22,35.0,19.3,26.7,42.671,23.33
Лозенец,2023-07-23,30.0,20.7,24.9,42.671,23.33
Лозенец,2023-07-24,32.8,17.8,25.5,42.671,23.33
Лозенец,2023-07-25,37.3,20.0,27.9,42.671,23.33
Лозенец,2023-07-26,33.9,20.6,27.0,42.671,23.33
Лозенец,2023-07-27,21.9,15.5,18.6,42.671,23.33
Лозенец,2023-07-28,28.8,11.0,20.0,42.671,23.33
Лозенец,2023-07-29,29.9,16.5,23.4,42.671,23.33
Лозенец,2023-07-30,31.2,17.2,24.4,42.671,23.33
Лозенец,2023-07-31,26.5,18.3,22.2,42.671,23.33
Лозенец,2023-08-01,29.7,15.7,22.6,42.671,23.33
Лозенец,2023-08-02,30.8,18.9,24.7,42.671,23.33
Лозенец,2023-08-03,34.1,19.4,27.0,42.671,23.33
Лозенец,2023-08-04,33.9,21.9,28.4,42.671,23.33
Лозенец,2023-08-05,32.9,20.2,26.6,42.671,23.33
Лозенец,2023-08-06,25.8,17.3,21.3,42.671,23.33
Лозенец,2023-08-07,25.8,14.7,19.1,42.671,23.33
Лозенец,2023-08-08,21.7,14.3,17.4,42.671,23.33
Лозенец,2023-08-09,25.4,10.8,17.7,42.671,23.33
Лозенец,2023-08-10,20.6,15.3,17.7,42.671,23.33
Лозенец,2023-08-11,23.9,12.0,17.9,42.671,23.33
Лозенец,2023-08-12,25.7,12.9,19.5,42.671,23.33
Лозенец,2023-08-13,25.8,15.8,21.1,42.671,23.33
Лозенец,2023-08-14,27.3,15.6,22.0,42.671,23.33
Лозенец,2023-08-15,24.9,18.1,20.9,42.671,23.33
Лозенец,2023-08-16,26.8,17.5,22.0,42.671,23.33
Лозенец,2023-08-17,30.2,16.9,23.6,42.671,23.33
Лозенец,2023-08-18,31.7,17.9,24.7,42.671,23.33
Лозенец,2023-08-19,30.1,17.4,23.9,42.671,23.33
Лозенец,2023-08-20,30.6,18.1,24.2,42.671,23.33
Лозенец,2023-08-21,32.0,19.2,26.1,42.671,23.33
Лозенец,2023-08-22,31.5,19.3,25.6,42.671,23.33
Лозенец,2023-08-23,32.0,21.2,26.6,42.671,23.33
Лозенец,2023-08-24,30.3,18.7,25.5,42.671,23.33
Лозенец,2023-08-25,31.9,18.5,24.8,42.671,23.33
Лозенец,2023-08-26,32.8,18.7,25.7,42.671,23.33
Лозенец,2023-08-27,31.7,19.8,25.4,42.671,23.33
Лозенец,2023-08-28,33.1,18.5,25.4,42.671,23.33
Лозенец,2023-08-29,28.6,18.4,23.0,42.671,23.33
Лозенец,2023-08-30,29.1,16.7,22.0,42.671,23.33
Лозенец,2023-08-31,26.8,15.3,20.8,42.671,23.33
Лозенец,2023-09-01,26.2,14.5,20.2,42.671,23.33
Лозенец,2023-09-02,27.5,15.0,21.1,42.671,23.33
Лозенец,2023-09-03,27.7,16.3,21.6,42.671,23.33
Лозенец,2023-09-04,19.0,14.6,15.5,42.671,23.33
Лозенец,2023-09-05,20.8,14.7,17.2,42.671,23.33
Лозенец,2023-09-06,23.1,14.5,18.8,42.671,23.33
Лозенец,2023-09-07,23.4,16.5,19.9,42.671,23.33
Лозенец,2023-09-08,23.9,14.0,19.4,42.671,23.33
Лозенец,2023-09-09,25.0,14.1,18.7,42.671,23.33
Лозенец,2023-09-10,25.3,15.1,19.5,42.671,23.33
Лозенец,2023-09-11,25.0,11.9,18.4,42.671,23.33
Лозенец,2023-09-12,27.2,13.5,19.6,42.671,23.33
Лозенец,2023-09-13,30.4,15.9,22.2,42.671,23.33
Лозенец,2023-09-14,29.1,18.0,22.7,42.671,23.33
Лозенец,2023-09-15,26.5,16.2,20.6,42.671,23.33
Лозенец,2023-09-16,22.9,15.7,18.8,42.671,23.33
Лозенец,2023-09-17,23.6,15.2,18.8,42.671,23.33
Лозенец,2023-09-18,24.1,14.8,18.9,42.671,23.33
Лозенец,2023-09-19,23.6,13.8,17.9,42.671,23.33
Лозенец,2023-09-20,25.3,14.8,19.0,42.671,23.33
Лозенец,2023-09-21,26.5,14.9,20.1,42.671,23.33
Лозенец,2023-09-22,30.3,14.4,21.6,42.671,23.33
Лозенец,2023-09-23,31.8,15.8,22.8,42.671,23.33
Лозенец,2023-09-24,27.6,16.6,21.7,42.671,23.33
Лозенец,2023-09-25,23.1,16.7,19.6,42.671,23.33
Лозенец,2023-09-26,22.7,15.1,18.7,42.671,23.33
Лозенец,2023-09-27,22.9,13.4,17.9,42.671,23.33
Лозенец,2023-09-28,22.6,12.7,17.8,42.671,23.33
Лозенец,2023-09-29,23.9,12.5,17.8,42.671,23.33
Лозенец,2023-09-30,24.4,11.6,18.0,42.671,23.33
Лозенец,2023-10-01,22.7,13.0,16.9,42.671,23.33
Лозенец,2023-10-02,21.5,12.1,16.0,42.671,23.33
Лозенец,2023-10-03,21.9,8.4,15.2,42.671,23.33
Лозенец,2023-10-04,24.6,12.3,17.7,42.671,23.33
Лозенец,2023-10-05,24.0,12.8,17.1,42.671,23.33
Лозенец,2023-10-06,21.4,12.3,16.1,42.671,23.33
Лозенец,2023-10-07,23.2,7.6,14.8,42.671,23.33
Лозенец,2023-10-08,23.8,9.9,16.7,42.671,23.33
Лозенец,2023-10-09,20.0,11.2,15.2,42.671,23.33
Лозенец,2023-10-10,20.3,11.1,15.5,42.671,23.33
Лозенец,2023-10-11,20.1,9.8,14.5,42.671,23.33
Лозенец,2023-10-12,23.1,9.4,15.3,42.671,23.33
Лозенец,2023-10-13,24.8,10.7,17.6,42.671,23.33
Лозенец,2023-10-14,25.1,12.5,17.5,42.671,23.33
Лозенец,2023-10-15,25.2,11.7,17.7,42.671,23.33
Лозенец,2023-10-16,14.5,7.8,10.6,42.671,23.33
Лозенец,2023-10-17,11.5,4.1,7.8,42.671,23.33
Лозенец,2023-10-18,14.6,7.4,10.2,42.671,23.33
Лозенец,2023-10-19,19.5,6.4,11.6,42.671,23.33
Лозенец,2023-10-20,26.4,11.2,17.9,42.671,23.33
Лозенец,2023-10-21,27.6,15.5,19.8,42.671,23.33
Лозенец,2023-10-22,25.1,15.0,19.5,42.671,23.33
Лозенец,2023-10-23,22.9,13.3,17.1,42.671,23.33
Лозенец,2023-10-24,23.7,10.5,16.1,42.671,23.33
Лозенец,2023-10-25,24.7,13.3,18.3,42.671,23.33
Лозенец,2023-10-26,22.6,13.0,17.1,42.671,23.33
Лозенец,2023-10-27,23.8,13.6,18.4,42.671,23.33
Лозенец,2023-10-28,24.2,12.8,18.1,42.671,23.33
Лозенец,2023-10-29,21.8,10.0,15.5,42.671,23.33
Лозенец,2023-10-30,22.2,11.1,15.2,42.671,23.33
Лозенец,2023-10-31,22.6,6.8,15.5,42.671,23.33
Лозенец,2023-11-01,18.1,9.7,14.2,42.671,23.33
Лозенец,2023-11-02,18.2,8.7,12.6,42.671,23.33
Лозенец,2023-11-03,19.9,9.2,13.3,42.671,23.33
Лозенец,2023-11-04,13.6,9.9,11.9,42.671,23.33
Лозенец,2023-11-05,18.4,5.6,12.4,42.671,23.33
Лозенец,2023-11-06,20.4,10.8,14.7,42.671,23.33
Лозенец,2023-11-07,18.8,8.2,12.2,42.671,23.33
Лозенец,2023-11-08,14.4,8.8,11.8,42.671,23.33
Лозенец,2023-11-09,12.0,4.1,7.7,42.671,23.33
Лозенец,2023-11-10,13.4,3.6,7.6,42.671,23.33
Лозенец,2023-11-11,13.8,6.2,9.4,42.671,23.33
Лозенец,2023-11-12,8.5,2.5,6.5,42.671,23.33
Лозенец,2023-11-13,12.7,4.3,7.3,42.671,23.33
Лозенец,2023-11-14,18.6,2.6,9.2,42.671,23.33
Лозенец,2023-11-15,17.2,5.6,9.5,42.671,23.33
Лозенец,2023-11-16,11.8,3.2,7.8,42.671,23.33
Лозенец,2023-11-17,12.5,4.4,7.6,42.671,23.33
Лозенец,2023-11-18,7.7,1.8,3.3,42.671,23.33
Лозенец,2023-11-19,4.8,0.7,2.6,42.671,23.33
Лозенец,2023-11-20,13.4,0.3,5.5,42.671,23.33
Лозенец,2023-11-21,10.9,3.7,6.4,42.671,23.33
Лозенец,2023-11-22,10.3,5.7,7.6,42.671,23.33
Лозенец,2023-11-23,10.0,5.9,7.7,42.671,23.33
Лозенец,2023-11-24,13.2,5.8,9.2,42.671,23.33
Лозенец,2023-11-25,8.9,-0.2,3.7,42.671,23.33
Лозенец,2023-11-26,-0.4,-3.7,-2.1,42.671,23.33
Лозенец,2023-11-27,1.2,-3.3,-1.8,42.671,23.33
Лозенец,2023-11-28,3.8,-2.3,1.0,42.671,23.33
Лозенец,2023-11-29,3.8,-0.3,2.5,42.671,23.33
Лозенец,2023-11-30,7.2,-1.8,1.9,42.671,23.33
Лозенец,2023-12-01,16.7,1.6,9.7,42.671,23.33
Лозенец,2023-12-02,15.4,7.4,11.5,42.671,23.33
Лозенец,2023-12-03,10.7,0.4,5.8,42.671,23.33
Лозенец,2023-12-04,2.7,-3.2,-0.9,42.671,23.33
Лозенец,2023-12-05,4.4,-1.1,1.3,42.671,23.33
Лозенец,2023-12-06,4.4,1.3,3.0,42.671,23.33
Лозенец,2023-12-07,4.0,0.8,2.6,42.671,23.33
Лозенец,2023-12-08,2.0,-0.9,0.5,42.671,23.33
Лозенец,2023-12-09,2.7,-2.0,-0.1,42.671,23.33
Лозенец,2023-12-10,6.5,-2.2,1.0,42.671,23.33
Лозенец,2023-12-11,8.8,-0.9,3.2,42.671,23.33
Лозенец,2023-12-12,10.6,-0.7,4.1,42.671,23.33
Лозенец,2023-12-13,11.7,0.6,5.8,42.671,23.33
Лозенец,2023-12-14,14.0,4.4,7.5,42.671,23.33
Лозенец,2023-12-15,5.5,1.6,4.2,42.671,23.33
Лозенец,2023-12-16,1.7,-2.3,0.3,42.671,23.33
Лозенец,2023-12-17,3.8,-3.4,-0.8,42.671,23.33
Лозенец,2023-12-18,9.9,-2.8,1.6,42.671,23.33
Лозенец,2023-12-19,10.4,-2.5,3.2,42.671,23.33
Лозенец,2023-12-20,11.4,-0.6,3.6,42.671,23.33
Лозенец,2023-12-21,6.3,-2.7,1.5,42.671,23.33
Лозенец,2023-12-22,6.5,-2.7,2.6,42.671,23.33
Лозенец,2023-12-23,8.3,-0.1,3.0,42.671,23.33
Лозенец,2023-12-24,12.7,2.9,7.5,42.671,23.33
Лозенец,2023-12-25,14.4,1.3,5.7,42.671,23.33
Лозенец,2023-12-26,14.7,0.9,5.4,42.671,23.33
Лозенец,2023-12-27,11.3,2.4,5.4,42.671,23.33
Лозенец,2023-12-28,12.1,0.7,5.4,42.671,23.33
Лозенец,2023-12-29,11.5,-0.7,3.8,42.671,23.33
Лозенец,2023-12-30,10.7,-0.0,3.9,42.671,23.33
Лозенец,2023-12-31,9.1,-0.3,4.2,42.671,23.33
Люлин,2023-01-01,11.7,1.8,6.6,42.7063,23.2621
Люлин,2023-01-02,12.5,4.7,7.3,42.7063,23.2621
Люлин,2023-01-03,14.1,3.0,7.3,42.7063,23.2621
Люлин,2023-01-04,7.9,4.4,5.7,42.7063,23.2621
Люлин,2023-01-05,11.9,4.5,6.4,42.7063,23.2621
Люлин,2023-01-06,9.9,3.2,6.4,42.7063,23.2621
Люлин,2023-01-07,10.4,0.3,4.8,42.7063,23.2621
Люлин,2023-01-08,8.9,1.4,4.9,42.7063,23.2621
Люлин,2023-01-09,6.9,-1.4,2.0,42.7063,23.2621
Люлин,2023-01-10,4.0,0.1,2.5,42.7063,23.2621
Люлин,2023-01-11,4.1,-0.7,2.2,42.7063,23.2621
Люлин,2023-01-12,4.5,2.0,3.0,42.7063,23.2621
Люлин,2023-01-13,4.7,0.2,2.7,42.7063,23.2621
Люлин,2023-01-14,5.2,-1.2,2.2,42.7063,23.2621
Люлин,2023-01-15,8.0,0.4,3.5,42.7063,23.2621
Люлин,2023-01-16,7.2,0.5,2.8,42.7063,23.2621
Люлин,2023-01-17,13.3,0.7,6.3,42.7063,23.2621
Люлин,2023-01-18,14.9,4.8,9.3,42.7063,23.2621
Люлин,2023-01-19,16.9,4.4,11.0,42.7063,23.2621
Люлин,2023-01-20,9.2,1.3,6.1,42.7063,23.2621
Люлин,2023-01-21,9.0,-1.5,3.9,42.7063,23.2621
Люлин,2023-01-22,9.3,3.2,6.1,42.7063,23.2621
Люлин,2023-01-23,7.7,4.7,6.6,42.7063,23.2621
Люлин,2023-01-24,4.4,0.4,2.2,42.7063,23.2621
Люлин,2023-01-25,2.7,-0.4,0.6,42.7063,23.2621
Люлин,2023-01-26,1.6,-1.8,-0.5,42.7063,23.2621
Люлин,2023-01-27,3.1,-0.4,0.6,42.7063,23.2621
Люлин,2023-01-28,2.4,-1.0,0.1,42.7063,23.2621
Люлин,2023-01-29,1.6,-1.5,-0.2,42.7063,23.2621
Люлин,2023-01-30,1.8,-2.7,-1.2,42.7063,23.2621
Люлин,2023-01-31,3.1,-1.6,0.3,42.7063,23.2621
Люлин,2023-02-01,5.9,-1.9,1.3,42.7063,23.2621
Люлин,2023-02-02,7.1,-1.2,2.6,42.7063,23.2621
Люлин,2023-02-03,3.8,-1.0,1.0,42.7063,23.2621
Люлин,2023-02-04,4.0,-1.0,1.8,42.7063,23.2621
Люлин,2023-02-05,-1.3,-5.7,-3.9,42.7063,23.2621
Люлин,2023-02-06,-2.5,-8.2,-5.2,42.7063,23.2621
Люлин,2023-02-07,-1.1,-6.7,-4.5,42.7063,23.2621
Люлин,2023-02-08,-1.7,-8.0,-4.8,42.7063,23.2621
Люлин,2023-02-09,0.4,-7.7,-4.8,42.7063,23.2621
Люлин,2023-02-10,3.2,-7.4,-3.0,42.7063,23.2621
Люлин,2023-02-11,4.1,-5.7,-1.8,42.7063,23.2621
Люлин,2023-02-12,3.6,-2.2,0.1,42.7063,23.2621
Люлин,2023-02-13,6.1,-2.8,0.7,42.7063,23.2621
Люлин,2023-02-14,3.7,-1.1,0.7,42.7063,23.2621
Люлин,2023-02-15,6.2,-1.1,1.8,42.7063,23.2621
Люлин,2023-02-16,12.5,-2.1,3.2,42.7063,23.2621
Люлин,2023-02-17,13.9,-0.0,5.3,42.7063,23.2621
Люлин,2023-02-18,15.3,1.0,6.6,42.7063,23.2621
Люлин,2023-02-19,17.1,2.8,8.9,42.7063,23.2621
Люлин,2023-02-20,11.5,4.6,7.6,42.7063,23.2621
Люлин,2023-02-21,17.5,2.0,8.5,42.7063,23.2621
Люлин,2023-02-22,16.0,4.2,9.1,42.7063,23.2621
Люлин,2023-02-23,15.3,2.8,8.0,42.7063,23.2621
Люлин,2023-02-24,12.6,4.9,7.7,42.7063,23.2621
Люлин,2023-02-25,15.3,3.3,9.3,42.7063,23.2621
Люлин,2023-02-26,18.0,7.7,12.2,42.7063,23.2621
Люлин,2023-02-27,13.2,3.6,8.4,42.7063,23.2621
Люлин,2023-02-28,11.2,4.1,7.1,42.7063,23.2621
Люлин,2023-03-01,7.5,3.8,5.4,42.7063,23.2621
Люлин,2023-03-02,7.3,3.9,5.1,42.7063,23.2621
Люлин,2023-03-03,6.3,3.1,4.4,42.7063,23.2621
Люлин,2023-03-04,9.2,1.1,4.6,42.7063,23.2621
Люлин,2023-03-05,9.4,1.9,5.2,42.7063,23.2621
Люлин,2023-03-06,11.6,-1.4,4.7,42.7063,23.2621
Люлин,2023-03-07,13.9,1.6,7.2,42.7063,23.2621
Люлин,2023-03-08,13.9,1.7,7.9,42.7063,23.2621
Люлин,2023-03-09,17.9,3.4,10.1,42.7063,23.2621
Люлин,2023-03-10,16.3,6.0,10.2,42.7063,23.2621
Люлин,2023-03-11,14.5,4.7,9.7,42.7063,23.2621
Люлин,2023-03-12,7.2,-0.4,3.2,42.7063,23.2621
Люлин,2023-03-13,10.1,-3.2,3.1,42.7063,23.2621
Люлин,2023-03-14,15.3,-0.4,6.9,42.7063,23.2621
Люлин,2023-03-15,12.8,2.0,6.5,42.7063,23.2621
Люлин,2023-03-16,5.4,0.7,2.3,42.7063,23.2621
Люлин,2023-03-17,7.8,-0.1,3.1,42.7063,23.2621
Люлин,2023-03-18,8.0,-1.6,3.2,42.7063,23.2621
Люлин,2023-03-19,15.0,-1.5,6.0,42.7063,23.2621
Люлин,2023-03-20,19.1,3.3,11.0,42.7063,23.2621
Люлин,2023-03-21,15.5,6.9,11.4,42.7063,23.2621
Люлин,2023-03-22,12.2,5.8,8.6,42.7063,23.2621
Люлин,2023-03-23,14.8,3.6,8.6,42.7063,23.2621
Люлин,2023-03-24,18.7,5.7,11.6,42.7063,23.2621
Люлин,2023-03-25,19.6,5.5,12.7,42.7063,23.2621
Люлин,2023-03-26,15.4,6.2,10.2,42.7063,23.2621
Люлин,2023-03-27,15.1,4.5,8.9,42.7063,23.2621
Люлин,2023-03-28,5.7,-0.2,2.3,42.7063,23.2621
Люлин,2023-03-29,6.9,-2.1,2.0,42.7063,23.2621
Люлин,2023-03-30,13.9,2.4,7.1,42.7063,23.2621
Люлин,2023-03-31,17.0,4.9,10.9,42.7063,23.2621
Люлин,2023-04-01,16.3,6.4,10.4,42.7063,23.2621
Люлин,2023-04-02,15.1,5.2,9.5,42.7063,23.2621
Люлин,2023-04-03,14.3,3.1,7.6,42.7063,23.2621
Люлин,2023-04-04,8.5,0.1,4.9,42.7063,23.2621
Люлин,2023-04-05,4.9,-0.7,1.6,42.7063,23.2621
Люлин,2023-04-06,5.7,-1.8,1.6,42.7063,23.2621
Люлин,2023-04-07,8.4,-0.3,3.6,42.7063,23.2621
Люлин,2023-04-08,11.2,1.8,6.2,42.7063,23.2621
Люлин,2023-04-09,10.8,4.1,6.9,42.7063,23.2621
Люлин,2023-04-10,10.0,3.8,6.9,42.7063,23.2621
Люлин,2023-04-11,11.8,3.6,7.5,42.7063,23.2621
Люлин,2023-04-12,12.2,5.9,8.5,42.7063,23.2621
Люлин,2023-04-13,19.1,1.1,10.2,42.7063,23.2621
Люлин,2023-04-14,20.8,6.6,11.0,42.7063,23.2621
Люлин,2023-04-15,16.4,3.6,10.2,42.7063,23.2621
Люлин,2023-04-16,16.7,7.0,10.8,42.7063,23.2621
Люлин,2023-04-17,14.6,7.5,10.0,42.7063,23.2621
Люлин,2023-04-18,13.2,7.7,9.8,42.7063,23.2621
Люлин,2023-04-19,14.3,6.3,9.5,42.7063,23.2621
Люлин,2023-04-20,13.3,6.0,9.3,42.7063,23.2621
Люлин,2023-04-21,15.3,6.4,10.6,42.7063,23.2621
Люлин,2023-04-22,15.4,4.9,10.5,42.7063,23.2621
Люлин,2023-04-23,16.7,6.1,10.7,42.7063,23.2621
Люлин,2023-04-24,19.1,7.2,11.7,42.7063,23.2621
Люлин,2023-04-25,14.8,8.0,11.4,42.7063,23.2621
Люлин,2023-04-26,13.9,6.0,9.5,42.7063,23.2621
Люлин,2023-04-27,11.4,3.9,7.9,42.7063,23.2621
Люлин,2023-04-28,14.8,2.7,7.9,42.7063,23.2621
Люлин,2023-04-29,14.9,4.0,9.9,42.7063,23.2621
Люлин,2023-04-30,16.7,5.9,11.4,42.7063,23.2621
Люлин,2023-05-01,17.9,6.5,12.2,42.7063,23.2621
Люлин,2023-05-02,19.0,6.8,13.0,42.7063,23.2621
Люлин,2023-05-03,17.6,8.9,12.0,42.7063,23.2621
Люлин,2023-05-04,13.7,7.9,10.8,42.7063,23.2621
Люлин,2023-05-05,16.3,6.1,11.3,42.7063,23.2621
Люлин,2023-05-06,17.4,6.6,12.5,42.7063,23.2621
Люлин,2023-05-07,20.9,9.9,15.0,42.7063,23.2621
Люлин,2023-05-08,20.3,11.1,14.6,42.7063,23.2621
Люлин,2023-05-09,13.4,9.2,11.1,42.7063,23.2621
Люлин,2023-05-10,10.3,7.6,8.7,42.7063,23.2621
Люлин,2023-05-11,13.3,7.4,10.3,42.7063,23.2621
Люлин,2023-05-12,14.4,7.0,10.1,42.7063,23.2621
Люлин,2023-05-13,18.3,7.7,12.6,42.7063,23.2621
Люлин,2023-05-14,15.3,10.5,12.1,42.7063,23.2621
Люлин,2023-05-15,17.7,9.5,13.0,42.7063,23.2621
Люлин,2023-05-16,20.1,11.7,15.1,42.7063,23.2621
Люлин,2023-05-17,19.0,11.4,14.4,42.7063,23.2621
Люлин,2023-05-18,14.6,11.0,12.2,42.7063,23.2621
Люлин,2023-05-19,19.0,7.8,13.6,42.7063,23.2621
Люлин,2023-05-20,19.5,10.8,15.5,42.7063,23.2621
Люлин,2023-05-21,19.4,10.2,14.6,42.7063,23.2621
Люлин,2023-05-22,18.5,9.4,14.3,42.7063,23.2621
Люлин,2023-05-23,20.6,8.9,15.4,42.7063,23.2621
Люлин,2023-05-24,22.4,9.1,16.7,42.7063,23.2621
Люлин,2023-05-25,20.3,11.9,16.5,42.7063,23.2621
Люлин,2023-05-26,20.3,10.7,15.7,42.7063,23.2621
Люлин,2023-05-27,20.7,9.3,15.4,42.7063,23.2621
Люлин,2023-05-28,18.1,10.8,15.1,42.7063,23.2621
Люлин,2023-05-29,19.7,12.6,15.7,42.7063,23.2621
Люлин,2023-05-30,21.3,12.4,16.5,42.7063,23.2621
Люлин,2023-05-31,21.7,11.8,17.0,42.7063,23.2621
Люлин,2023-06-01,22.0,13.0,17.0,42.7063,23.2621
Люлин,2023-06-02,22.6,12.7,18.2,42.7063,23.2621
Люлин,2023-06-03,20.1,12.4,16.8,42.7063,23.2621
Люлин,2023-06-04,20.0,13.4,16.2,42.7063,23.2621
Люлин,2023-06-05,21.8,12.5,17.1,42.7063,23.2621
Люлин,2023-06-06,22.5,11.5,17.2,42.7063,23.2621
Люлин,2023-06-07,21.7,12.2,17.3,42.7063,23.2621
Люлин,2023-06-08,24.2,12.0,18.3,42.7063,23.2621
Люлин,2023-06-09,24.8,12.7,18.5,42.7063,23.2621
Люлин,2023-06-10,23.0,15.1,18.1,42.7063,23.2621
Люлин,2023-06-11,23.0,13.6,18.6,42.7063,23.2621
Люлин,2023-06-12,23.1,15.0,18.0,42.7063,23.2621
Люлин,2023-06-13,19.8,13.8,16.4,42.7063,23.2621
Люлин,2023-06-14,22.1,14.1,17.9,42.7063,23.2621
Люлин,2023-06-15,20.6,14.2,17.9,42.7063,23.2621
Люлин,2023-06-16,21.5,15.4,17.8,42.7063,23.2621
Люлин,2023-06-17,19.0,14.3,16.0,42.7063,23.2621
Люлин,2023-06-18,20.7,14.0,16.8,42.7063,23.2621
Люлин,2023-06-19,24.2,14.1,19.0,42.7063,23.2621
Люлин,2023-06-20,24.2,14.2,19.8,42.7063,23.2621
Люлин,2023-06-21,26.6,16.1,21.6,42.7063,23.2621
Люлин,2023-06-22,28.1,16.0,22.2,42.7063,23.2621
Люлин,2023-06-23,28.9,17.7,23.1,42.7063,23.2621
Люлин,2023-06-24,28.7,18.4,22.9,42.7063,23.2621
Люлин,2023-06-25,24.0,16.8,19.8,42.7063,23.2621
Люлин,2023-06-26,23.6,15.8,19.8,42.7063,23.2621
Люлин,2023-06-27,25.4,13.9,20.2,42.7063,23.2621
Люлин,2023-06-28,24.8,15.2,19.0,42.7063,23.2621
Люлин,2023-06-29,21.4,12.5,16.7,42.7063,23.2621
Люлин,2023-06-30,25.8,11.9,18.8,42.7063,23.2621
Люлин,2023-07-01,27.5,15.7,21.2,42.7063,23.2621
Люлин,2023-07-02,23.5,15.7,19.8,42.7063,23.2621
Люлин,2023-07-03,26.5,16.0,21.2,42.7063,23.2621
Люлин,2023-07-04,28.1,15.7,22.1,42.7063,23.2621
Люлин,2023-07-05,26.0,17.1,21.5,42.7063,23.2621
Люлин,2023-07-06,24.8,16.6,20.6,42.7063,23.2621
Люлин,2023-07-07,25.8,17.5,20.9,42.7063,23.2621
Люлин,2023-07-08,24.2,16.0,20.1,42.7063,23.2621
Люлин,2023-07-09,25.6,14.5,20.4,42.7063,23.2621
Люлин,2023-07-10,27.6,14.4,21.5,42.7063,23.2621
Люлин,2023-07-11,29.2,15.3,22.8,42.7063,23.2621
Люлин,2023-07-12,32.8,18.5,25.3,42.7063,23.2621
Люлин,2023-07-13,35.2,19.5,27.3,42.7063,23.2621
Люлин,2023-07-14,31.5,20.6,26.1,42.7063,23.2621
Люлин,2023-07-15,31.4,20.2,25.5,42.7063,23.2621
Люлин,2023-07-16,31.7,20.9,26.3,42.7063,23.2621
Люлин,2023-07-17,32.2,21.4,27.2,42.7063,23.2621
Люлин,2023-07-18,32.8,21.3,27.3,42.7063,23.2621
Люлин,2023-07-19,32.8,18.9,26.3,42.7063,23.2621
Люлин,2023-07-20,31.3,18.7,25.1,42.7063,23.2621
Люлин,2023-07-21,33.2,19.1,25.5,42.7063,23.2621
Люлин,2023-07-22,35.3,19.6,27.0,42.7063,23.2621
Люлин,2023-07-23,30.3,21.0,25.2,42.7063,23.2621
Люлин,2023-07-24,33.1,18.1,25.7,42.7063,23.2621
Люлин,2023-07-25,37.6,20.3,28.2,42.7063,23.2621
Люлин,2023-07-26,34.2,20.9,27.3,42.7063,23.2621
Люлин,2023-07-27,22.2,15.8,18.9,42.7063,23.2621
Люлин,2023-07-28,29.1,11.3,20.3,42.7063,23.2621
Люлин,2023-07-29,30.2,16.8,23.7,42.7063,23.2621
Люлин,2023-07-30,31.5,17.5,24.7,42.7063,23.2621
Люлин,2023-07-31,26.8,18.6,22.5,42.7063,23.2621
Люлин,2023-08-01,30.0,16.0,22.9,42.7063,23.2621
Люлин,2023-08-02,31.1,19.2,25.0,42.7063,23.2621
Люлин,2023-08-03,34.4,19.7,27.3,42.7063,23.2621
Люлин,2023-08-04,34.2,22.2,28.7,42.7063,23.2621
Люлин,2023-08-05,33.2,20.5,26.9,42.7063,23.2621
Люлин,2023-08-06,26.1,17.6,21.6,42.7063,23.2621
Люлин,2023-08-07,26.1,15.0,19.4,42.7063,23.2621
Люлин,2023-08-08,22.0,14.6,17.7,42.7063,23.2621
Люлин,2023-08-09,25.7,11.1,18.0,42.7063,23.2621
Люлин,2023-08-10,20.9,15.6,18.0,42.7063,23.2621
Люлин,2023-08-11,24.2,12.3,18.2,42.7063,23.2621
Люлин,2023-08-12,26.0,13.2,19.7,42.7063,23.2621
Люлин,2023-08-13,26.1,16.1,21.4,42.7063,23.2621
Люлин,2023-08-14,27.6,15.9,22.3,42.7063,23.2621
Люлин,2023-08-15,25.2,18.4,21.1,42.7063,23.2621
Люлин,2023-08-16,27.1,17.8,22.3,42.7063,23.2621
Люлин,2023-08-17,30.5,17.2,23.8,42.7063,23.2621
Люлин,2023-08-18,32.0,18.2,25.0,42.7063,23.2621
Люлин,2023-08-19,30.4,17.7,24.2,42.7063,23.2621
Люлин,2023-08-20,30.9,18.4,24.5,42.7063,23.2621
Люлин,2023-08-21,32.3,19.5,26.4,42.7063,23.2621
Люлин,2023-08-22,31.8,19.6,25.9,42.7063,23.2621
Люлин,2023-08-23,32.3,21.5,26.9,42.7063,23.2621
Люлин,2023-08-24,30.6,19.0,25.8,42.7063,23.2621
Люлин,2023-08-25,32.2,18.8,25.1,42.7063,23.2621
Люлин,2023-08-26,33.1,19.0,26.0,42.7063,23.2621
Люлин,2023-08-27,32.0,20.1,25.7,42.7063,23.2621
Люлин,2023-08-28,33.4,18.8,25.7,42.7063,23.2621
Люлин,2023-08-29,28.9,18.7,23.3,42.7063,23.2621
Люлин,2023-08-30,29.4,17.0,22.3,42.7063,23.2621
Люлин,2023-08-31,27.1,15.6,21.1,42.7063,23.2621
Люлин,2023-09-01,26.5,14.8,20.5,42.7063,23.2621
Люлин,2023-09-02,27.8,15.3,21.4,42.7063,23.2621
Люлин,2023-09-03,28.0,16.6,21.9,42.7063,23.2621
Люлин,2023-09-04,19.3,14.9,15.8,42.7063,23.2621
Люлин,2023-09-05,21.1,15.0,17.4,42.7063,23.2621
Люлин,2023-09-06,23.4,14.8,19.1,42.7063,23.2621
Люлин,2023-09-07,23.7,16.8,20.2,42.7063,23.2621
Люлин,2023-09-08,24.2,14.3,19.7,42.7063,23.2621
Люлин,2023-09-09,25.3,14.4,19.0,42.7063,23.2621
Люлин,2023-09-10,25.6,15.4,19.8,42.7063,23.2621
Люлин,2023-09-11,25.3,12.2,18.7,42.7063,23.2621
Люлин,2023-09-12,27.5,13.8,19.9,42.7063,23.2621
Люлин,2023-09-13,30.7,16.2,22.5,42.7063,23.2621
Люлин,2023-09-14,29.4,18.3,22.9,42.7063,23.2621
Люлин,2023-09-15,26.8,16.5,20.9,42.7063,23.2621
Люлин,2023-09-16,23.2,16.0,19.1,42.7063,23.2621
Люлин,2023-09-17,23.9,15.5,19.1,42.7063,23.2621
Люлин,2023-09-18,24.4,15.1,19.2,42.7063,23.2621
Люлин,2023-09-19,23.9,14.1,18.2,42.7063,23.2621
Люлин,2023-09-20,25.6,15.1,19.3,42.7063,23.2621
Люлин,2023-09-21,26.8,15.2,20.4,42.7063,23.2621
Люлин,2023-09-22,30.6,14.7,21.9,42.7063,23.2621
Люлин,2023-09-23,32.1,16.1,23.0,42.7063,23.2621
Люлин,2023-09-24,27.9,16.9,22.0,42.7063,23.2621
Люлин,2023-09-25,23.4,17.0,19.9,42.7063,23.2621
Люлин,2023-09-26,23.0,15.4,19.0,42.7063,23.2621
Люлин,2023-09-27,23.2,13.7,18.2,42.7063,23.2621
Люлин,2023-09-28,22.9,13.0,18.1,42.7063,23.2621
Люлин,2023-09-29,24.2,12.8,18.1,42.7063,23.2621
Люлин,2023-09-30,24.7,11.9,18.3,42.7063,23.2621
Люлин,2023-10-01,23.0,13.3,17.2,42.7063,23.2621
Люлин,2023-10-02,21.8,12.4,16.3,42.7063,23.2621
Люлин,2023-10-03,22.2,8.7,15.5,42.7063,23.2621
Люлин,2023-10-04,24.9,12.6,18.0,42.7063,23.2621
Люлин,2023-10-05,24.3,13.1,17.4,42.7063,23.2621
Люлин,2023-10-06,21.7,12.6,16.4,42.7063,23.2621
Люлин,2023-10-07,23.5,7.9,15.1,42.7063,23.2621
Люлин,2023-10-08,24.1,10.2,17.0,42.7063,23.2621
Люлин,2023-10-09,20.3,11.5,15.5,42.7063,23.2621
Люлин,2023-10-10,20.6,11.4,15.8,42.7063,23.2621
Люлин,2023-10-11,20.4,10.1,14.7,42.7063,23.2621
Люлин,2023-10-12,23.4,9.7,15.6,42.7063,23.2621
Люлин,2023-10-13,25.1,11.0,17.9,42.7063,23.2621
Люлин,2023-10-14,25.4,12.8,17.8,42.7063,23.2621
Люлин,2023-10-15,25.5,12.0,17.9,42.7063,23.2621
Люлин,2023-10-16,14.8,8.1,10.9,42.7063,23.2621
Люлин,2023-10-17,11.8,4.4,8.1,42.7063,23.2621
Люлин,2023-10-18,14.9,7.7,10.5,42.7063,23.2621
Люлин,2023-10-19,19.8,6.7,11.9,42.7063,23.2621
Люлин,2023-10-20,26.7,11.5,18.2,42.7063,23.2621
Люлин,2023-10-21,27.9,15.8,20.1,42.7063,23.2621
Люлин,2023-10-22,25.4,15.3,19.8,42.7063,23.2621
Люлин,2023-10-23,23.2,13.6,17.4,42.7063,23.2621
Люлин,2023-10-24,24.0,10.8,16.4,42.7063,23.2621
Люлин,2023-10-25,25.0,13.6,18.6,42.7063,23.2621
Люлин,2023-10-26,22.9,13.3,17.4,42.7063,23.2621
Люлин,2023-10-27,24.1,13.9,18.7,42.7063,23.2621
Люлин,2023-10-28,24.5,13.1,18.4,42.7063,23.2621
Люлин,2023-10-29,22.1,10.3,15.8,42.7063,23.2621
Люлин,2023-10-30,22.5,11.4,15.5,42.7063,23.2621
Люлин,2023-10-31,22.9,7.1,15.8,42.7063,23.2621
Люлин,2023-11-01,18.4,10.0,14.4,42.7063,23.2621
Люлин,2023-11-02,18.5,9.0,12.9,42.7063,23.2621
Люлин,2023-11-03,20.2,9.5,13.6,42.7063,23.2621
Люлин,2023-11-04,13.9,10.2,12.2,42.7063,23.2621
Люлин,2023-11-05,18.7,5.9,12.7,42.7063,23.2621
Люлин,2023-11-06,20.7,11.1,15.0,42.7063,23.2621
Люлин,2023-11-07,19.1,8.5,12.5,42.7063,23.2621
Люлин,2023-11-08,14.7,9.1,12.1,42.7063,23.2621
Люлин,2023-11-09,12.3,4.4,8.0,42.7063,23.2621
Люлин,2023-11-10,13.7,3.9,7.9,42.7063,23.2621
Люлин,2023-11-11,14.1,6.5,9.7,42.7063,23.2621
Люлин,2023-11-12,8.8,2.8,6.8,42.7063,23.2621
Люлин,2023-11-13,13.0,4.6,7.6,42.7063,23.2621
Люлин,2023-11-14,18.9,2.9,9.5,42.7063,23.2621
Люлин,2023-11-15,17.5,5.9,9.8,42.7063,23.2621
Люлин,2023-11-16,12.1,3.5,8.1,42.7063,23.2621
Люлин,2023-11-17,12.8,4.7,7.9,42.7063,23.2621
Люлин,2023-11-18,8.0,2.1,3.6,42.7063,23.2621
Люлин,2023-11-19,5.1,1.0,2.9,42.7063,23.2621
Люлин,2023-11-20,13.7,0.6,5.8,42.7063,23.2621
Люлин,2023-11-21,11.2,4.0,6.7,42.7063,23.2621
Люлин,2023-11-22,10.6,6.0,7.9,42.7063,23.2621
Люлин,2023-11-23,10.3,6.2,8.0,42.7063,23.2621
Люлин,2023-11-24,13.5,6.1,9.5,42.7063,23.2621
Люлин,2023-11-25,9.2,0.1,4.0,42.7063,23.2621
Люлин,2023-11-26,-0.1,-3.4,-1.8,42.7063,23.2621
Люлин,2023-11-27,1.5,-3.0,-1.5,42.7063,23.2621
Люлин,2023-11-28,4.1,-2.0,1.3,42.7063,23.2621
Люлин,2023-11-29,4.1,-0.0,2.8,42.7063,23.2621
Люлин,2023-11-30,7.5,-1.5,2.1,42.7063,23.2621
Люлин,2023-12-01,17.0,1.9,10.0,42.7063,23.2621
Люлин,2023-12-02,15.7,7.7,11.8,42.7063,23.2621
Люлин,2023-12-03,11.0,0.7,6.1,42.7063,23.2621
Люлин,2023-12-04,3.0,-2.9,-0.6,42.7063,23.2621
Люлин,2023-12-05,4.7,-0.8,1.6,42.7063,23.2621
Люлин,2023-12-06,4.7,1.6,3.3,42.7063,23.2621
Люлин,2023-12-07,4.3,1.1,2.9,42.7063,23.2621
Люлин,2023-12-08,2.3,-0.6,0.8,42.7063,23.2621
Люлин,2023-12-09,3.0,-1.7,0.2,42.7063,23.2621
Люлин,2023-12-10,6.8,-1.9,1.3,42.7063,23.2621
Люлин,2023-12-11,9.1,-0.6,3.5,42.7063,23.2621
Люлин,2023-12-12,10.9,-0.4,4.4,42.7063,23.2621
Люлин,2023-12-13,12.0,0.9,6.1,42.7063,23.2621
Люлин,2023-12-14,14.3,4.7,7.8,42.7063,23.2621
Люлин,2023-12-15,5.8,1.9,4.5,42.7063,23.2621
Люлин,2023-12-16,2.0,-2.0,0.5,42.7063,23.2621
Люлин,2023-12-17,4.1,-3.1,-0.5,42.7063,23.2621
Люлин,2023-12-18,10.2,-2.5,1.9,42.7063,23.2621
Люлин,2023-12-19,10.7,-2.2,3.5,42.7063,23.2621
Люлин,2023-12-20,11.7,-0.3,3.8,42.7063,23.2621
Люлин,2023-12-21,6.6,-2.4,1.8,42.7063,23.2621
Люлин,2023-12-22,6.8,-2.4,2.9,42.7063,23.2621
Люлин,2023-12-23,8.6,0.2,3.3,42.7063,23.2621
Люлин,2023-12-24,13.0,3.2,7.8,42.7063,23.2621
Люлин,2023-12-25,14.7,1.6,6.0,42.7063,23.2621
Люлин,2023-12-26,15.0,1.2,5.7,42.7063,23.2621
Люлин,2023-12-27,11.6,2.7,5.7,42.7063,23.2621
Люлин,2023-12-28,12.4,1.0,5.7,42.7063,23.2621
Люлин,2023-12-29,11.8,-0.4,4.1,42.7063,23.2621
Люлин,2023-12-30,11.0,0.3,4.2,42.7063,23.2621
Люлин,2023-12-31,9.4,-0.0,4.5,42.7063,23.2621
Младост,2023-01-01,10.0,3.3,5.9,42.6439,23.3775
Младост,2023-01-02,10.0,2.2,5.7,42.6439,23.3775
Младост,2023-01-03,11.8,0.2,5.2,42.6439,23.3775
Младост,2023-01-04,7.5,-0.1,4.1,42.6439,23.3775
Младост,2023-01-05,11.7,0.6,5.0,42.6439,23.3775
Младост,2023-01-06,9.8,0.5,4.8,42.6439,23.3775
Младост,2023-01-07,9.3,-0.7,3.5,42.6439,23.3775
Младост,2023-01-08,7.7,-2.6,2.0,42.6439,23.3775
Младост,2023-01-09,4.5,-2.7,0.0,42.6439,23.3775
Младост,2023-01-10,4.2,-0.3,2.0,42.6439,23.3775
Младост,2023-01-11,4.4,-1.8,1.7,42.6439,23.3775
Младост,2023-01-12,4.6,1.8,2.9,42.6439,23.3775
Младост,2023-01-13,4.9,0.3,2.8,42.6439,23.3775
Младост,2023-01-14,4.4,-2.0,1.3,42.6439,23.3775
Младост,2023-01-15,7.2,-0.7,3.2,42.6439,23.3775
Младост,2023-01-16,5.8,-1.7,1.3,42.6439,23.3775
Младост,2023-01-17,13.7,1.1,5.9,42.6439,23.3775
Младост,2023-01-18,16.3,5.2,9.5,42.6439,23.3775
Младост,2023-01-19,17.8,4.6,10.2,42.6439,23.3775
Младост,2023-01-20,9.6,1.2,5.9,42.6439,23.3775
Младост,2023-01-21,8.6,-2.3,3.4,42.6439,23.3775
Младост,2023-01-22,8.8,3.6,6.2,42.6439,23.3775
Младост,2023-01-23,7.6,4.5,6.5,42.6439,23.3775
Младост,2023-01-24,4.1,0.4,2.0,42.6439,23.3775
Младост,2023-01-25,2.1,-0.3,0.5,42.6439,23.3775
Младост,2023-01-26,1.7,-1.8,-0.5,42.6439,23.3775
Младост,2023-01-27,2.8,-0.6,0.6,42.6439,23.3775
Младост,2023-01-28,2.8,-1.3,0.2,42.6439,23.3775
Младост,2023-01-29,1.6,-1.7,-0.2,42.6439,23.3775
Младост,2023-01-30,1.9,-4.1,-1.4,42.6439,23.3775
Младост,2023-01-31,2.7,-3.3,0.0,42.6439,23.3775
Младост,2023-02-01,5.9,-2.5,0.8,42.6439,23.3775
Младост,2023-02-02,7.1,-2.4,1.5,42.6439,23.3775
Младост,2023-02-03,3.9,-3.2,0.5,42.6439,23.3775
Младост,2023-02-04,4.1,-1.4,1.2,42.6439,23.3775
Младост,2023-02-05,-1.2,-5.5,-3.8,42.6439,23.3775
Младост,2023-02-06,-2.3,-8.3,-5.0,42.6439,23.3775
Младост,2023-02-07,-0.7,-6.7,-4.2,42.6439,23.3775
Младост,2023-02-08,-1.8,-8.0,-4.7,42.6439,23.3775
Младост,2023-02-09,0.7,-8.2,-4.9,42.6439,23.3775
Младост,2023-02-10,3.3,-8.1,-3.3,42.6439,23.3775
Младост,2023-02-11,4.1,-7.1,-2.6,42.6439,23.3775
Младост,2023-02-12,3.9,-4.7,-0.1,42.6439,23.3775
Младост,2023-02-13,6.1,-4.8,0.0,42.6439,23.3775
Младост,2023-02-14,4.1,-2.6,0.3,42.6439,23.3775
Младост,2023-02-15,6.4,-2.3,1.3,42.6439,23.3775
Младост,2023-02-16,11.8,-2.9,2.9,42.6439,23.3775
Младост,2023-02-17,13.8,-0.7,4.3,42.6439,23.3775
Младост,2023-02-18,15.5,-0.3,5.8,42.6439,23.3775
Младост,2023-02-19,16.8,1.4,7.8,42.6439,23.3775
Младост,2023-02-20,11.7,1.0,6.8,42.6439,23.3775
Младост,2023-02-21,17.1,0.2,6.6,42.6439,23.3775
Младост,2023-02-22,15.6,2.2,8.0,42.6439,23.3775
Младост,2023-02-23,15.0,3.8,7.4,42.6439,23.3775
Младост,2023-02-24,12.0,3.5,6.4,42.6439,23.3775
Младост,2023-02-25,15.7,-0.6,7.4,42.6439,23.3775
Младост,2023-02-26,19.2,5.3,11.3,42.6439,23.3775
Младост,2023-02-27,12.3,2.8,7.2,42.6439,23.3775
Младост,2023-02-28,10.6,3.2,6.7,42.6439,23.3775
Младост,2023-03-01,7.6,3.5,5.3,42.6439,23.3775
Младост,2023-03-02,6.5,3.5,4.7,42.6439,23.3775
Младост,2023-03-03,5.5,2.8,3.9,42.6439,23.3775
Младост,2023-03-04,8.4,0.5,4.1,42.6439,23.3775
Младост,2023-03-05,9.6,1.2,4.8,42.6439,23.3775
Младост,2023-03-06,11.8,-3.2,4.7,42.6439,23.3775
Младост,2023-03-07,13.9,-1.0,5.8,42.6439,23.3775
Младост,2023-03-08,14.0,1.5,7.5,42.6439,23.3775
Младост,2023-03-09,18.0,3.8,9.5,42.6439,23.3775
Младост,2023-03-10,16.2,5.7,9.1,42.6439,23.3775
Младост,2023-03-11,14.6,4.8,8.9,42.6439,23.3775
Младост,2023-03-12,7.7,-0.4,3.5,42.6439,23.3775
Младост,2023-03-13,10.1,-4.1,3.0,42.6439,23.3775
Младост,2023-03-14,14.8,-3.1,4.7,42.6439,23.3775
Младост,2023-03-15,12.0,-0.3,5.3,42.6439,23.3775
Младост,2023-03-16,5.8,0.5,2.4,42.6439,23.3775
Младост,2023-03-17,8.1,0.1,3.2,42.6439,23.3775
Младост,2023-03-18,8.3,-3.0,2.9,42.6439,23.3775
Младост,2023-03-19,14.4,-1.3,5.6,42.6439,23.3775
Младост,2023-03-20,18.8,2.7,9.5,42.6439,23.3775
Младост,2023-03-21,15.6,6.6,10.4,42.6439,23.3775
Младост,2023-03-22,12.5,5.8,8.7,42.6439,23.3775
Младост,2023-03-23,14.8,1.8,7.8,42.6439,23.3775
Младост,2023-03-24,18.2,3.9,9.9,42.6439,23.3775
Младост,2023-03-25,19.6,6.9,11.8,42.6439,23.3775
Младост,2023-03-26,15.3,5.6,9.8,42.6439,23.3775
Младост,2023-03-27,15.9,2.6,8.0,42.6439,23.3775
Младост,2023-03-28,5.6,-0.2,2.4,42.6439,23.3775
Младост,2023-03-29,7.1,-2.1,1.9,42.6439,23.3775
Младост,2023-03-30,13.4,-0.4,6.4,42.6439,23.3775
Младост,2023-03-31,17.1,4.9,10.3,42.6439,23.3775
Младост,2023-04-01,16.6,5.9,10.0,42.6439,23.3775
Младост,2023-04-02,15.2,3.2,8.9,42.6439,23.3775
Младост,2023-04-03,14.6,3.5,7.9,42.6439,23.3775
Младост,2023-04-04,8.0,0.7,5.4,42.6439,23.3775
Младост,2023-04-05,4.7,-0.9,1.5,42.6439,23.3775
Младост,2023-04-06,5.9,-2.0,1.5,42.6439,23.3775
Младост,2023-04-07,8.4,-3.1,2.9,42.6439,23.3775
Младост,2023-04-08,10.9,0.1,5.5,42.6439,23.3775
Младост,2023-04-09,11.5,3.9,7.0,42.6439,23.3775
Младост,2023-04-10,10.0,3.6,6.7,42.6439,23.3775
Младост,2023-04-11,12.5,3.9,7.7,42.6439,23.3775
Младост,2023-04-12,12.3,4.5,8.3,42.6439,23.3775
Младост,2023-04-13,19.7,2.5,10.1,42.6439,23.3775
Младост,2023-04-14,20.1,5.8,10.5,42.6439,23.3775
Младост,2023-04-15,16.7,2.7,10.1,42.6439,23.3775
Младост,2023-04-16,16.8,5.0,10.7,42.6439,23.3775
Младост,2023-04-17,15.2,6.8,9.8,42.6439,23.3775
Младост,2023-04-18,13.1,8.0,9.7,42.6439,23.3775
Младост,2023-04-19,14.3,5.5,9.5,42.6439,23.3775
Младост,2023-04-20,13.5,4.3,8.8,42.6439,23.3775
Младост,2023-04-21,15.1,3.5,9.9,42.6439,23.3775
Младост,2023-04-22,15.2,5.8,10.2,42.6439,23.3775
Младост,2023-04-23,16.0,3.9,9.9,42.6439,23.3775
Младост,2023-04-24,19.2,4.5,10.7,42.6439,23.3775
Младост,2023-04-25,14.7,6.9,10.8,42.6439,23.3775
Младост,2023-04-26,14.2,4.8,9.5,42.6439,23.3775
Младост,2023-04-27,11.8,3.5,8.1,42.6439,23.3775
Младост,2023-04-28,15.2,1.9,7.7,42.6439,23.3775
Младост,2023-04-29,15.0,3.8,9.4,42.6439,23.3775
Младост,2023-04-30,16.9,6.9,12.0,42.6439,23.3775
Младост,2023-05-01,18.2,5.8,12.1,42.6439,23.3775
Младост,2023-05-02,18.8,6.1,12.6,42.6439,23.3775
Младост,2023-05-03,17.0,8.9,11.7,42.6439,23.3775
Младост,2023-05-04,14.0,8.4,10.7,42.6439,23.3775
Младост,2023-05-05,16.7,5.5,11.4,42.6439,23.3775
Младост,2023-05-06,17.5,6.2,12.3,42.6439,23.3775
Младост,2023-05-07,20.8,8.4,13.9,42.6439,23.3775
Младост,2023-05-08,19.4,8.3,13.4,42.6439,23.3775
Младост,2023-05-09,13.1,9.2,10.9,42.6439,23.3775
Младост,2023-05-10,10.1,7.1,8.4,42.6439,23.3775
Младост,2023-05-11,13.0,6.8,9.8,42.6439,23.3775
Младост,2023-05-12,14.2,6.2,9.5,42.6439,23.3775
Младост,2023-05-13,17.9,6.9,12.1,42.6439,23.3775
Младост,2023-05-14,13.9,10.1,11.3,42.6439,23.3775
Младост,2023-05-15,16.5,8.6,12.2,42.6439,23.3775
Младост,2023-05-16,19.9,11.6,14.6,42.6439,23.3775
Младост,2023-05-17,19.0,10.8,14.1,42.6439,23.3775
Младост,2023-05-18,14.5,10.4,12.1,42.6439,23.3775
Младост,2023-05-19,19.2,7.4,13.6,42.6439,23.3775
Младост,2023-05-20,19.6,10.1,14.7,42.6439,23.3775
Младост,2023-05-21,19.8,10.7,14.7,42.6439,23.3775
Младост,2023-05-22,19.2,9.8,14.5,42.6439,23.3775
Младост,2023-05-23,20.8,7.6,15.2,42.6439,23.3775
Младост,2023-05-24,22.8,7.3,16.5,42.6439,23.3775
Младост,2023-05-25,20.1,10.9,16.1,42.6439,23.3775
Младост,2023-05-26,20.1,9.5,15.8,42.6439,23.3775
Младост,2023-05-27,20.0,8.9,15.5,42.6439,23.3775
Младост,2023-05-28,18.2,9.6,14.8,42.6439,23.3775
Младост,2023-05-29,20.1,12.1,15.7,42.6439,23.3775
Младост,2023-05-30,21.1,11.6,16.4,42.6439,23.3775
Младост,2023-05-31,21.7,12.1,16.9,42.6439,23.3775
Младост,2023-06-01,23.1,12.1,17.0,42.6439,23.3775
Младост,2023-06-02,23.1,12.5,17.8,42.6439,23.3775
Младост,2023-06-03,20.1,12.5,16.5,42.6439,23.3775
Младост,2023-06-04,20.1,13.4,16.2,42.6439,23.3775
Младост,2023-06-05,21.9,10.6,16.6,42.6439,23.3775
Младост,2023-06-06,22.7,11.8,17.0,42.6439,23.3775
Младост,2023-06-07,22.0,11.8,17.3,42.6439,23.3775
Младост,2023-06-08,24.1,12.0,18.2,42.6439,23.3775
Младост,2023-06-09,24.4,11.7,18.1,42.6439,23.3775
Младост,2023-06-10,23.1,14.1,18.0,42.6439,23.3775
Младост,2023-06-11,23.2,13.5,18.3,42.6439,23.3775
Младост,2023-06-12,24.0,13.7,17.8,42.6439,23.3775
Младост,2023-06-13,19.2,13.7,16.4,42.6439,23.3775
Младост,2023-06-14,22.0,13.7,17.9,42.6439,23.3775
Младост,2023-06-15,20.9,14.2,17.7,42.6439,23.3775
Младост,2023-06-16,22.3,15.1,17.8,42.6439,23.3775
Младост,2023-06-17,19.6,14.3,16.0,42.6439,23.3775
Младост,2023-06-18,21.0,13.6,16.8,42.6439,23.3775
Младост,2023-06-19,24.6,11.9,18.3,42.6439,23.3775
Младост,2023-06-20,24.7,12.2,19.4,42.6439,23.3775
Младост,2023-06-21,26.7,15.3,21.0,42.6439,23.3775
Младост,2023-06-22,27.7,15.1,21.7,42.6439,23.3775
Младост,2023-06-23,29.0,17.2,22.8,42.6439,23.3775
Младост,2023-06-24,28.6,15.5,22.1,42.6439,23.3775
Младост,2023-06-25,24.3,16.2,19.4,42.6439,23.3775
Младост,2023-06-26,23.8,15.4,19.7,42.6439,23.3775
Младост,2023-06-27,25.1,13.8,19.7,42.6439,23.3775
Младост,2023-06-28,24.7,14.1,18.7,42.6439,23.3775
Младост,2023-06-29,20.9,12.3,16.6,42.6439,23.3775
Младост,2023-06-30,25.4,12.8,18.5,42.6439,23.3775
Младост,2023-07-01,26.6,14.1,20.4,42.6439,23.3775
Младост,2023-07-02,22.8,15.3,19.3,42.6439,23.3775
Младост,2023-07-03,26.5,14.8,20.9,42.6439,23.3775
Младост,2023-07-04,28.3,16.0,22.3,42.6439,23.3775
Младост,2023-07-05,26.1,18.5,21.4,42.6439,23.3775
Младост,2023-07-06,25.1,15.5,20.4,42.6439,23.3775
Младост,2023-07-07,26.1,16.2,20.4,42.6439,23.3775
Младост,2023-07-08,24.8,15.5,20.2,42.6439,23.3775
Младост,2023-07-09,26.5,13.0,20.0,42.6439,23.3775
Младост,2023-07-10,27.5,13.9,21.4,42.6439,23.3775
Младост,2023-07-11,29.0,15.2,22.8,42.6439,23.3775
Младост,2023-07-12,32.6,19.0,25.4,42.6439,23.3775
Младост,2023-07-13,35.3,20.0,27.3,42.6439,23.3775
Младост,2023-07-14,31.9,18.8,25.9,42.6439,23.3775
Младост,2023-07-15,31.5,19.4,25.3,42.6439,23.3775
Младост,2023-07-16,31.9,18.8,25.8,42.6439,23.3775
Младост,2023-07-17,33.1,20.3,27.2,42.6439,23.3775
Младост,2023-07-18,32.9,20.9,27.2,42.6439,23.3775
Младост,2023-07-19,32.8,18.4,26.0,42.6439,23.3775
Младост,2023-07-20,31.4,18.0,24.9,42.6439,23.3775
Младост,2023-07-21,32.8,17.9,25.0,42.6439,23.3775
Младост,2023-07-22,35.4,18.5,26.7,42.6439,23.3775
Младост,2023-07-23,30.5,20.1,25.4,42.6439,23.3775
Младост,2023-07-24,32.9,18.1,25.3,42.6439,23.3775
Младост,2023-07-25,37.7,19.6,28.5,42.6439,23.3775
Младост,2023-07-26,34.7,20.2,26.8,42.6439,23.3775
Младост,2023-07-27,22.4,15.9,19.1,42.6439,23.3775
Младост,2023-07-28,29.0,12.2,20.1,42.6439,23.3775
Младост,2023-07-29,30.7,16.0,23.8,42.6439,23.3775
Младост,2023-07-30,31.3,18.0,24.9,42.6439,23.3775
Младост,2023-07-31,27.3,18.7,22.9,42.6439,23.3775
Младост,2023-08-01,29.5,15.4,22.6,42.6439,23.3775
Младост,2023-08-02,31.0,18.2,24.6,42.6439,23.3775
Младост,2023-08-03,35.0,19.4,27.3,42.6439,23.3775
Младост,2023-08-04,35.4,21.6,28.9,42.6439,23.3775
Младост,2023-08-05,33.4,21.5,27.5,42.6439,23.3775
Младост,2023-08-06,25.9,16.8,21.4,42.6439,23.3775
Младост,2023-08-07,26.4,14.5,19.5,42.6439,23.3775
Младост,2023-08-08,22.5,14.4,18.0,42.6439,23.3775
Младост,2023-08-09,26.3,10.6,18.0,42.6439,23.3775
Младост,2023-08-10,21.2,15.4,17.9,42.6439,23.3775
Младост,2023-08-11,25.0,12.2,18.5,42.6439,23.3775
Младост,2023-08-12,26.3,11.9,19.7,42.6439,23.3775
Младост,2023-08-13,26.6,17.5,21.8,42.6439,23.3775
Младост,2023-08-14,27.8,14.9,22.2,42.6439,23.3775
Младост,2023-08-15,24.6,18.6,21.4,42.6439,23.3775
Младост,2023-08-16,27.2,18.0,22.3,42.6439,23.3775
Младост,2023-08-17,31.4,16.5,24.0,42.6439,23.3775
Младост,2023-08-18,32.5,17.6,25.3,42.6439,23.3775
Младост,2023-08-19,30.8,17.7,24.4,42.6439,23.3775
Младост,2023-08-20,31.2,17.6,24.6,42.6439,23.3775
Младост,2023-08-21,32.4,17.9,26.1,42.6439,23.3775
Младост,2023-08-22,32.3,18.4,25.9,42.6439,23.3775
Младост,2023-08-23,32.6,21.2,27.1,42.6439,23.3775
Младост,2023-08-24,30.5,18.6,25.6,42.6439,23.3775
Младост,2023-08-25,32.0,18.6,24.7,42.6439,23.3775
Младост,2023-08-26,32.9,20.1,25.8,42.6439,23.3775
Младост,2023-08-27,32.3,17.8,25.1,42.6439,23.3775
Младост,2023-08-28,33.5,17.3,25.0,42.6439,23.3775
Младост,2023-08-29,28.9,18.9,23.1,42.6439,23.3775
Младост,2023-08-30,27.8,16.5,21.7,42.6439,23.3775
Младост,2023-08-31,26.8,15.4,20.6,42.6439,23.3775
Младост,2023-09-01,27.1,13.4,20.1,42.6439,23.3775
Младост,2023-09-02,27.6,14.5,21.3,42.6439,23.3775
Младост,2023-09-03,28.2,15.8,21.7,42.6439,23.3775
Младост,2023-09-04,20.5,14.2,15.7,42.6439,23.3775
Младост,2023-09-05,21.4,14.9,17.5,42.6439,23.3775
Младост,2023-09-06,23.4,13.2,18.9,42.6439,23.3775
Младост,2023-09-07,24.0,16.1,20.1,42.6439,23.3775
Младост,2023-09-08,24.2,13.5,19.6,42.6439,23.3775
Младост,2023-09-09,25.2,13.5,18.8,42.6439,23.3775
Младост,2023-09-10,25.5,13.3,19.2,42.6439,23.3775
Младост,2023-09-11,25.4,10.4,18.4,42.6439,23.3775
Младост,2023-09-12,27.5,12.5,19.1,42.6439,23.3775
Младост,2023-09-13,30.0,12.8,20.5,42.6439,23.3775
Младост,2023-09-14,29.4,15.2,21.7,42.6439,23.3775
Младост,2023-09-15,26.9,14.7,20.4,42.6439,23.3775
Младост,2023-09-16,22.9,15.8,18.7,42.6439,23.3775
Младост,2023-09-17,23.6,15.2,18.8,42.6439,23.3775
Младост,2023-09-18,24.3,15.1,19.2,42.6439,23.3775
Младост,2023-09-19,23.7,11.6,17.6,42.6439,23.3775
Младост,2023-09-20,25.8,14.4,19.5,42.6439,23.3775
Младост,2023-09-21,26.7,14.8,19.8,42.6439,23.3775
Младост,2023-09-22,28.9,13.9,20.4,42.6439,23.3775
Младост,2023-09-23,31.6,14.9,22.0,42.6439,23.3775
Младост,2023-09-24,27.6,16.7,21.6,42.6439,23.3775
Младост,2023-09-25,23.5,17.0,19.9,42.6439,23.3775
Младост,2023-09-26,22.6,13.6,18.6,42.6439,23.3775
Младост,2023-09-27,23.0,12.8,17.7,42.6439,23.3775
Младост,2023-09-28,22.8,12.3,17.9,42.6439,23.3775
Младост,2023-09-29,24.2,11.8,17.8,42.6439,23.3775
Младост,2023-09-30,24.4,10.3,17.6,42.6439,23.3775
Младост,2023-10-01,23.4,10.3,16.5,42.6439,23.3775
Младост,2023-10-02,21.5,12.0,15.9,42.6439,23.3775
Младост,2023-10-03,21.8,8.9,15.0,42.6439,23.3775
Младост,2023-10-04,25.4,9.4,16.8,42.6439,23.3775
Младост,2023-10-05,23.8,11.4,17.0,42.6439,23.3775
Младост,2023-10-06,21.8,10.4,16.3,42.6439,23.3775
Младост,2023-10-07,23.4,8.0,14.5,42.6439,23.3775
Младост,2023-10-08,24.0,7.1,15.8,42.6439,23.3775
Младост,2023-10-09,20.1,11.2,15.7,42.6439,23.3775
Младост,2023-10-10,20.7,10.9,15.5,42.6439,23.3775
Младост,2023-10-11,20.8,8.7,14.5,42.6439,23.3775
Младост,2023-10-12,22.3,6.2,13.7,42.6439,23.3775
Младост,2023-10-13,25.6,11.2,17.0,42.6439,23.3775
Младост,2023-10-14,25.2,11.1,16.8,42.6439,23.3775
Младост,2023-10-15,25.8,12.0,17.2,42.6439,23.3775
Младост,2023-10-16,15.1,7.1,10.9,42.6439,23.3775
Младост,2023-10-17,11.5,4.2,7.6,42.6439,23.3775
Младост,2023-10-18,14.5,5.0,9.9,42.6439,23.3775
Младост,2023-10-19,18.0,3.4,9.6,42.6439,23.3775
Младост,2023-10-20,27.2,7.5,15.8,42.6439,23.3775
Младост,2023-10-21,28.5,9.3,17.1,42.6439,23.3775
Младост,2023-10-22,26.0,12.0,18.3,42.6439,23.3775
Младост,2023-10-23,23.1,14.0,17.7,42.6439,23.3775
Младост,2023-10-24,22.9,11.5,15.9,42.6439,23.3775
Младост,2023-10-25,25.3,9.9,16.5,42.6439,23.3775
Младост,2023-10-26,23.0,10.9,16.3,42.6439,23.3775
Младост,2023-10-27,24.4,11.5,17.1,42.6439,23.3775
Младост,2023-10-28,24.7,13.1,17.7,42.6439,23.3775
Младост,2023-10-29,21.8,11.4,15.6,42.6439,23.3775
Младост,2023-10-30,21.3,9.4,13.8,42.6439,23.3775
Младост,2023-10-31,22.1,6.8,13.8,42.6439,23.3775
Младост,2023-11-01,18.3,9.3,13.5,42.6439,23.3775
Младост,2023-11-02,16.8,8.4,11.9,42.6439,23.3775
Младост,2023-11-03,18.1,7.7,12.1,42.6439,23.3775
Младост,2023-11-04,12.5,8.9,11.1,42.6439,23.3775
Младост,2023-11-05,18.8,4.3,10.8,42.6439,23.3775
Младост,2023-11-06,20.2,8.6,13.6,42.6439,23.3775
Младост,2023-11-07,17.3,7.5,11.9,42.6439,23.3775
Младост,2023-11-08,13.7,7.0,9.9,42.6439,23.3775
Младост,2023-11-09,11.3,2.2,6.9,42.6439,23.3775
Младост,2023-11-10,12.1,0.2,5.3,42.6439,23.3775
Младост,2023-11-11,14.6,5.0,8.9,42.6439,23.3775
Младост,2023-11-12,8.5,3.5,6.1,42.6439,23.3775
Младост,2023-11-13,12.2,3.0,7.1,42.6439,23.3775
Младост,2023-11-14,18.4,3.8,9.8,42.6439,23.3775
Младост,2023-11-15,16.0,5.5,9.5,42.6439,23.3775
Младост,2023-11-16,11.8,3.8,7.9,42.6439,23.3775
Младост,2023-11-17,11.7,1.8,6.2,42.6439,23.3775
Младост,2023-11-18,6.9,2.0,3.5,42.6439,23.3775
Младост,2023-11-19,4.9,0.7,2.6,42.6439,23.3775
Младост,2023-11-20,13.0,0.1,5.2,42.6439,23.3775
Младост,2023-11-21,10.4,2.2,4.9,42.6439,23.3775
Младост,2023-11-22,10.5,1.3,6.4,42.6439,23.3775
Младост,2023-11-23,9.6,5.2,7.5,42.6439,23.3775
Младост,2023-11-24,12.4,4.6,7.9,42.6439,23.3775
Младост,2023-11-25,7.9,-0.2,3.5,42.6439,23.3775
Младост,2023-11-26,-0.4,-3.3,-1.9,42.6439,23.3775
Младост,2023-11-27,2.4,-4.5,-1.7,42.6439,23.3775
Младост,2023-11-28,1.8,-5.9,-0.9,42.6439,23.3775
Младост,2023-11-29,4.8,-2.6,2.3,42.6439,23.3775
Младост,2023-11-30,5.8,-3.2,0.0,42.6439,23.3775
Младост,2023-12-01,15.8,0.1,7.2,42.6439,23.3775
Младост,2023-12-02,11.8,4.7,7.9,42.6439,23.3775
Младост,2023-12-03,8.2,0.9,5.2,42.6439,23.3775
Младост,2023-12-04,2.3,-3.1,-1.1,42.6439,23.3775
Младост,2023-12-05,3.8,-1.4,0.9,42.6439,23.3775
Младост,2023-12-06,4.1,1.2,2.8,42.6439,23.3775
Младост,2023-12-07,4.2,0.8,2.5,42.6439,23.3775
Младост,2023-12-08,2.6,-0.4,1.0,42.6439,23.3775
Младост,2023-12-09,3.0,-3.8,0.4,42.6439,23.3775
Младост,2023-12-10,4.7,-3.9,-0.3,42.6439,23.3775
Младост,2023-12-11,8.2,-0.5,3.0,42.6439,23.3775
Младост,2023-12-12,10.5,0.9,4.7,42.6439,23.3775
Младост,2023-12-13,9.6,-0.1,4.4,42.6439,23.3775
Младост,2023-12-14,12.8,2.8,6.0,42.6439,23.3775
Младост,2023-12-15,6.0,1.6,4.5,42.6439,23.3775
Младост,2023-12-16,2.0,-1.3,0.8,42.6439,23.3775
Младост,2023-12-17,3.7,-4.2,-0.9,42.6439,23.3775
Младост,2023-12-18,9.0,-3.6,0.3,42.6439,23.3775
Младост,2023-12-19,9.4,-3.4,2.4,42.6439,23.3775
Младост,2023-12-20,8.7,-0.9,2.7,42.6439,23.3775
Младост,2023-12-21,6.2,-3.1,1.1,42.6439,23.3775
Младост,2023-12-22,5.1,-1.8,1.7,42.6439,23.3775
Младост,2023-12-23,6.9,-2.2,1.7,42.6439,23.3775
Младост,2023-12-24,12.9,1.7,6.2,42.6439,23.3775
Младост,2023-12-25,13.1,1.9,6.7,42.6439,23.3775
Младост,2023-12-26,12.5,0.1,6.8,42.6439,23.3775
Младост,2023-12-27,11.4,-0.6,3.6,42.6439,23.3775
Младост,2023-12-28,9.7,0.4,4.6,42.6439,23.3775
Младост,2023-12-29,9.6,1.0,5.1,42.6439,23.3775
Младост,2023-12-30,9.7,0.4,3.5,42.6439,23.3775
Младост,2023-12-31,7.2,1.2,3.5,42.6439,23.3775
Надежда,2023-01-01,10.4,-0.9,3.8,42.7325,23.2986
Надежда,2023-01-02,11.1,-1.0,3.9,42.7325,23.2986
Надежда,2023-01-03,12.7,-0.1,3.7,42.7325,23.2986
Надежда,2023-01-04,8.3,-0.4,4.1,42.7325,23.2986
Надежда,2023-01-05,11.6,2.3,5.5,42.7325,23.2986
Надежда,2023-01-06,10.1,0.6,5.1,42.7325,23.2986
Надежда,2023-01-07,10.2,-2.7,2.9,42.7325,23.2986
Надежда,2023-01-08,8.5,-2.1,2.4,42.7325,23.2986
Надежда,2023-01-09,4.8,-1.3,0.5,42.7325,23.2986
Надежда,2023-01-10,4.4,-0.6,2.1,42.7325,23.2986
Надежда,2023-01-11,5.3,-1.8,2.2,42.7325,23.2986
Надежда,2023-01-12,5.4,2.1,3.5,42.7325,23.2986
Надежда,2023-01-13,5.7,-1.0,3.2,42.7325,23.2986
Надежда,2023-01-14,5.9,-1.4,2.1,42.7325,23.2986
Надежда,2023-01-15,7.6,0.6,3.5,42.7325,23.2986
Надежда,2023-01-16,7.0,-0.6,1.9,42.7325,23.2986
Надежда,2023-01-17,13.7,0.2,5.8,42.7325,23.2986
Надежда,2023-01-18,15.8,5.9,9.4,42.7325,23.2986
Надежда,2023-01-19,17.8,4.8,10.2,42.7325,23.2986
Надежда,2023-01-20,9.7,0.7,5.9,42.7325,23.2986
Надежда,2023-01-21,9.2,-2.3,3.6,42.7325,23.2986
Надежда,2023-01-22,9.6,3.5,6.3,42.7325,23.2986
Надежда,2023-01-23,8.2,5.4,7.2,42.7325,23.2986
Надежда,2023-01-24,5.0,0.6,2.4,42.7325,23.2986
Надежда,2023-01-25,2.7,-0.1,0.8,42.7325,23.2986
Надежда,2023-01-26,1.8,-1.3,-0.1,42.7325,23.2986
Надежда,2023-01-27,4.2,-0.0,1.2,42.7325,23.2986
Надежда,2023-01-28,3.2,-0.5,0.7,42.7325,23.2986
Надежда,2023-01-29,2.0,-1.0,0.2,42.7325,23.2986
Надежда,2023-01-30,1.9,-3.2,-1.0,42.7325,23.2986
Надежда,2023-01-31,3.4,-2.1,0.2,42.7325,23.2986
Надежда,2023-02-01,6.3,-2.2,1.1,42.7325,23.2986
Надежда,2023-02-02,7.5,-1.9,2.0,42.7325,23.2986
Надежда,2023-02-03,4.2,-1.3,1.0,42.7325,23.2986
Надежда,2023-02-04,4.2,-0.8,1.8,42.7325,23.2986
Надежда,2023-02-05,-0.9,-4.9,-3.1,42.7325,23.2986
Надежда,2023-02-06,-1.4,-8.1,-4.4,42.7325,23.2986
Надежда,2023-02-07,-0.1,-6.1,-3.6,42.7325,23.2986
Надежда,2023-02-08,-1.1,-7.1,-4.0,42.7325,23.2986
Надежда,2023-02-09,1.1,-7.4,-4.2,42.7325,23.2986
Надежда,2023-02-10,3.8,-7.6,-2.9,42.7325,23.2986
Надежда,2023-02-11,4.4,-7.2,-2.6,42.7325,23.2986
Надежда,2023-02-12,4.3,-4.0,-0.0,42.7325,23.2986
Надежда,2023-02-13,6.4,-4.4,0.3,42.7325,23.2986
Надежда,2023-02-14,5.2,-2.9,0.5,42.7325,23.2986
Надежда,2023-02-15,6.7,-2.9,1.6,42.7325,23.2986
Надежда,2023-02-16,12.0,-4.6,1.5,42.7325,23.2986
Надежда,2023-02-17,14.1,-3.3,3.3,42.7325,23.2986
Надежда,2023-02-18,15.4,-3.0,4.3,42.7325,23.2986
Надежда,2023-02-19,17.3,0.4,7.6,42.7325,23.2986
Надежда,2023-02-20,12.1,2.6,7.1,42.7325,23.2986
Надежда,2023-02-21,18.0,1.0,7.1,42.7325,23.2986
Надежда,2023-02-22,16.3,-0.4,6.6,42.7325,23.2986
Надежда,2023-02-23,15.7,-0.1,6.9,42.7325,23.2986
Надежда,2023-02-24,12.3,4.0,7.2,42.7325,23.2986
Надежда,2023-02-25,15.9,1.6,9.6,42.7325,23.2986
Надежда,2023-02-26,18.8,5.6,11.7,42.7325,23.2986
Надежда,2023-02-27,13.0,4.8,7.6,42.7325,23.2986
Надежда,2023-02-28,11.2,3.8,7.0,42.7325,23.2986
Надежда,2023-03-01,7.5,3.9,5.5,42.7325,23.2986
Надежда,2023-03-02,7.5,4.1,5.3,42.7325,23.2986
Надежда,2023-03-03,6.4,2.7,4.4,42.7325,23.2986
Надежда,2023-03-04,9.7,0.1,4.2,42.7325,23.2986
Надежда,2023-03-05,10.1,1.5,5.2,42.7325,23.2986
Надежда,2023-03-06,12.6,-2.3,4.6,42.7325,23.2986
Надежда,2023-03-07,14.7,2.7,7.8,42.7325,23.2986
Надежда,2023-03-08,14.4,1.1,8.3,42.7325,23.2986
Надежда,2023-03-09,18.8,2.5,10.0,42.7325,23.2986
Надежда,2023-03-10,16.8,5.8,9.6,42.7325,23.2986
Надежда,2023-03-11,14.8,5.1,9.5,42.7325,23.2986
Надежда,2023-03-12,8.3,-0.5,3.6,42.7325,23.2986
Надежда,2023-03-13,10.3,-4.2,2.6,42.7325,23.2986
Надежда,2023-03-14,15.1,-2.8,4.8,42.7325,23.2986
Надежда,2023-03-15,13.6,0.5,5.9,42.7325,23.2986
Надежда,2023-03-16,6.0,1.0,2.8,42.7325,23.2986
Надежда,2023-03-17,8.5,0.6,3.8,42.7325,23.2986
Надежда,2023-03-18,8.7,-4.0,2.7,42.7325,23.2986
Надежда,2023-03-19,14.8,-3.9,5.2,42.7325,23.2986
Надежда,2023-03-20,19.0,-0.6,9.6,42.7325,23.2986
Надежда,2023-03-21,16.9,4.9,10.8,42.7325,23.2986
Надежда,2023-03-22,13.2,4.9,8.9,42.7325,23.2986
Надежда,2023-03-23,15.5,1.0,7.6,42.7325,23.2986
Надежда,2023-03-24,18.6,2.2,10.2,42.7325,23.2986
Надежда,2023-03-25,19.8,3.4,11.2,42.7325,23.2986
Надежда,2023-03-26,15.9,6.3,10.3,42.7325,23.2986
Надежда,2023-03-27,14.7,2.9,8.3,42.7325,23.2986
Надежда,2023-03-28,5.8,0.1,2.7,42.7325,23.2986
Надежда,2023-03-29,7.4,-1.9,2.1,42.7325,23.2986
Надежда,2023-03-30,14.0,0.7,6.6,42.7325,23.2986
Надежда,2023-03-31,17.3,3.9,10.5,42.7325,23.2986
Надежда,2023-04-01,16.5,5.7,10.8,42.7325,23.2986
Надежда,2023-04-02,15.5,3.5,9.0,42.7325,23.2986
Надежда,2023-04-03,14.6,1.4,7.2,42.7325,23.2986
Надежда,2023-04-04,8.9,0.9,5.7,42.7325,23.2986
Надежда,2023-04-05,5.4,-0.7,1.8,42.7325,23.2986
Надежда,2023-04-06,6.3,-1.7,1.9,42.7325,23.2986
Надежда,2023-04-07,8.1,-2.7,3.1,42.7325,23.2986
Надежда,2023-04-08,11.9,0.0,5.8,42.7325,23.2986
Надежда,2023-04-09,12.1,2.5,6.9,42.7325,23.2986
Надежда,2023-04-10,11.1,3.4,7.4,42.7325,23.2986
Надежда,2023-04-11,12.8,3.6,7.9,42.7325,23.2986
Надежда,2023-04-12,12.8,4.1,8.5,42.7325,23.2986
Надежда,2023-04-13,19.7,-0.8,9.4,42.7325,23.2986
Надежда,2023-04-14,21.4,3.8,10.6,42.7325,23.2986
Надежда,2023-04-15,16.7,3.1,10.4,42.7325,23.2986
Надежда,2023-04-16,16.8,5.6,10.8,42.7325,23.2986
Надежда,2023-04-17,15.4,6.7,10.1,42.7325,23.2986
Надежда,2023-04-18,14.4,8.2,10.3,42.7325,23.2986
Надежда,2023-04-19,15.0,6.6,10.0,42.7325,23.2986
Надежда,2023-04-20,13.8,5.2,9.3,42.7325,23.2986
Надежда,2023-04-21,15.7,4.4,10.1,42.7325,23.2986
Надежда,2023-04-22,15.9,3.7,9.8,42.7325,23.2986
Надежда,2023-04-23,17.1,3.9,10.4,42.7325,23.2986
Надежда,2023-04-24,19.6,5.6,10.9,42.7325,23.2986
Надежда,2023-04-25,14.9,7.9,11.4,42.7325,23.2986
Надежда,2023-04-26,15.1,4.1,9.7,42.7325,23.2986
Надежда,2023-04-27,12.0,3.6,8.5,42.7325,23.2986
Надежда,2023-04-28,15.7,1.1,7.9,42.7325,23.2986
Надежда,2023-04-29,15.3,3.7,9.5,42.7325,23.2986
Надежда,2023-04-30,17.5,4.7,11.5,42.7325,23.2986
Надежда,2023-05-01,19.0,5.4,12.1,42.7325,23.2986
Надежда,2023-05-02,19.5,8.0,13.5,42.7325,23.2986
Надежда,2023-05-03,17.8,9.4,12.2,42.7325,23.2986
Надежда,2023-05-04,14.4,8.6,11.2,42.7325,23.2986
Надежда,2023-05-05,17.3,5.2,11.8,42.7325,23.2986
Надежда,2023-05-06,18.4,5.6,12.5,42.7325,23.2986
Надежда,2023-05-07,21.6,7.3,14.5,42.7325,23.2986
Надежда,2023-05-08,19.9,9.1,14.1,42.7325,23.2986
Надежда,2023-05-09,14.4,9.6,11.6,42.7325,23.2986
Надежда,2023-05-10,10.4,7.4,8.8,42.7325,23.2986
Надежда,2023-05-11,13.0,7.2,10.2,42.7325,23.2986
Надежда,2023-05-12,14.8,6.3,9.9,42.7325,23.2986
Надежда,2023-05-13,18.8,7.0,12.7,42.7325,23.2986
Надежда,2023-05-14,14.0,10.2,11.5,42.7325,23.2986
Надежда,2023-05-15,16.0,8.7,12.1,42.7325,23.2986
Надежда,2023-05-16,20.2,11.6,15.1,42.7325,23.2986
Надежда,2023-05-17,19.7,11.2,14.6,42.7325,23.2986
Надежда,2023-05-18,15.7,11.4,12.8,42.7325,23.2986
Надежда,2023-05-19,19.8,7.0,14.2,42.7325,23.2986
Надежда,2023-05-20,20.3,9.5,15.3,42.7325,23.2986
Надежда,2023-05-21,20.4,9.8,15.1,42.7325,23.2986
Надежда,2023-05-22,19.2,10.6,15.2,42.7325,23.2986
Надежда,2023-05-23,21.3,7.2,15.3,42.7325,23.2986
Надежда,2023-05-24,23.3,7.5,16.2,42.7325,23.2986
Надежда,2023-05-25,21.2,10.4,16.1,42.7325,23.2986
Надежда,2023-05-26,21.4,9.8,15.7,42.7325,23.2986
Надежда,2023-05-27,21.2,8.5,15.5,42.7325,23.2986
Надежда,2023-05-28,19.2,10.7,15.5,42.7325,23.2986
Надежда,2023-05-29,20.7,12.9,16.5,42.7325,23.2986
Надежда,2023-05-30,21.9,10.3,16.9,42.7325,23.2986
Надежда,2023-05-31,22.2,12.2,17.1,42.7325,23.2986
Надежда,2023-06-01,23.6,11.5,17.2,42.7325,23.2986
Надежда,2023-06-02,23.5,12.3,18.1,42.7325,23.2986
Надежда,2023-06-03,21.1,11.9,16.9,42.7325,23.2986
Надежда,2023-06-04,20.6,13.0,16.7,42.7325,23.2986
Надежда,2023-06-05,22.4,11.8,17.3,42.7325,23.2986
Надежда,2023-06-06,23.6,12.3,17.7,42.7325,23.2986
Надежда,2023-06-07,23.4,12.3,18.0,42.7325,23.2986
Надежда,2023-06-08,25.0,13.0,18.9,42.7325,23.2986
Надежда,2023-06-09,25.2,11.8,18.9,42.7325,23.2986
Надежда,2023-06-10,23.6,13.7,18.6,42.7325,23.2986
Надежда,2023-06-11,24.1,13.6,18.9,42.7325,23.2986
Надежда,2023-06-12,24.3,13.6,18.1,42.7325,23.2986
Надежда,2023-06-13,20.8,14.9,17.1,42.7325,23.2986
Надежда,2023-06-14,22.6,13.8,18.4,42.7325,23.2986
Надежда,2023-06-15,21.2,14.4,18.2,42.7325,23.2986
Надежда,2023-06-16,22.7,15.7,18.4,42.7325,23.2986
Надежда,2023-06-17,19.6,14.7,16.6,42.7325,23.2986
Надежда,2023-06-18,21.6,14.2,17.3,42.7325,23.2986
Надежда,2023-06-19,25.0,12.2,18.5,42.7325,23.2986
Надежда,2023-06-20,25.1,11.0,19.0,42.7325,23.2986
Надежда,2023-06-21,27.6,12.7,20.5,42.7325,23.2986
Надежда,2023-06-22,29.0,14.3,21.7,42.7325,23.2986
Надежда,2023-06-23,29.6,16.2,22.9,42.7325,23.2986
Надежда,2023-06-24,29.2,16.3,22.9,42.7325,23.2986
Надежда,2023-06-25,24.9,15.9,19.8,42.7325,23.2986
Надежда,2023-06-26,24.2,15.7,20.1,42.7325,23.2986
Надежда,2023-06-27,26.0,12.1,19.7,42.7325,23.2986
Надежда,2023-06-28,25.0,13.8,18.7,42.7325,23.2986
Надежда,2023-06-29,21.2,12.2,16.9,42.7325,23.2986
Надежда,2023-06-30,25.6,10.0,18.4,42.7325,23.2986
Надежда,2023-07-01,27.9,14.1,21.0,42.7325,23.2986
Надежда,2023-07-02,23.7,15.3,19.6,42.7325,23.2986
Надежда,2023-07-03,27.3,14.3,20.9,42.7325,23.2986
Надежда,2023-07-04,28.6,14.0,21.7,42.7325,23.2986
Надежда,2023-07-05,26.4,15.8,21.0,42.7325,23.2986
Надежда,2023-07-06,25.4,15.6,20.4,42.7325,23.2986
Надежда,2023-07-07,26.8,16.4,20.8,42.7325,23.2986
Надежда,2023-07-08,25.0,15.5,20.3,42.7325,23.2986
Надежда,2023-07-09,26.7,11.9,19.8,42.7325,23.2986
Надежда,2023-07-10,28.1,12.5,21.0,42.7325,23.2986
Надежда,2023-07-11,29.5,13.5,21.9,42.7325,23.2986
Надежда,2023-07-12,32.6,16.0,24.7,42.7325,23.2986
Надежда,2023-07-13,36.3,16.9,26.9,42.7325,23.2986
Надежда,2023-07-14,32.0,18.9,25.7,42.7325,23.2986
Надежда,2023-07-15,32.0,17.0,24.6,42.7325,23.2986
Надежда,2023-07-16,32.1,19.4,26.0,42.7325,23.2986
Надежда,2023-07-17,33.3,20.0,26.5,42.7325,23.2986
Надежда,2023-07-18,33.4,18.5,26.0,42.7325,23.2986
Надежда,2023-07-19,33.5,17.4,25.9,42.7325,23.2986
Надежда,2023-07-20,31.4,17.7,24.9,42.7325,23.2986
Надежда,2023-07-21,32.7,17.9,24.9,42.7325,23.2986
Надежда,2023-07-22,35.1,19.6,26.6,42.7325,23.2986
Надежда,2023-07-23,30.7,19.4,24.6,42.7325,23.2986
Надежда,2023-07-24,33.0,15.6,24.6,42.7325,23.2986
Надежда,2023-07-25,38.5,18.1,27.9,42.7325,23.2986
Надежда,2023-07-26,34.9,20.1,27.2,42.7325,23.2986
Надежда,2023-07-27,22.6,15.7,19.2,42.7325,23.2986
Надежда,2023-07-28,28.9,9.9,19.7,42.7325,23.2986
Надежда,2023-07-29,30.8,13.7,22.5,42.7325,23.2986
Надежда,2023-07-30,31.7,15.3,24.0,42.7325,23.2986
Надежда,2023-07-31,27.4,18.6,22.8,42.7325,23.2986
Надежда,2023-08-01,29.9,14.1,22.6,42.7325,23.2986
Надежда,2023-08-02,31.0,18.1,24.4,42.7325,23.2986
Надежда,2023-08-03,35.0,18.5,26.6,42.7325,23.2986
Надежда,2023-08-04,35.3,19.8,28.1,42.7325,23.2986
Надежда,2023-08-05,33.7,20.2,27.7,42.7325,23.2986
Надежда,2023-08-06,26.0,17.2,21.5,42.7325,23.2986
Надежда,2023-08-07,25.5,14.6,19.5,42.7325,23.2986
Надежда,2023-08-08,22.6,14.3,18.2,42.7325,23.2986
Надежда,2023-08-09,26.7,9.1,18.0,42.7325,23.2986
Надежда,2023-08-10,21.8,16.5,18.7,42.7325,23.2986
Надежда,2023-08-11,25.4,11.5,18.5,42.7325,23.2986
Надежда,2023-08-12,26.8,11.6,19.8,42.7325,23.2986
Надежда,2023-08-13,27.5,15.2,21.6,42.7325,23.2986
Надежда,2023-08-14,28.7,16.6,23.2,42.7325,23.2986
Надежда,2023-08-15,25.8,18.9,21.7,42.7325,23.2986
Надежда,2023-08-16,28.1,18.0,22.7,42.7325,23.2986
Надежда,2023-08-17,30.9,16.8,24.6,42.7325,23.2986
Надежда,2023-08-18,32.5,18.7,26.0,42.7325,23.2986
Надежда,2023-08-19,31.1,19.0,25.2,42.7325,23.2986
Надежда,2023-08-20,31.9,16.7,25.1,42.7325,23.2986
Надежда,2023-08-21,33.2,17.3,26.0,42.7325,23.2986
Надежда,2023-08-22,33.0,17.8,25.7,42.7325,23.2986
Надежда,2023-08-23,33.2,19.6,26.5,42.7325,23.2986
Надежда,2023-08-24,31.4,18.4,25.4,42.7325,23.2986
Надежда,2023-08-25,32.6,17.3,24.5,42.7325,23.2986
Надежда,2023-08-26,33.3,17.4,25.3,42.7325,23.2986
Надежда,2023-08-27,33.0,19.3,25.8,42.7325,23.2986
Надежда,2023-08-28,34.1,18.5,26.0,42.7325,23.2986
Надежда,2023-08-29,29.3,19.3,23.8,42.7325,23.2986
Надежда,2023-08-30,29.3,17.0,22.2,42.7325,23.2986
Надежда,2023-08-31,27.0,14.7,20.7,42.7325,23.2986
Надежда,2023-09-01,26.9,12.9,19.9,42.7325,23.2986
Надежда,2023-09-02,27.8,13.1,20.5,42.7325,23.2986
Надежда,2023-09-03,28.6,12.7,20.7,42.7325,23.2986
Надежда,2023-09-04,19.4,14.9,15.9,42.7325,23.2986
Надежда,2023-09-05,21.6,15.0,17.9,42.7325,23.2986
Надежда,2023-09-06,24.0,14.8,19.5,42.7325,23.2986
Надежда,2023-09-07,24.3,16.8,20.5,42.7325,23.2986
Надежда,2023-09-08,24.9,12.5,20.0,42.7325,23.2986
Надежда,2023-09-09,25.8,12.4,18.9,42.7325,23.2986
Надежда,2023-09-10,26.1,12.7,19.1,42.7325,23.2986
Надежда,2023-09-11,26.0,11.5,18.4,42.7325,23.2986
Надежда,2023-09-12,28.2,11.6,19.3,42.7325,23.2986
Надежда,2023-09-13,30.9,14.1,21.4,42.7325,23.2986
Надежда,2023-09-14,30.1,16.2,22.5,42.7325,23.2986
Надежда,2023-09-15,27.7,14.9,21.0,42.7325,23.2986
Надежда,2023-09-16,23.0,15.4,18.9,42.7325,23.2986
Надежда,2023-09-17,24.3,14.7,19.0,42.7325,23.2986
Надежда,2023-09-18,24.9,14.8,19.5,42.7325,23.2986
Надежда,2023-09-19,23.9,11.7,18.1,42.7325,23.2986
Надежда,2023-09-20,26.3,13.9,19.2,42.7325,23.2986
Надежда,2023-09-21,27.1,14.1,20.1,42.7325,23.2986
Надежда,2023-09-22,30.2,14.3,21.7,42.7325,23.2986
Надежда,2023-09-23,32.5,18.1,23.5,42.7325,23.2986
Надежда,2023-09-24,28.3,16.9,21.8,42.7325,23.2986
Надежда,2023-09-25,23.8,17.0,19.9,42.7325,23.2986
Надежда,2023-09-26,23.5,16.0,19.6,42.7325,23.2986
Надежда,2023-09-27,23.5,14.0,18.7,42.7325,23.2986
Надежда,2023-09-28,23.5,14.3,18.8,42.7325,23.2986
Надежда,2023-09-29,24.6,10.5,17.4,42.7325,23.2986
Надежда,2023-09-30,25.5,9.2,17.1,42.7325,23.2986
Надежда,2023-10-01,23.9,10.0,16.5,42.7325,23.2986
Надежда,2023-10-02,22.3,11.8,16.2,42.7325,23.2986
Надежда,2023-10-03,22.4,7.4,14.7,42.7325,23.2986
Надежда,2023-10-04,26.1,9.8,16.6,42.7325,23.2986
Надежда,2023-10-05,24.3,11.1,16.6,42.7325,23.2986
Надежда,2023-10-06,22.5,10.1,15.8,42.7325,23.2986
Надежда,2023-10-07,23.4,5.9,13.9,42.7325,23.2986
Надежда,2023-10-08,24.4,7.2,15.8,42.7325,23.2986
Надежда,2023-10-09,20.2,10.7,15.2,42.7325,23.2986
Надежда,2023-10-10,21.0,10.5,15.2,42.7325,23.2986
Надежда,2023-10-11,21.5,9.7,14.7,42.7325,23.2986
Надежда,2023-10-12,23.1,7.4,14.9,42.7325,23.2986
Надежда,2023-10-13,26.2,7.2,16.3,42.7325,23.2986
Надежда,2023-10-14,25.7,9.1,16.6,42.7325,23.2986
Надежда,2023-10-15,25.5,9.2,17.0,42.7325,23.2986
Надежда,2023-10-16,15.6,7.5,11.2,42.7325,23.2986
Надежда,2023-10-17,12.2,4.1,8.0,42.7325,23.2986
Надежда,2023-10-18,14.9,6.5,10.3,42.7325,23.2986
Надежда,2023-10-19,19.7,4.5,10.3,42.7325,23.2986
Надежда,2023-10-20,27.3,8.9,17.0,42.7325,23.2986
Надежда,2023-10-21,28.5,10.8,18.2,42.7325,23.2986
Надежда,2023-10-22,26.1,12.9,18.7,42.7325,23.2986
Надежда,2023-10-23,23.4,12.3,17.1,42.7325,23.2986
Надежда,2023-10-24,24.0,9.1,15.5,42.7325,23.2986
Надежда,2023-10-25,25.5,10.9,17.3,42.7325,23.2986
Надежда,2023-10-26,23.0,13.3,17.4,42.7325,23.2986
Надежда,2023-10-27,24.7,13.3,18.8,42.7325,23.2986
Надежда,2023-10-28,25.0,12.7,17.9,42.7325,23.2986
Надежда,2023-10-29,22.3,8.8,14.6,42.7325,23.2986
Надежда,2023-10-30,22.3,9.4,14.2,42.7325,23.2986
Надежда,2023-10-31,22.7,8.4,14.5,42.7325,23.2986
Надежда,2023-11-01,18.1,8.9,13.7,42.7325,23.2986
Надежда,2023-11-02,18.0,7.9,12.0,42.7325,23.2986
Надежда,2023-11-03,18.2,8.3,12.1,42.7325,23.2986
Надежда,2023-11-04,13.7,9.1,11.5,42.7325,23.2986
Надежда,2023-11-05,19.1,5.9,11.7,42.7325,23.2986
Надежда,2023-11-06,21.0,8.2,14.6,42.7325,23.2986
Надежда,2023-11-07,18.6,7.0,11.1,42.7325,23.2986
Надежда,2023-11-08,14.5,7.6,10.4,42.7325,23.2986
Надежда,2023-11-09,12.0,3.3,7.3,42.7325,23.2986
Надежда,2023-11-10,12.8,0.8,5.7,42.7325,23.2986
Надежда,2023-11-11,13.8,5.4,8.9,42.7325,23.2986
Надежда,2023-11-12,9.3,2.1,6.5,42.7325,23.2986
Надежда,2023-11-13,12.8,3.3,6.7,42.7325,23.2986
Надежда,2023-11-14,18.7,1.8,8.2,42.7325,23.2986
Надежда,2023-11-15,16.1,4.7,9.1,42.7325,23.2986
Надежда,2023-11-16,12.0,3.4,7.8,42.7325,23.2986
Надежда,2023-11-17,11.9,2.0,6.4,42.7325,23.2986
Надежда,2023-11-18,7.3,2.3,3.8,42.7325,23.2986
Надежда,2023-11-19,4.7,1.2,2.8,42.7325,23.2986
Надежда,2023-11-20,12.9,-1.9,4.2,42.7325,23.2986
Надежда,2023-11-21,10.4,-0.5,3.6,42.7325,23.2986
Надежда,2023-11-22,11.0,1.7,6.6,42.7325,23.2986
Надежда,2023-11-23,9.8,6.0,8.0,42.7325,23.2986
Надежда,2023-11-24,13.6,5.7,9.1,42.7325,23.2986
Надежда,2023-11-25,10.1,0.2,4.1,42.7325,23.2986
Надежда,2023-11-26,0.0,-3.6,-1.7,42.7325,23.2986
Надежда,2023-11-27,1.4,-4.2,-2.0,42.7325,23.2986
Надежда,2023-11-28,1.6,-4.7,-0.7,42.7325,23.2986
Надежда,2023-11-29,5.1,-1.9,2.4,42.7325,23.2986
Надежда,2023-11-30,6.1,-3.8,0.1,42.7325,23.2986
Надежда,2023-12-01,17.5,-0.8,8.4,42.7325,23.2986
Надежда,2023-12-02,14.9,4.9,10.5,42.7325,23.2986
Надежда,2023-12-03,9.4,1.0,5.9,42.7325,23.2986
Надежда,2023-12-04,3.0,-3.5,-0.9,42.7325,23.2986
Надежда,2023-12-05,3.8,-1.2,0.9,42.7325,23.2986
Надежда,2023-12-06,4.7,1.5,3.3,42.7325,23.2986
Надежда,2023-12-07,4.7,1.3,2.8,42.7325,23.2986
Надежда,2023-12-08,3.2,-0.7,1.2,42.7325,23.2986
Надежда,2023-12-09,3.3,-3.2,0.6,42.7325,23.2986
Надежда,2023-12-10,6.1,-4.2,0.1,42.7325,23.2986
Надежда,2023-12-11,8.7,-0.5,2.7,42.7325,23.2986
Надежда,2023-12-12,10.6,-0.7,3.9,42.7325,23.2986
Надежда,2023-12-13,11.3,0.9,4.6,42.7325,23.2986
Надежда,2023-12-14,13.2,2.8,6.5,42.7325,23.2986
Надежда,2023-12-15,6.5,2.2,4.8,42.7325,23.2986
Надежда,2023-12-16,2.2,0.3,1.2,42.7325,23.2986
Надежда,2023-12-17,4.0,-3.9,-0.5,42.7325,23.2986
Надежда,2023-12-18,9.6,-4.3,-0.2,42.7325,23.2986
Надежда,2023-12-19,9.9,-4.8,1.1,42.7325,23.2986
Надежда,2023-12-20,11.3,-5.1,0.8,42.7325,23.2986
Надежда,2023-12-21,6.1,-3.8,0.6,42.7325,23.2986
Надежда,2023-12-22,5.5,-3.2,1.9,42.7325,23.2986
Надежда,2023-12-23,6.9,-1.3,2.3,42.7325,23.2986
Надежда,2023-12-24,13.0,2.5,6.0,42.7325,23.2986
Надежда,2023-12-25,13.7,0.2,4.4,42.7325,23.2986
Надежда,2023-12-26,14.1,-1.8,3.4,42.7325,23.2986
Надежда,2023-12-27,12.0,-0.7,3.2,42.7325,23.2986
Надежда,2023-12-28,11.3,-3.2,2.6,42.7325,23.2986
Надежда,2023-12-29,11.1,-3.6,2.5,42.7325,23.2986
Надежда,2023-12-30,10.4,-3.1,1.3,42.7325,23.2986
Надежда,2023-12-31,8.2,-2.5,2.1,42.7325,23.2986
Нови Искър,2023-01-01,10.6,-0.7,4.0,42.8,23.35
Нови Искър,2023-01-02,11.3,-0.8,4.1,42.8,23.35
Нови Искър,2023-01-03,12.9,0.0,3.9,42.8,23.35
Нови Искър,2023-01-04,8.5,-0.2,4.3,42.8,23.35
Нови Искър,2023-01-05,11.7,2.5,5.7,42.8,23.35
Нови Искър,2023-01-06,10.2,0.7,5.3,42.8,23.35
Нови Искър,2023-01-07,10.3,-2.6,3.1,42.8,23.35
Нови Искър,2023-01-08,8.7,-1.9,2.6,42.8,23.35
Нови Искър,2023-01-09,4.9,-1.1,0.7,42.8,23.35
Нови Искър,2023-01-10,4.6,-0.4,2.3,42.8,23.35
Нови Искър,2023-01-11,5.4,-1.6,2.4,42.8,23.35
Нови Искър,2023-01-12,5.5,2.2,3.7,42.8,23.35
Нови Искър,2023-01-13,5.9,-0.8,3.4,42.8,23.35
Нови Искър,2023-01-14,6.0,-1.2,2.2,42.8,23.35
Нови Искър,2023-01-15,7.8,0.7,3.7,42.8,23.35
Нови Искър,2023-01-16,7.2,-0.4,2.1,42.8,23.35
Нови Искър,2023-01-17,13.9,0.3,6.0,42.8,23.35
Нови Искър,2023-01-18,15.9,6.1,9.6,42.8,23.35
Нови Искър,2023-01-19,17.9,4.9,10.4,42.8,23.35
Нови Искър,2023-01-20,9.9,0.9,6.0,42.8,23.35
Нови Искър,2023-01-21,9.3,-2.2,3.7,42.8,23.35
Нови Искър,2023-01-22,9.8,3.6,6.5,42.8,23.35
Нови Искър,2023-01-23,8.3,5.6,7.3,42.8,23.35
Нови Искър,2023-01-24,5.2,0.8,2.5,42.8,23.35
Нови Искър,2023-01-25,2.9,0.0,1.0,42.8,23.35
Нови Искър,2023-01-26,2.0,-1.1,0.1,42.8,23.35
Нови Искър,2023-01-27,4.4,0.1,1.4,42.8,23.35
Нови Искър,2023-01-28,3.3,-0.4,0.8,42.8,23.35
Нови Искър,2023-01-29,2.2,-0.9,0.3,42.8,23.35
Нови Искър,2023-01-30,2.0,-3.1,-0.8,42.8,23.35
Нови Искър,2023-01-31,3.6,-2.0,0.4,42.8,23.35
Нови Искър,2023-02-01,6.4,-2.0,1.3,42.8,23.35
Нови Искър,2023-02-02,7.6,-1.7,2.2,42.8,23.35
Нови Искър,2023-02-03,4.3,-1.1,1.2,42.8,23.35
Нови Искър,2023-02-04,4.3,-0.7,2.0,42.8,23.35
Нови Искър,2023-02-05,-0.7,-4.7,-3.0,42.8,23.35
Нови Искър,2023-02-06,-1.2,-8.0,-4.2,42.8,23.35
Нови Искър,2023-02-07,0.0,-5.9,-3.4,42.8,23.35
Нови Искър,2023-02-08,-0.9,-7.0,-3.8,42.8,23.35
Нови Искър,2023-02-09,1.3,-7.2,-4.0,42.8,23.35
Нови Искър,2023-02-10,4.0,-7.4,-2.7,42.8,23.35
Нови Искър,2023-02-11,4.6,-7.0,-2.4,42.8,23.35
Нови Искър,2023-02-12,4.5,-3.8,0.1,42.8,23.35
Нови Искър,2023-02-13,6.5,-4.2,0.5,42.8,23.35
Нови Искър,2023-02-14,5.4,-2.7,0.7,42.8,23.35
Нови Искър,2023-02-15,6.8,-2.7,1.8,42.8,23.35
Нови Искър,2023-02-16,12.2,-4.4,1.7,42.8,23.35
Нови Искър,2023-02-17,14.2,-3.2,3.5,42.8,23.35
Нови Искър,2023-02-18,15.6,-2.8,4.5,42.8,23.35
Нови Искър,2023-02-19,17.5,0.5,7.7,42.8,23.35
Нови Искър,2023-02-20,12.3,2.8,7.2,42.8,23.35
Нови Искър,2023-02-21,18.2,1.1,7.3,42.8,23.35
Нови Искър,2023-02-22,16.4,-0.3,6.8,42.8,23.35
Нови Искър,2023-02-23,15.8,0.1,7.1,42.8,23.35
Нови Искър,2023-02-24,12.4,4.2,7.4,42.8,23.35
Нови Искър,2023-02-25,16.0,1.8,9.8,42.8,23.35
Нови Искър,2023-02-26,18.9,5.7,11.8,42.8,23.35
Нови Искър,2023-02-27,13.1,4.9,7.7,42.8,23.35
Нови Искър,2023-02-28,11.4,3.9,7.1,42.8,23.35
Нови Искър,2023-03-01,7.7,4.0,5.7,42.8,23.35
Нови Искър,2023-03-02,7.7,4.3,5.5,42.8,23.35
Нови Искър,2023-03-03,6.5,2.8,4.6,42.8,23.35
Нови Искър,2023-03-04,9.8,0.2,4.3,42.8,23.35
Нови Искър,2023-03-05,10.3,1.6,5.4,42.8,23.35
Нови Искър,2023-03-06,12.7,-2.1,4.7,42.8,23.35
Нови Искър,2023-03-07,14.9,2.8,8.0,42.8,23.35
Нови Искър,2023-03-08,14.6,1.2,8.4,42.8,23.35
Нови Искър,2023-03-09,18.9,2.7,10.2,42.8,23.35
Нови Искър,2023-03-10,17.0,5.9,9.8,42.8,23.35
Нови Искър,2023-03-11,14.9,5.3,9.6,42.8,23.35
Нови Искър,2023-03-12,8.5,-0.3,3.8,42.8,23.35
Нови Искър,2023-03-13,10.4,-4.1,2.7,42.8,23.35
Нови Искър,2023-03-14,15.2,-2.7,5.0,42.8,23.35
Нови Искър,2023-03-15,13.8,0.6,6.1,42.8,23.35
Нови Искър,2023-03-16,6.2,1.1,3.0,42.8,23.35
Нови Искър,2023-03-17,8.7,0.8,4.0,42.8,23.35
Нови Искър,2023-03-18,8.8,-3.9,2.8,42.8,23.35
Нови Искър,2023-03-19,15.0,-3.7,5.4,42.8,23.35
Нови Искър,2023-03-20,19.1,-0.4,9.8,42.8,23.35
Нови Искър,2023-03-21,17.0,5.0,10.9,42.8,23.35
Нови Искър,2023-03-22,13.3,5.0,9.1,42.8,23.35
Нови Искър,2023-03-23,15.7,1.1,7.7,42.8,23.35
Нови Искър,2023-03-24,18.8,2.3,10.4,42.8,23.35
Нови Искър,2023-03-25,20.0,3.6,11.4,42.8,23.35
Нови Искър,2023-03-26,16.1,6.5,10.4,42.8,23.35
Нови Искър,2023-03-27,14.8,3.1,8.5,42.8,23.35
Нови Искър,2023-03-28,6.0,0.2,2.9,42.8,23.35
Нови Искър,2023-03-29,7.5,-1.7,2.3,42.8,23.35
Нови Искър,2023-03-30,14.1,0.9,6.8,42.8,23.35
Нови Искър,2023-03-31,17.5,4.1,10.7,42.8,23.35
Нови Искър,2023-04-01,16.6,5.9,11.0,42.8,23.35
Нови Искър,2023-04-02,15.6,3.6,9.1,42.8,23.35
Нови Искър,2023-04-03,14.8,1.6,7.4,42.8,23.35
Нови Искър,2023-04-04,9.0,1.1,5.9,42.8,23.35
Нови Искър,2023-04-05,5.6,-0.6,2.0,42.8,23.35
Нови Искър,2023-04-06,6.5,-1.6,2.1,42.8,23.35
Нови Искър,2023-04-07,8.2,-2.6,3.3,42.8,23.35
Нови Искър,2023-04-08,12.1,0.2,5.9,42.8,23.35
Нови Искър,2023-04-09,12.2,2.7,7.1,42.8,23.35
Нови Искър,2023-04-10,11.2,3.5,7.6,42.8,23.35
Нови Искър,2023-04-11,12.9,3.8,8.1,42.8,23.35
Нови Искър,2023-04-12,13.0,4.3,8.7,42.8,23.35
Нови Искър,2023-04-13,19.9,-0.6,9.6,42.8,23.35
Нови Искър,2023-04-14,21.5,3.9,10.8,42.8,23.35
Нови Искър,2023-04-15,16.8,3.3,10.6,42.8,23.35
Нови Искър,2023-04-16,16.9,5.7,11.0,42.8,23.35
Нови Искър,2023-04-17,15.5,6.8,10.3,42.8,23.35
Нови Искър,2023-04-18,14.6,8.3,10.5,42.8,23.35
Нови Искър,2023-04-19,15.1,6.7,10.1,42.8,23.35
Нови Искър,2023-04-20,14.0,5.4,9.5,42.8,23.35
Нови Искър,2023-04-21,15.9,4.6,10.3,42.8,23.35
Нови Искър,2023-04-22,16.1,3.9,10.0,42.8,23.35
Нови Искър,2023-04-23,17.2,4.1,10.5,42.8,23.35
Нови Искър,2023-04-24,19.8,5.7,11.1,42.8,23.35
Нови Искър,2023-04-25,15.1,8.0,11.5,42.8,23.35
Нови Искър,2023-04-26,15.2,4.2,9.9,42.8,23.35
Нови Искър,2023-04-27,12.2,3.7,8.6,42.8,23.35
Нови Искър,2023-04-28,15.8,1.3,8.1,42.8,23.35
Нови Искър,2023-04-29,15.5,3.8,9.7,42.8,23.35
Нови Искър,2023-04-30,17.6,4.8,11.7,42.8,23.35
Нови Искър,2023-05-01,19.1,5.5,12.2,42.8,23.35
Нови Искър,2023-05-02,19.6,8.2,13.6,42.8,23.35
Нови Искър,2023-05-03,18.0,9.6,12.4,42.8,23.35
Нови Искър,2023-05-04,14.6,8.8,11.4,42.8,23.35
Нови Искър,2023-05-05,17.5,5.4,12.0,42.8,23.35
Нови Искър,2023-05-06,18.5,5.8,12.6,42.8,23.35
Нови Искър,2023-05-07,21.8,7.4,14.6,42.8,23.35
Нови Искър,2023-05-08,20.0,9.2,14.3,42.8,23.35
Нови Искър,2023-05-09,14.5,9.8,11.7,42.8,23.35
Нови Искър,2023-05-10,10.5,7.6,9.0,42.8,23.35
Нови Искър,2023-05-11,13.2,7.3,10.3,42.8,23.35
Нови Искър,2023-05-12,14.9,6.4,10.1,42.8,23.35
Нови Искър,2023-05-13,19.0,7.1,12.8,42.8,23.35
Нови Искър,2023-05-14,14.2,10.3,11.7,42.8,23.35
Нови Искър,2023-05-15,16.1,8.9,12.3,42.8,23.35
Нови Искър,2023-05-16,20.3,11.8,15.3,42.8,23.35
Нови Искър,2023-05-17,19.9,11.3,14.8,42.8,23.35
Нови Искър,2023-05-18,15.8,11.5,13.0,42.8,23.35
Нови Искър,2023-05-19,19.9,7.2,14.3,42.8,23.35
Нови Искър,2023-05-20,20.5,9.6,15.5,42.8,23.35
Нови Искър,2023-05-21,20.5,10.0,15.2,42.8,23.35
Нови Искър,2023-05-22,19.4,10.8,15.4,42.8,23.35
Нови Искър,2023-05-23,21.4,7.4,15.4,42.8,23.35
Нови Искър,2023-05-24,23.4,7.7,16.3,42.8,23.35
Нови Искър,2023-05-25,21.4,10.5,16.3,42.8,23.35
Нови Искър,2023-05-26,21.6,9.9,15.8,42.8,23.35
Нови Искър,2023-05-27,21.3,8.7,15.7,42.8,23.35
Нови Искър,2023-05-28,19.3,10.8,15.7,42.8,23.35
Нови Искър,2023-05-29,20.9,13.1,16.7,42.8,23.35
Нови Искър,2023-05-30,22.0,10.4,17.0,42.8,23.35
Нови Искър,2023-05-31,22.4,12.4,17.3,42.8,23.35
Нови Искър,2023-06-01,23.7,11.7,17.4,42.8,23.35
Нови Искър,2023-06-02,23.6,12.4,18.3,42.8,23.35
Нови Искър,2023-06-03,21.2,12.0,17.1,42.8,23.35
Нови Искър,2023-06-04,20.7,13.2,16.8,42.8,23.35
Нови Искър,2023-06-05,22.6,12.0,17.5,42.8,23.35
Нови Искър,2023-06-06,23.8,12.5,17.9,42.8,23.35
Нови Искър,2023-06-07,23.5,12.5,18.1,42.8,23.35
Нови Искър,2023-06-08,25.2,13.2,19.1,42.8,23.35
Нови Искър,2023-06-09,25.3,11.9,19.0,42.8,23.35
Нови Искър,2023-06-10,23.7,13.9,18.7,42.8,23.35
Нови Искър,2023-06-11,24.2,13.8,19.1,42.8,23.35
Нови Искър,2023-06-12,24.5,13.7,18.3,42.8,23.35
Нови Искър,2023-06-13,20.9,15.1,17.2,42.8,23.35
Нови Искър,2023-06-14,22.7,13.9,18.6,42.8,23.35
Нови Искър,2023-06-15,21.3,14.6,18.3,42.8,23.35
Нови Искър,2023-06-16,22.8,15.8,18.5,42.8,23.35
Нови Искър,2023-06-17,19.7,14.8,16.8,42.8,23.35
Нови Искър,2023-06-18,21.7,14.3,17.4,42.8,23.35
Нови Искър,2023-06-19,25.1,12.4,18.7,42.8,23.35
Нови Искър,2023-06-20,25.3,11.1,19.2,42.8,23.35
Нови Искър,2023-06-21,27.7,12.9,20.6,42.8,23.35
Нови Искър,2023-06-22,29.2,14.5,21.8,42.8,23.35
Нови Искър,2023-06-23,29.8,16.3,23.1,42.8,23.35
Нови Искър,2023-06-24,29.3,16.5,23.1,42.8,23.35
Нови Искър,2023-06-25,25.0,16.0,20.0,42.8,23.35
Нови Искър,2023-06-26,24.3,15.8,20.2,42.8,23.35
Нови Искър,2023-06-27,26.2,12.2,19.8,42.8,23.35
Нови Искър,2023-06-28,25.2,13.9,18.9,42.8,23.35
Нови Искър,2023-06-29,21.3,12.4,17.0,42.8,23.35
Нови Искър,2023-06-30,25.8,10.2,18.6,42.8,23.35
Нови Искър,2023-07-01,28.1,14.2,21.1,42.8,23.35
Нови Искър,2023-07-02,23.9,15.5,19.7,42.8,23.35
Нови Искър,2023-07-03,27.4,14.5,21.0,42.8,23.35
Нови Искър,2023-07-04,28.8,14.1,21.9,42.8,23.35
Нови Искър,2023-07-05,26.5,15.9,21.2,42.8,23.35
Нови Искър,2023-07-06,25.6,15.7,20.6,42.8,23.35
Нови Искър,2023-07-07,27.0,16.6,20.9,42.8,23.35
Нови Искър,2023-07-08,25.1,15.6,20.5,42.8,23.35
Нови Искър,2023-07-09,26.9,12.0,20.0,42.8,23.35
Нови Искър,2023-07-10,28.2,12.7,21.2,42.8,23.35
Нови Искър,2023-07-11,29.6,13.6,22.1,42.8,23.35
Нови Искър,2023-07-12,32.8,16.1,24.9,42.8,23.35
Нови Искър,2023-07-13,36.4,17.0,27.1,42.8,23.35
Нови Искър,2023-07-14,32.2,19.1,25.9,42.8,23.35
Нови Искър,2023-07-15,32.1,17.2,24.8,42.8,23.35
Нови Искър,2023-07-16,32.2,19.5,26.1,42.8,23.35
Нови Искър,2023-07-17,33.4,20.1,26.6,42.8,23.35
Нови Искър,2023-07-18,33.5,18.6,26.1,42.8,23.35
Нови Искър,2023-07-19,33.7,17.6,26.1,42.8,23.35
Нови Искър,2023-07-20,31.5,17.9,25.0,42.8,23.35
Нови Искър,2023-07-21,32.9,18.0,25.0,42.8,23.35
Нови Искър,2023-07-22,35.3,19.8,26.7,42.8,23.35
Нови Искър,2023-07-23,30.8,19.6,24.8,42.8,23.35
Нови Искър,2023-07-24,33.2,15.8,24.8,42.8,23.35
Нови Искър,2023-07-25,38.6,18.2,28.1,42.8,23.35
Нови Искър,2023-07-26,35.1,20.3,27.4,42.8,23.35
Нови Искър,2023-07-27,22.7,15.9,19.3,42.8,23.35
Нови Искър,2023-07-28,29.0,10.1,19.9,42.8,23.35
Нови Искър,2023-07-29,30.9,13.8,22.6,42.8,23.35
Нови Искър,2023-07-30,31.8,15.4,24.2,42.8,23.35
Нови Искър,2023-07-31,27.5,18.8,23.0,42.8,23.35
Нови Искър,2023-08-01,30.0,14.3,22.7,42.8,23.35
Нови Искър,2023-08-02,31.1,18.3,24.6,42.8,23.35
Нови Искър,2023-08-03,35.1,18.7,26.8,42.8,23.35
Нови Искър,2023-08-04,35.5,20.0,28.3,42.8,23.35
Нови Искър,2023-08-05,33.8,20.3,27.9,42.8,23.35
Нови Искър,2023-08-06,26.2,17.4,21.7,42.8,23.35
Нови Искър,2023-08-07,25.7,14.7,19.7,42.8,23.35
Нови Искър,2023-08-08,22.7,14.4,18.4,42.8,23.35
Нови Искър,2023-08-09,26.9,9.2,18.2,42.8,23.35
Нови Искър,2023-08-10,22.0,16.6,18.9,42.8,23.35
Нови Искър,2023-08-11,25.6,11.7,18.7,42.8,23.35
Нови Искър,2023-08-12,27.0,11.8,19.9,42.8,23.35
Нови Искър,2023-08-13,27.7,15.3,21.8,42.8,23.35
Нови Искър,2023-08-14,28.8,16.7,23.4,42.8,23.35
Нови Искър,2023-08-15,25.9,19.1,21.9,42.8,23.35
Нови Искър,2023-08-16,28.2,18.2,22.9,42.8,23.35
Нови Искър,2023-08-17,31.0,17.0,24.7,42.8,23.35
Нови Искър,2023-08-18,32.6,18.8,26.1,42.8,23.35
Нови Искър,2023-08-19,31.2,19.2,25.4,42.8,23.35
Нови Искър,2023-08-20,32.1,16.8,25.3,42.8,23.35
Нови Искър,2023-08-21,33.3,17.4,26.1,42.8,23.35
Нови Искър,2023-08-22,33.1,18.0,25.9,42.8,23.35
Нови Искър,2023-08-23,33.3,19.7,26.6,42.8,23.35
Нови Искър,2023-08-24,31.6,18.5,25.6,42.8,23.35
Нови Искър,2023-08-25,32.7,17.5,24.7,42.8,23.35
Нови Искър,2023-08-26,33.5,17.5,25.5,42.8,23.35
Нови Искър,2023-08-27,33.1,19.4,26.0,42.8,23.35
Нови Искър,2023-08-28,34.2,18.7,26.1,42.8,23.35
Нови Искър,2023-08-29,29.5,19.4,23.9,42.8,23.35
Нови Искър,2023-08-30,29.5,17.2,22.3,42.8,23.35
Нови Искър,2023-08-31,27.2,14.8,20.9,42.8,23.35
Нови Искър,2023-09-01,27.1,13.0,20.1,42.8,23.35
Нови Искър,2023-09-02,28.0,13.2,20.7,42.8,23.35
Нови Искър,2023-09-03,28.8,12.9,20.8,42.8,23.35
Нови Искър,2023-09-04,19.5,15.0,16.1,42.8,23.35
Нови Искър,2023-09-05,21.7,15.2,18.0,42.8,23.35
Нови Искър,2023-09-06,24.2,15.0,19.7,42.8,23.35
Нови Искър,2023-09-07,24.5,16.9,20.7,42.8,23.35
Нови Искър,2023-09-08,25.1,12.7,20.2,42.8,23.35
Нови Искър,2023-09-09,26.0,12.5,19.1,42.8,23.35
Нови Искър,2023-09-10,26.2,12.8,19.3,42.8,23.35
Нови Искър,2023-09-11,26.1,11.7,18.6,42.8,23.35
Нови Искър,2023-09-12,28.3,11.7,19.5,42.8,23.35
Нови Искър,2023-09-13,31.1,14.2,21.6,42.8,23.35
Нови Искър,2023-09-14,30.2,16.3,22.7,42.8,23.35
Нови Искър,2023-09-15,27.8,15.0,21.2,42.8,23.35
Нови Искър,2023-09-16,23.2,15.5,19.1,42.8,23.35
Нови Искър,2023-09-17,24.5,14.9,19.2,42.8,23.35
Нови Искър,2023-09-18,25.0,14.9,19.6,42.8,23.35
Нови Искър,2023-09-19,24.1,11.8,18.2,42.8,23.35
Нови Искър,2023-09-20,26.4,14.1,19.4,42.8,23.35
Нови Искър,2023-09-21,27.3,14.3,20.2,42.8,23.35
Нови Искър,2023-09-22,30.3,14.5,21.9,42.8,23.35
Нови Искър,2023-09-23,32.7,18.2,23.7,42.8,23.35
Нови Искър,2023-09-24,28.4,17.0,22.0,42.8,23.35
Нови Искър,2023-09-25,24.0,17.2,20.1,42.8,23.35
Нови Искър,2023-09-26,23.7,16.1,19.8,42.8,23.35
Нови Искър,2023-09-27,23.6,14.1,18.9,42.8,23.35
Нови Искър,2023-09-28,23.6,14.5,18.9,42.8,23.35
Нови Искър,2023-09-29,24.8,10.6,17.6,42.8,23.35
Нови Искър,2023-09-30,25.6,9.4,17.3,42.8,23.35
Нови Искър,2023-10-01,24.1,10.1,16.6,42.8,23.35
Нови Искър,2023-10-02,22.4,12.0,16.4,42.8,23.35
Нови Искър,2023-10-03,22.5,7.6,14.8,42.8,23.35
Нови Искър,2023-10-04,26.2,10.0,16.8,42.8,23.35
Нови Искър,2023-10-05,24.4,11.2,16.7,42.8,23.35
Нови Искър,2023-10-06,22.6,10.3,15.9,42.8,23.35
Нови Искър,2023-10-07,23.6,6.1,14.1,42.8,23.35
Нови Искър,2023-10-08,24.5,7.3,15.9,42.8,23.35
Нови Искър,2023-10-09,20.4,10.9,15.4,42.8,23.35
Нови Искър,2023-10-10,21.1,10.7,15.3,42.8,23.35
Нови Искър,2023-10-11,21.6,9.9,14.9,42.8,23.35
Нови Искър,2023-10-12,23.3,7.6,15.1,42.8,23.35
Нови Искър,2023-10-13,26.4,7.4,16.5,42.8,23.35
Нови Искър,2023-10-14,25.9,9.2,16.7,42.8,23.35
Нови Искър,2023-10-15,25.6,9.3,17.1,42.8,23.35
Нови Искър,2023-10-16,15.8,7.7,11.4,42.8,23.35
Нови Искър,2023-10-17,12.4,4.2,8.2,42.8,23.35
Нови Искър,2023-10-18,15.1,6.7,10.5,42.8,23.35
Нови Искър,2023-10-19,19.9,4.6,10.5,42.8,23.35
Нови Искър,2023-10-20,27.4,9.0,17.2,42.8,23.35
Нови Искър,2023-10-21,28.7,11.0,18.4,42.8,23.35
Нови Искър,2023-10-22,26.2,13.1,18.9,42.8,23.35
Нови Искър,2023-10-23,23.5,12.5,17.3,42.8,23.35
Нови Искър,2023-10-24,24.1,9.2,15.6,42.8,23.35
Нови Искър,2023-10-25,25.7,11.0,17.5,42.8,23.35
Нови Искър,2023-10-26,23.2,13.4,17.6,42.8,23.35
Нови Искър,2023-10-27,24.9,13.5,18.9,42.8,23.35
Нови Искър,2023-10-28,25.1,12.8,18.1,42.8,23.35
Нови Искър,2023-10-29,22.5,9.0,14.8,42.8,23.35
Нови Искър,2023-10-30,22.5,9.6,14.4,42.8,23.35
Нови Искър,2023-10-31,22.9,8.6,14.6,42.8,23.35
Нови Искър,2023-11-01,18.2,9.0,13.9,42.8,23.35
Нови Искър,2023-11-02,18.2,8.0,12.2,42.8,23.35
Нови Искър,2023-11-03,18.4,8.4,12.2,42.8,23.35
Нови Искър,2023-11-04,13.9,9.3,11.6,42.8,23.35
Нови Искър,2023-11-05,19.2,6.0,11.8,42.8,23.35
Нови Искър,2023-11-06,21.1,8.4,14.7,42.8,23.35
Нови Искър,2023-11-07,18.8,7.1,11.3,42.8,23.35
Нови Искър,2023-11-08,14.6,7.7,10.6,42.8,23.35
Нови Искър,2023-11-09,12.2,3.5,7.5,42.8,23.35
Нови Искър,2023-11-10,12.9,0.9,5.9,42.8,23.35
Нови Искър,2023-11-11,14.0,5.5,9.1,42.8,23.35
Нови Искър,2023-11-12,9.5,2.2,6.6,42.8,23.35
Нови Искър,2023-11-13,12.9,3.5,6.9,42.8,23.35
Нови Искър,2023-11-14,18.9,1.9,8.4,42.8,23.35
Нови Искър,2023-11-15,16.2,4.9,9.3,42.8,23.35
Нови Искър,2023-11-16,12.2,3.5,8.0,42.8,23.35
Нови Искър,2023-11-17,12.0,2.2,6.5,42.8,23.35
Нови Искър,2023-11-18,7.5,2.4,4.0,42.8,23.35
Нови Искър,2023-11-19,4.9,1.4,2.9,42.8,23.35
Нови Искър,2023-11-20,13.0,-1.7,4.3,42.8,23.35
Нови Искър,2023-11-21,10.6,-0.4,3.8,42.8,23.35
Нови Искър,2023-11-22,11.1,1.9,6.8,42.8,23.35
Нови Искър,2023-11-23,9.9,6.2,8.2,42.8,23.35
Нови Искър,2023-11-24,13.7,5.9,9.3,42.8,23.35
Нови Искър,2023-11-25,10.2,0.4,4.3,42.8,23.35
Нови Искър,2023-11-26,0.2,-3.4,-1.5,42.8,23.35
Нови Искър,2023-11-27,1.5,-4.1,-1.8,42.8,23.35
Нови Искър,2023-11-28,1.7,-4.6,-0.5,42.8,23.35
Нови Искър,2023-11-29,5.3,-1.7,2.6,42.8,23.35
Нови Искър,2023-11-30,6.2,-3.6,0.2,42.8,23.35
Нови Искър,2023-12-01,17.6,-0.7,8.5,42.8,23.35
Нови Искър,2023-12-02,15.0,5.1,10.6,42.8,23.35
Нови Искър,2023-12-03,9.5,1.2,6.0,42.8,23.35
Нови Искър,2023-12-04,3.1,-3.3,-0.7,42.8,23.35
Нови Искър,2023-12-05,4.0,-1.0,1.1,42.8,23.35
Нови Искър,2023-12-06,4.8,1.7,3.4,42.8,23.35
Нови Искър,2023-12-07,4.9,1.5,3.0,42.8,23.35
Нови Искър,2023-12-08,3.4,-0.6,1.4,42.8,23.35
Нови Искър,2023-12-09,3.5,-3.1,0.8,42.8,23.35
Нови Искър,2023-12-10,6.3,-4.0,0.3,42.8,23.35
Нови Искър,2023-12-11,8.9,-0.4,2.9,42.8,23.35
Нови Искър,2023-12-12,10.7,-0.5,4.1,42.8,23.35
Нови Искър,2023-12-13,11.5,1.0,4.7,42.8,23.35
Нови Искър,2023-12-14,13.4,3.0,6.6,42.8,23.35
Нови Искър,2023-12-15,6.6,2.4,4.9,42.8,23.35
Нови Искър,2023-12-16,2.4,0.4,1.4,42.8,23.35
Нови Искър,2023-12-17,4.2,-3.8,-0.3,42.8,23.35
Нови Искър,2023-12-18,9.7,-4.2,-0.0,42.8,23.35
Нови Искър,2023-12-19,10.1,-4.7,1.2,42.8,23.35
Нови Искър,2023-12-20,11.5,-4.9,1.0,42.8,23.35
Нови Искър,2023-12-21,6.3,-3.7,0.8,42.8,23.35
Нови Искър,2023-12-22,5.7,-3.1,2.0,42.8,23.35
Нови Искър,2023-12-23,7.1,-1.2,2.5,42.8,23.35
Нови Искър,2023-12-24,13.1,2.6,6.2,42.8,23.35
Нови Искър,2023-12-25,13.8,0.4,4.6,42.8,23.35
Нови Искър,2023-12-26,14.2,-1.7,3.6,42.8,23.35
Нови Искър,2023-12-27,12.1,-0.6,3.3,42.8,23.35
Нови Искър,2023-12-28,11.4,-3.1,2.8,42.8,23.35
Нови Искър,2023-12-29,11.2,-3.4,2.7,42.8,23.35
Нови Искър,2023-12-30,10.5,-3.0,1.5,42.8,23.35
Нови Искър,2023-12-31,8.4,-2.4,2.3,42.8,23.35
Оборище,2023-01-01,10.6,4.0,6.5,42.7,23.338
Оборище,2023-01-02,10.6,2.8,6.3,42.7,23.338
Оборище,2023-01-03,12.4,0.9,5.9,42.7,23.338
Оборище,2023-01-04,8.1,0.5,4.7,42.7,23.338
Оборище,2023-01-05,12.4,1.2,5.7,42.7,23.338
Оборище,2023-01-06,10.4,1.1,5.4,42.7,23.338
Оборище,2023-01-07,9.9,-0.1,4.2,42.7,23.338
Оборище,2023-01-08,8.4,-2.0,2.7,42.7,23.338
Оборище,2023-01-09,5.2,-2.1,0.7,42.7,23.338
Оборище,2023-01-10,4.8,0.3,2.7,42.7,23.338
Оборище,2023-01-11,5.1,-1.2,2.3,42.7,23.338
Оборище,2023-01-12,5.2,2.4,3.6,42.7,23.338
Оборище,2023-01-13,5.6,0.9,3.5,42.7,23.338
Оборище,2023-01-14,5.0,-1.4,1.9,42.7,23.338
Оборище,2023-01-15,7.8,-0.1,3.9,42.7,23.338
Оборище,2023-01-16,6.4,-1.1,1.9,42.7,23.338
Оборище,2023-01-17,14.4,1.8,6.5,42.7,23.338
Оборище,2023-01-18,17.0,5.8,10.1,42.7,23.338
Оборище,2023-01-19,18.5,5.2,10.8,42.7,23.338
Оборище,2023-01-20,10.2,1.8,6.5,42.7,23.338
Оборище,2023-01-21,9.2,-1.6,4.0,42.7,23.338
Оборище,2023-01-22,9.4,4.2,6.8,42.7,23.338
Оборище,2023-01-23,8.2,5.1,7.1,42.7,23.338
Оборище,2023-01-24,4.8,1.0,2.7,42.7,23.338
Оборище,2023-01-25,2.8,0.3,1.1,42.7,23.338
Оборище,2023-01-26,2.3,-1.1,0.2,42.7,23.338
Оборище,2023-01-27,3.4,0.1,1.2,42.7,23.338
Оборище,2023-01-28,3.4,-0.7,0.8,42.7,23.338
Оборище,2023-01-29,2.2,-1.1,0.4,42.7,23.338
Оборище,2023-01-30,2.5,-3.5,-0.8,42.7,23.338
Оборище,2023-01-31,3.3,-2.7,0.6,42.7,23.338
Оборище,2023-02-01,6.6,-1.9,1.4,42.7,23.338
Оборище,2023-02-02,7.7,-1.8,2.1,42.7,23.338
Оборище,2023-02-03,4.5,-2.6,1.1,42.7,23.338
Оборище,2023-02-04,4.7,-0.8,1.8,42.7,23.338
Оборище,2023-02-05,-0.6,-4.8,-3.1,42.7,23.338
Оборище,2023-02-06,-1.6,-7.7,-4.3,42.7,23.338
Оборище,2023-02-07,-0.1,-6.1,-3.6,42.7,23.338
Оборище,2023-02-08,-1.2,-7.4,-4.1,42.7,23.338
Оборище,2023-02-09,1.4,-7.6,-4.2,42.7,23.338
Оборище,2023-02-10,4.0,-7.4,-2.7,42.7,23.338
Оборище,2023-02-11,4.8,-6.4,-1.9,42.7,23.338
Оборище,2023-02-12,4.5,-4.1,0.5,42.7,23.338
Оборище,2023-02-13,6.7,-4.2,0.6,42.7,23.338
Оборище,2023-02-14,4.7,-2.0,0.9,42.7,23.338
Оборище,2023-02-15,7.0,-1.7,2.0,42.7,23.338
Оборище,2023-02-16,12.4,-2.3,3.5,42.7,23.338
Оборище,2023-02-17,14.4,-0.1,4.9,42.7,23.338
Оборище,2023-02-18,16.1,0.3,6.4,42.7,23.338
Оборище,2023-02-19,17.5,2.0,8.5,42.7,23.338
Оборище,2023-02-20,12.4,1.6,7.4,42.7,23.338
Оборище,2023-02-21,17.7,0.8,7.2,42.7,23.338
Оборище,2023-02-22,16.2,2.8,8.7,42.7,23.338
Оборище,2023-02-23,15.6,4.4,8.1,42.7,23.338
Оборище,2023-02-24,12.6,4.2,7.1,42.7,23.338
Оборище,2023-02-25,16.3,0.0,8.1,42.7,23.338
Оборище,2023-02-26,19.9,5.9,12.0,42.7,23.338
Оборище,2023-02-27,12.9,3.4,7.9,42.7,23.338
Оборище,2023-02-28,11.2,3.8,7.3,42.7,23.338
Оборище,2023-03-01,8.2,4.2,5.9,42.7,23.338
Оборище,2023-03-02,7.1,4.2,5.3,42.7,23.338
Оборище,2023-03-03,6.2,3.5,4.5,42.7,23.338
Оборище,2023-03-04,9.0,1.1,4.7,42.7,23.338
Оборище,2023-03-05,10.2,1.8,5.5,42.7,23.338
Оборище,2023-03-06,12.4,-2.6,5.3,42.7,23.338
Оборище,2023-03-07,14.5,-0.3,6.5,42.7,23.338
Оборище,2023-03-08,14.6,2.2,8.1,42.7,23.338
Оборище,2023-03-09,18.6,4.4,10.1,42.7,23.338
Оборище,2023-03-10,16.8,6.3,9.8,42.7,23.338
Оборище,2023-03-11,15.2,5.4,9.5,42.7,23.338
Оборище,2023-03-12,8.3,0.2,4.1,42.7,23.338
Оборище,2023-03-13,10.8,-3.5,3.7,42.7,23.338
Оборище,2023-03-14,15.4,-2.5,5.3,42.7,23.338
Оборище,2023-03-15,12.6,0.3,5.9,42.7,23.338
Оборище,2023-03-16,6.4,1.1,3.0,42.7,23.338
Оборище,2023-03-17,8.8,0.8,3.8,42.7,23.338
Оборище,2023-03-18,8.9,-2.4,3.5,42.7,23.338
Оборище,2023-03-19,15.1,-0.6,6.2,42.7,23.338
Оборище,2023-03-20,19.4,3.3,10.1,42.7,23.338
Оборище,2023-03-21,16.2,7.2,11.1,42.7,23.338
Оборище,2023-03-22,13.1,6.4,9.3,42.7,23.338
Оборище,2023-03-23,15.4,2.5,8.4,42.7,23.338
Оборище,2023-03-24,18.9,4.5,10.5,42.7,23.338
Оборище,2023-03-25,20.2,7.6,12.4,42.7,23.338
Оборище,2023-03-26,15.9,6.2,10.4,42.7,23.338
Оборище,2023-03-27,16.5,3.2,8.6,42.7,23.338
Оборище,2023-03-28,6.2,0.4,3.1,42.7,23.338
Оборище,2023-03-29,7.8,-1.5,2.6,42.7,23.338
Оборище,2023-03-30,14.0,0.2,7.1,42.7,23.338
Оборище,2023-03-31,17.7,5.5,10.9,42.7,23.338
Оборище,2023-04-01,17.2,6.6,10.6,42.7,23.338
Оборище,2023-04-02,15.8,3.8,9.5,42.7,23.338
Оборище,2023-04-03,15.2,4.1,8.5,42.7,23.338
Оборище,2023-04-04,8.6,1.3,6.0,42.7,23.338
Оборище,2023-04-05,5.3,-0.3,2.1,42.7,23.338
Оборище,2023-04-06,6.5,-1.4,2.2,42.7,23.338
Оборище,2023-04-07,9.0,-2.5,3.6,42.7,23.338
Оборище,2023-04-08,11.6,0.7,6.1,42.7,23.338
Оборище,2023-04-09,12.1,4.5,7.7,42.7,23.338
Оборище,2023-04-10,10.6,4.2,7.4,42.7,23.338
Оборище,2023-04-11,13.1,4.5,8.3,42.7,23.338
Оборище,2023-04-12,12.9,5.2,9.0,42.7,23.338
Оборище,2023-04-13,20.3,3.1,10.7,42.7,23.338
Оборище,2023-04-14,20.8,6.4,11.1,42.7,23.338
Оборище,2023-04-15,17.3,3.3,10.7,42.7,23.338
Оборище,2023-04-16,17.4,5.6,11.3,42.7,23.338
Оборище,2023-04-17,15.9,7.4,10.4,42.7,23.338
Оборище,2023-04-18,13.7,8.6,10.4,42.7,23.338
Оборище,2023-04-19,14.9,6.1,10.1,42.7,23.338
Оборище,2023-04-20,14.1,4.9,9.4,42.7,23.338
Оборище,2023-04-21,15.7,4.1,10.5,42.7,23.338
Оборище,2023-04-22,15.9,6.4,10.9,42.7,23.338
Оборище,2023-04-23,16.6,4.5,10.5,42.7,23.338
Оборище,2023-04-24,19.9,5.1,11.3,42.7,23.338
Оборище,2023-04-25,15.3,7.5,11.4,42.7,23.338
Оборище,2023-04-26,14.8,5.4,10.1,42.7,23.338
Оборище,2023-04-27,12.4,4.2,8.8,42.7,23.338
Оборище,2023-04-28,15.9,2.5,8.4,42.7,23.338
Оборище,2023-04-29,15.6,4.4,10.0,42.7,23.338
Оборище,2023-04-30,17.5,7.5,12.6,42.7,23.338
Оборище,2023-05-01,18.8,6.4,12.7,42.7,23.338
Оборище,2023-05-02,19.5,6.8,13.2,42.7,23.338
Оборище,2023-05-03,17.6,9.5,12.3,42.7,23.338
Оборище,2023-05-04,14.6,9.0,11.4,42.7,23.338
Оборище,2023-05-05,17.3,6.1,12.0,42.7,23.338
Оборище,2023-05-06,18.1,6.8,12.9,42.7,23.338
Оборище,2023-05-07,21.5,9.1,14.6,42.7,23.338
Оборище,2023-05-08,20.0,8.9,14.0,42.7,23.338
Оборище,2023-05-09,13.7,9.8,11.6,42.7,23.338
Оборище,2023-05-10,10.7,7.7,9.0,42.7,23.338
Оборище,2023-05-11,13.6,7.4,10.4,42.7,23.338
Оборище,2023-05-12,14.9,6.8,10.1,42.7,23.338
Оборище,2023-05-13,18.5,7.6,12.8,42.7,23.338
Оборище,2023-05-14,14.5,10.8,12.0,42.7,23.338
Оборище,2023-05-15,17.1,9.2,12.8,42.7,23.338
Оборище,2023-05-16,20.5,12.2,15.3,42.7,23.338
Оборище,2023-05-17,19.6,11.4,14.8,42.7,23.338
Оборище,2023-05-18,15.1,11.1,12.7,42.7,23.338
Оборище,2023-05-19,19.9,8.1,14.2,42.7,23.338
Оборище,2023-05-20,20.2,10.8,15.4,42.7,23.338
Оборище,2023-05-21,20.4,11.3,15.3,42.7,23.338
Оборище,2023-05-22,19.8,10.4,15.1,42.7,23.338
Оборище,2023-05-23,21.5,8.2,15.9,42.7,23.338
Оборище,2023-05-24,23.4,7.9,17.1,42.7,23.338
Оборище,2023-05-25,20.8,11.6,16.7,42.7,23.338
Оборище,2023-05-26,20.7,10.1,16.4,42.7,23.338
Оборище,2023-05-27,20.6,9.6,16.1,42.7,23.338
Оборище,2023-05-28,18.9,10.2,15.4,42.7,23.338
Оборище,2023-05-29,20.7,12.8,16.4,42.7,23.338
Оборище,2023-05-30,21.8,12.2,17.1,42.7,23.338
Оборище,2023-05-31,22.3,12.7,17.6,42.7,23.338
Оборище,2023-06-01,23.7,12.8,17.6,42.7,23.338
Оборище,2023-06-02,23.8,13.1,18.4,42.7,23.338
Оборище,2023-06-03,20.8,13.1,17.2,42.7,23.338
Оборище,2023-06-04,20.8,14.0,16.8,42.7,23.338
Оборище,2023-06-05,22.5,11.2,17.2,42.7,23.338
Оборище,2023-06-06,23.3,12.4,17.6,42.7,23.338
Оборище,2023-06-07,22.6,12.4,18.0,42.7,23.338
Оборище,2023-06-08,24.7,12.6,18.8,42.7,23.338
Оборище,2023-06-09,25.0,12.4,18.7,42.7,23.338
Оборище,2023-06-10,23.7,14.7,18.6,42.7,23.338
Оборище,2023-06-11,23.8,14.1,19.0,42.7,23.338
Оборище,2023-06-12,24.6,14.3,18.4,42.7,23.338
Оборище,2023-06-13,19.8,14.3,17.1,42.7,23.338
Оборище,2023-06-14,22.6,14.4,18.5,42.7,23.338
Оборище,2023-06-15,21.5,14.8,18.3,42.7,23.338
Оборище,2023-06-16,23.0,15.7,18.5,42.7,23.338
Оборище,2023-06-17,20.2,14.9,16.7,42.7,23.338
Оборище,2023-06-18,21.6,14.2,17.4,42.7,23.338
Оборище,2023-06-19,25.2,12.5,19.0,42.7,23.338
Оборище,2023-06-20,25.4,12.9,20.0,42.7,23.338
Оборище,2023-06-21,27.3,15.9,21.6,42.7,23.338
Оборище,2023-06-22,28.4,15.8,22.3,42.7,23.338
Оборище,2023-06-23,29.6,17.8,23.4,42.7,23.338
Оборище,2023-06-24,29.2,16.1,22.7,42.7,23.338
Оборище,2023-06-25,25.0,16.9,20.0,42.7,23.338
Оборище,2023-06-26,24.5,16.0,20.3,42.7,23.338
Оборище,2023-06-27,25.7,14.4,20.4,42.7,23.338
Оборище,2023-06-28,25.3,14.7,19.4,42.7,23.338
Оборище,2023-06-29,21.5,12.9,17.2,42.7,23.338
Оборище,2023-06-30,26.0,13.4,19.1,42.7,23.338
Оборище,2023-07-01,27.2,14.8,21.0,42.7,23.338
Оборище,2023-07-02,23.5,15.9,20.0,42.7,23.338
Оборище,2023-07-03,27.1,15.4,21.6,42.7,23.338
Оборище,2023-07-04,28.9,16.6,23.0,42.7,23.338
Оборище,2023-07-05,26.8,19.1,22.1,42.7,23.338
Оборище,2023-07-06,25.8,16.1,21.0,42.7,23.338
Оборище,2023-07-07,26.7,16.8,21.0,42.7,23.338
Оборище,2023-07-08,25.4,16.1,20.8,42.7,23.338
Оборище,2023-07-09,27.1,13.6,20.6,42.7,23.338
Оборище,2023-07-10,28.1,14.5,22.0,42.7,23.338
Оборище,2023-07-11,29.6,15.8,23.4,42.7,23.338
Оборище,2023-07-12,33.2,19.6,26.1,42.7,23.338
Оборище,2023-07-13,36.0,20.6,27.9,42.7,23.338
Оборище,2023-07-14,32.5,19.5,26.5,42.7,23.338
Оборище,2023-07-15,32.2,20.0,25.9,42.7,23.338
Оборище,2023-07-16,32.5,19.5,26.5,42.7,23.338
Оборище,2023-07-17,33.8,21.0,27.9,42.7,23.338
Оборище,2023-07-18,33.5,21.5,27.8,42.7,23.338
Оборище,2023-07-19,33.4,19.0,26.6,42.7,23.338
Оборище,2023-07-20,32.0,18.6,25.5,42.7,23.338
Оборище,2023-07-21,33.4,18.5,25.7,42.7,23.338
Оборище,2023-07-22,36.0,19.1,27.3,42.7,23.338
Оборище,2023-07-23,31.1,20.8,26.0,42.7,23.338
Оборище,2023-07-24,33.5,18.7,26.0,42.7,23.338
Оборище,2023-07-25,38.3,20.2,29.2,42.7,23.338
Оборище,2023-07-26,35.3,20.8,27.4,42.7,23.338
Оборище,2023-07-27,23.0,16.5,19.8,42.7,23.338
Оборище,2023-07-28,29.6,12.9,20.8,42.7,23.338
Оборище,2023-07-29,31.3,16.6,24.4,42.7,23.338
Оборище,2023-07-30,32.0,18.6,25.6,42.7,23.338
Оборище,2023-07-31,28.0,19.3,23.5,42.7,23.338
Оборище,2023-08-01,30.1,16.0,23.2,42.7,23.338
Оборище,2023-08-02,31.6,18.9,25.2,42.7,23.338
Оборище,2023-08-03,35.7,20.0,27.9,42.7,23.338
Оборище,2023-08-04,36.0,22.2,29.5,42.7,23.338
Оборище,2023-08-05,34.0,22.1,28.1,42.7,23.338
Оборище,2023-08-06,26.5,17.5,22.1,42.7,23.338
Оборище,2023-08-07,27.0,15.1,20.2,42.7,23.338
Оборище,2023-08-08,23.1,15.1,18.6,42.7,23.338
Оборище,2023-08-09,27.0,11.2,18.6,42.7,23.338
Оборище,2023-08-10,21.8,16.0,18.5,42.7,23.338
Оборище,2023-08-11,25.6,12.8,19.1,42.7,23.338
Оборище,2023-08-12,27.0,12.6,20.4,42.7,23.338
Оборище,2023-08-13,27.2,18.1,22.5,42.7,23.338
Оборище,2023-08-14,28.5,15.5,22.8,42.7,23.338
Оборище,2023-08-15,25.2,19.2,22.0,42.7,23.338
Оборище,2023-08-16,27.9,18.6,22.9,42.7,23.338
Оборище,2023-08-17,32.0,17.1,24.7,42.7,23.338
Оборище,2023-08-18,33.1,18.2,25.9,42.7,23.338
Оборище,2023-08-19,31.5,18.3,25.0,42.7,23.338
Оборище,2023-08-20,31.9,18.2,25.2,42.7,23.338
Оборище,2023-08-21,33.0,18.5,26.7,42.7,23.338
Оборище,2023-08-22,33.0,19.0,26.5,42.7,23.338
Оборище,2023-08-23,33.2,21.9,27.7,42.7,23.338
Оборище,2023-08-24,31.1,19.2,26.3,42.7,23.338
Оборище,2023-08-25,32.6,19.2,25.4,42.7,23.338
Оборище,2023-08-26,33.5,20.7,26.4,42.7,23.338
Оборище,2023-08-27,33.0,18.5,25.7,42.7,23.338
Оборище,2023-08-28,34.1,17.9,25.6,42.7,23.338
Оборище,2023-08-29,29.5,19.5,23.7,42.7,23.338
Оборище,2023-08-30,28.4,17.1,22.3,42.7,23.338
Оборище,2023-08-31,27.5,16.0,21.3,42.7,23.338
Оборище,2023-09-01,27.8,14.0,20.7,42.7,23.338
Оборище,2023-09-02,28.2,15.1,22.0,42.7,23.338
Оборище,2023-09-03,28.8,16.4,22.3,42.7,23.338
Оборище,2023-09-04,21.1,14.8,16.4,42.7,23.338
Оборище,2023-09-05,22.0,15.5,18.1,42.7,23.338
Оборище,2023-09-06,24.0,13.9,19.5,42.7,23.338
Оборище,2023-09-07,24.6,16.7,20.7,42.7,23.338
Оборище,2023-09-08,24.9,14.1,20.2,42.7,23.338
Оборище,2023-09-09,25.9,14.1,19.4,42.7,23.338
Оборище,2023-09-10,26.1,13.9,19.9,42.7,23.338
Оборище,2023-09-11,26.0,11.0,19.0,42.7,23.338
Оборище,2023-09-12,28.1,13.1,19.8,42.7,23.338
Оборище,2023-09-13,30.6,13.4,21.1,42.7,23.338
Оборище,2023-09-14,30.0,15.9,22.4,42.7,23.338
Оборище,2023-09-15,27.5,15.4,21.0,42.7,23.338
Оборище,2023-09-16,23.5,16.5,19.3,42.7,23.338
Оборище,2023-09-17,24.2,15.9,19.4,42.7,23.338
Оборище,2023-09-18,24.9,15.8,19.8,42.7,23.338
Оборище,2023-09-19,24.3,12.2,18.3,42.7,23.338
Оборище,2023-09-20,26.4,15.0,20.1,42.7,23.338
Оборище,2023-09-21,27.4,15.4,20.5,42.7,23.338
Оборище,2023-09-22,29.5,14.6,21.0,42.7,23.338
Оборище,2023-09-23,32.2,15.6,22.6,42.7,23.338
Оборище,2023-09-24,28.2,17.4,22.2,42.7,23.338
Оборище,2023-09-25,24.1,17.6,20.6,42.7,23.338
Оборище,2023-09-26,23.2,14.2,19.2,42.7,23.338
Оборище,2023-09-27,23.6,13.4,18.3,42.7,23.338
Оборище,2023-09-28,23.4,12.9,18.5,42.7,23.338
Оборище,2023-09-29,24.8,12.4,18.4,42.7,23.338
Оборище,2023-09-30,25.0,10.9,18.3,42.7,23.338
Оборище,2023-10-01,24.0,10.9,17.1,42.7,23.338
Оборище,2023-10-02,22.1,12.6,16.6,42.7,23.338
Оборище,2023-10-03,22.4,9.5,15.6,42.7,23.338
Оборище,2023-10-04,26.0,10.0,17.4,42.7,23.338
Оборище,2023-10-05,24.4,12.0,17.6,42.7,23.338
Оборище,2023-10-06,22.5,11.1,16.9,42.7,23.338
Оборище,2023-10-07,24.0,8.6,15.1,42.7,23.338
Оборище,2023-10-08,24.6,7.8,16.4,42.7,23.338
Оборище,2023-10-09,20.7,11.9,16.3,42.7,23.338
Оборище,2023-10-10,21.4,11.5,16.1,42.7,23.338
Оборище,2023-10-11,21.5,9.3,15.1,42.7,23.338
Оборище,2023-10-12,23.0,6.8,14.3,42.7,23.338
Оборище,2023-10-13,26.2,11.8,17.6,42.7,23.338
Оборище,2023-10-14,25.9,11.8,17.4,42.7,23.338
Оборище,2023-10-15,26.4,12.6,17.8,42.7,23.338
Оборище,2023-10-16,15.7,7.7,11.5,42.7,23.338
Оборище,2023-10-17,12.1,4.8,8.3,42.7,23.338
Оборище,2023-10-18,15.1,5.7,10.5,42.7,23.338
Оборище,2023-10-19,18.6,4.1,10.2,42.7,23.338
Оборище,2023-10-20,27.8,8.1,16.4,42.7,23.338
Оборище,2023-10-21,29.1,9.9,17.7,42.7,23.338
Оборище,2023-10-22,26.6,12.6,18.9,42.7,23.338
Оборище,2023-10-23,23.8,14.6,18.4,42.7,23.338
Оборище,2023-10-24,23.5,12.1,16.6,42.7,23.338
Оборище,2023-10-25,25.9,10.5,17.2,42.7,23.338
Оборище,2023-10-26,23.6,11.6,16.9,42.7,23.338
Оборище,2023-10-27,25.0,12.1,17.8,42.7,23.338
Оборище,2023-10-28,25.3,13.7,18.3,42.7,23.338
Оборище,2023-10-29,22.5,12.1,16.2,42.7,23.338
Оборище,2023-10-30,21.9,10.1,14.5,42.7,23.338
Оборище,2023-10-31,22.7,7.4,14.4,42.7,23.338
Оборище,2023-11-01,18.9,9.9,14.1,42.7,23.338
Оборище,2023-11-02,17.4,9.1,12.6,42.7,23.338
Оборище,2023-11-03,18.7,8.3,12.8,42.7,23.338
Оборище,2023-11-04,13.1,9.6,11.7,42.7,23.338
Оборище,2023-11-05,19.5,4.9,11.4,42.7,23.338
Оборище,2023-11-06,20.8,9.2,14.2,42.7,23.338
Оборище,2023-11-07,18.0,8.1,12.6,42.7,23.338
Оборище,2023-11-08,14.4,7.6,10.6,42.7,23.338
Оборище,2023-11-09,11.9,2.8,7.5,42.7,23.338
Оборище,2023-11-10,12.8,0.9,5.9,42.7,23.338
Оборище,2023-11-11,15.2,5.7,9.6,42.7,23.338
Оборище,2023-11-12,9.1,4.1,6.8,42.7,23.338
Оборище,2023-11-13,12.9,3.6,7.7,42.7,23.338
Оборище,2023-11-14,19.0,4.4,10.5,42.7,23.338
Оборище,2023-11-15,16.6,6.1,10.1,42.7,23.338
Оборище,2023-11-16,12.4,4.4,8.6,42.7,23.338
Оборище,2023-11-17,12.3,2.5,6.9,42.7,23.338
Оборище,2023-11-18,7.6,2.7,4.1,42.7,23.338
Оборище,2023-11-19,5.6,1.4,3.2,42.7,23.338
Оборище,2023-11-20,13.6,0.7,5.9,42.7,23.338
Оборище,2023-11-21,11.0,2.8,5.5,42.7,23.338
Оборище,2023-11-22,11.1,2.0,7.0,42.7,23.338
Оборище,2023-11-23,10.2,5.8,8.1,42.7,23.338
Оборище,2023-11-24,13.1,5.2,8.5,42.7,23.338
Оборище,2023-11-25,8.6,0.4,4.1,42.7,23.338
Оборище,2023-11-26,0.2,-2.7,-1.2,42.7,23.338
Оборище,2023-11-27,3.0,-3.9,-1.0,42.7,23.338
Оборище,2023-11-28,2.4,-5.3,-0.2,42.7,23.338
Оборище,2023-11-29,5.4,-2.0,3.0,42.7,23.338
Оборище,2023-11-30,6.4,-2.6,0.6,42.7,23.338
Оборище,2023-12-01,16.5,0.8,7.8,42.7,23.338
Оборище,2023-12-02,12.4,5.3,8.5,42.7,23.338
Оборище,2023-12-03,8.8,1.5,5.8,42.7,23.338
Оборище,2023-12-04,2.9,-2.5,-0.4,42.7,23.338
Оборище,2023-12-05,4.4,-0.8,1.6,42.7,23.338
Оборище,2023-12-06,4.7,1.8,3.4,42.7,23.338
Оборище,2023-12-07,4.8,1.5,3.1,42.7,23.338
Оборище,2023-12-08,3.2,0.2,1.6,42.7,23.338
Оборище,2023-12-09,3.7,-3.2,1.0,42.7,23.338
Оборище,2023-12-10,5.3,-3.2,0.4,42.7,23.338
Оборище,2023-12-11,8.9,0.2,3.7,42.7,23.338
Оборище,2023-12-12,11.1,1.5,5.3,42.7,23.338
Оборище,2023-12-13,10.2,0.6,5.0,42.7,23.338
Оборище,2023-12-14,13.4,3.5,6.6,42.7,23.338
Оборище,2023-12-15,6.6,2.2,5.2,42.7,23.338
Оборище,2023-12-16,2.7,-0.6,1.5,42.7,23.338
Оборище,2023-12-17,4.3,-3.6,-0.3,42.7,23.338
Оборище,2023-12-18,9.6,-3.0,1.0,42.7,23.338
Оборище,2023-12-19,10.0,-2.8,3.0,42.7,23.338
Оборище,2023-12-20,9.4,-0.3,3.3,42.7,23.338
Оборище,2023-12-21,6.8,-2.5,1.7,42.7,23.338
Оборище,2023-12-22,5.8,-1.2,2.3,42.7,23.338
Оборище,2023-12-23,7.6,-1.6,2.3,42.7,23.338
Оборище,2023-12-24,13.5,2.3,6.9,42.7,23.338
Оборище,2023-12-25,13.7,2.5,7.3,42.7,23.338
Оборище,2023-12-26,13.1,0.8,7.4,42.7,23.338
Оборище,2023-12-27,12.1,0.0,4.2,42.7,23.338
Оборище,2023-12-28,10.3,1.0,5.2,42.7,23.338
Оборище,2023-12-29,10.2,1.6,5.8,42.7,23.338
Оборище,2023-12-30,10.4,1.0,4.1,42.7,23.338
Оборище,2023-12-31,7.8,1.8,4.2,42.7,23.338
Овча купел,2023-01-01,10.8,0.9,5.7,42.69,23.25
Овча купел,2023-01-02,11.6,3.8,6.5,42.69,23.25
Овча купел,2023-01-03,13.2,2.2,6.5,42.69,23.25
Овча купел,2023-01-04,7.0,3.5,4.9,42.69,23.25
Овча купел,2023-01-05,11.1,3.7,5.6,42.69,23.25
Овча купел,2023-01-06,9.1,2.3,5.5,42.69,23.25
Овча купел,2023-01-07,9.6,-0.6,4.0,42.69,23.25
Овча купел,2023-01-08,8.1,0.5,4.0,42.69,23.25
Овча купел,2023-01-09,6.0,-2.3,1.2,42.69,23.25
Овча купел,2023-01-10,3.1,-0.8,1.7,42.69,23.25
Овча купел,2023-01-11,3.2,-1.6,1.3,42.69,23.25
Овча купел,2023-01-12,3.7,1.1,2.1,42.69,23.25
Овча купел,2023-01-13,3.8,-0.6,1.9,42.69,23.25
Овча купел,2023-01-14,4.3,-2.1,1.4,42.69,23.25
Овча купел,2023-01-15,7.1,-0.4,2.6,42.69,23.25
Овча купел,2023-01-16,6.3,-0.3,2.0,42.69,23.25
Овча купел,2023-01-17,12.4,-0.2,5.4,42.69,23.25
Овча купел,2023-01-18,14.1,3.9,8.5,42.69,23.25
Овча купел,2023-01-19,16.0,3.5,10.1,42.69,23.25
Овча купел,2023-01-20,8.4,0.4,5.2,42.69,23.25
Овча купел,2023-01-21,8.1,-2.3,3.0,42.69,23.25
Овча купел,2023-01-22,8.4,2.3,5.2,42.69,23.25
Овча купел,2023-01-23,6.8,3.8,5.8,42.69,23.25
Овча купел,2023-01-24,3.5,-0.4,1.4,42.69,23.25
Овча купел,2023-01-25,1.8,-1.3,-0.3,42.69,23.25
Овча купел,2023-01-26,0.8,-2.7,-1.3,42.69,23.25
Овча купел,2023-01-27,2.2,-1.2,-0.2,42.69,23.25
Овча купел,2023-01-28,1.5,-1.9,-0.8,42.69,23.25
Овча купел,2023-01-29,0.7,-2.4,-1.0,42.69,23.25
Овча купел,2023-01-30,0.9,-3.5,-2.0,42.69,23.25
Овча купел,2023-01-31,2.2,-2.5,-0.6,42.69,23.25
Овча купел,2023-02-01,5.0,-2.8,0.5,42.69,23.25
Овча купел,2023-02-02,6.2,-2.1,1.8,42.69,23.25
Овча купел,2023-02-03,2.9,-1.9,0.2,42.69,23.25
Овча купел,2023-02-04,3.2,-1.9,1.0,42.69,23.25
Овча купел,2023-02-05,-2.2,-6.6,-4.8,42.69,23.25
Овча купел,2023-02-06,-3.4,-9.1,-6.0,42.69,23.25
Овча купел,2023-02-07,-2.0,-7.6,-5.3,42.69,23.25
Овча купел,2023-02-08,-2.5,-8.9,-5.6,42.69,23.25
Овча купел,2023-02-09,-0.4,-8.6,-5.7,42.69,23.25
Овча купел,2023-02-10,2.3,-8.2,-3.8,42.69,23.25
Овча купел,2023-02-11,3.2,-6.6,-2.7,42.69,23.25
Овча купел,2023-02-12,2.7,-3.1,-0.8,42.69,23.25
Овча купел,2023-02-13,5.2,-3.7,-0.1,42.69,23.25
Овча купел,2023-02-14,2.8,-2.0,-0.2,42.69,23.25
Овча купел,2023-02-15,5.3,-2.0,1.0,42.69,23.25
Овча купел,2023-02-16,11.6,-3.0,2.3,42.69,23.25
Овча купел,2023-02-17,13.0,-0.9,4.5,42.69,23.25
Овча купел,2023-02-18,14.4,0.2,5.8,42.69,23.25
Овча купел,2023-02-19,16.2,2.0,8.0,42.69,23.25
Овча купел,2023-02-20,10.6,3.7,6.7,42.69,23.25
Овча купел,2023-02-21,16.6,1.1,7.7,42.69,23.25
Овча купел,2023-02-22,15.1,3.3,8.2,42.69,23.25
Овча купел,2023-02-23,14.4,2.0,7.2,42.69,23.25
Овча купел,2023-02-24,11.8,4.0,6.8,42.69,23.25
Овча купел,2023-02-25,14.4,2.4,8.4,42.69,23.25
Овча купел,2023-02-26,17.1,6.8,11.3,42.69,23.25
Овча купел,2023-02-27,12.4,2.8,7.6,42.69,23.25
Овча купел,2023-02-28,10.4,3.2,6.2,42.69,23.25
Овча купел,2023-03-01,6.7,3.0,4.6,42.69,23.25
Овча купел,2023-03-02,6.4,3.0,4.3,42.69,23.25
Овча купел,2023-03-03,5.4,2.2,3.5,42.69,23.25
Овча купел,2023-03-04,8.4,0.2,3.8,42.69,23.25
Овча купел,2023-03-05,8.6,1.0,4.4,42.69,23.25
Овча купел,2023-03-06,10.8,-2.2,3.9,42.69,23.25
Овча купел,2023-03-07,13.1,0.7,6.3,42.69,23.25
Овча купел,2023-03-08,13.1,0.9,7.1,42.69,23.25
Овча купел,2023-03-09,17.0,2.5,9.2,42.69,23.25
Овча купел,2023-03-10,15.4,5.2,9.3,42.69,23.25
Овча купел,2023-03-11,13.6,3.8,8.9,42.69,23.25
Овча купел,2023-03-12,6.3,-1.3,2.3,42.69,23.25
Овча купел,2023-03-13,9.2,-4.1,2.2,42.69,23.25
Овча купел,2023-03-14,14.4,-1.3,6.0,42.69,23.25
Овча купел,2023-03-15,11.9,1.1,5.6,42.69,23.25
Овча купел,2023-03-16,4.6,-0.2,1.5,42.69,23.25
Овча купел,2023-03-17,6.9,-1.0,2.3,42.69,23.25
Овча купел,2023-03-18,7.2,-2.5,2.3,42.69,23.25
Овча купел,2023-03-19,14.1,-2.3,5.1,42.69,23.25
Овча купел,2023-03-20,18.2,2.4,10.2,42.69,23.25
Овча купел,2023-03-21,14.6,6.1,10.6,42.69,23.25
Овча купел,2023-03-22,11.3,4.9,7.8,42.69,23.25
Овча купел,2023-03-23,13.9,2.7,7.7,42.69,23.25
Овча купел,2023-03-24,17.8,4.8,10.7,42.69,23.25
Овча купел,2023-03-25,18.8,4.6,11.8,42.69,23.25
Овча купел,2023-03-26,14.5,5.3,9.4,42.69,23.25
Овча купел,2023-03-27,14.2,3.7,8.1,42.69,23.25
Овча купел,2023-03-28,4.8,-1.1,1.5,42.69,23.25
Овча купел,2023-03-29,6.1,-3.0,1.1,42.69,23.25
Овча купел,2023-03-30,13.0,1.5,6.2,42.69,23.25
Овча купел,2023-03-31,16.1,4.1,10.0,42.69,23.25
Овча купел,2023-04-01,15.4,5.5,9.6,42.69,23.25
Овча купел,2023-04-02,14.2,4.3,8.7,42.69,23.25
Овча купел,2023-04-03,13.4,2.2,6.7,42.69,23.25
Овча купел,2023-04-04,7.7,-0.8,4.1,42.69,23.25
Овча купел,2023-04-05,4.0,-1.5,0.7,42.69,23.25
Овча купел,2023-04-06,4.8,-2.7,0.7,42.69,23.25
Овча купел,2023-04-07,7.5,-1.2,2.8,42.69,23.25
Овча купел,2023-04-08,10.3,0.9,5.3,42.69,23.25
Овча купел,2023-04-09,9.9,3.2,6.0,42.69,23.25
Овча купел,2023-04-10,9.1,2.9,6.0,42.69,23.25
Овча купел,2023-04-11,10.9,2.7,6.7,42.69,23.25
Овча купел,2023-04-12,11.4,5.1,7.6,42.69,23.25
Овча купел,2023-04-13,18.2,0.2,9.4,42.69,23.25
Овча купел,2023-04-14,20.0,5.7,10.2,42.69,23.25
Овча купел,2023-04-15,15.5,2.8,9.3,42.69,23.25
Овча купел,2023-04-16,15.8,6.1,9.9,42.69,23.25
Овча купел,2023-04-17,13.8,6.7,9.1,42.69,23.25
Овча купел,2023-04-18,12.4,6.8,8.9,42.69,23.25
Овча купел,2023-04-19,13.4,5.4,8.6,42.69,23.25
Овча купел,2023-04-20,12.4,5.2,8.5,42.69,23.25
Овча купел,2023-04-21,14.4,5.5,9.8,42.69,23.25
Овча купел,2023-04-22,14.6,4.1,9.6,42.69,23.25
Овча купел,2023-04-23,15.9,5.2,9.8,42.69,23.25
Овча купел,2023-04-24,18.2,6.3,10.9,42.69,23.25
Овча купел,2023-04-25,13.9,7.2,10.6,42.69,23.25
Овча купел,2023-04-26,13.1,5.1,8.6,42.69,23.25
Овча купел,2023-04-27,10.5,3.0,7.1,42.69,23.25
Овча купел,2023-04-28,13.9,1.9,7.1,42.69,23.25
Овча купел,2023-04-29,14.1,3.2,9.1,42.69,23.25
Овча купел,2023-04-30,15.9,5.1,10.6,42.69,23.25
Овча купел,2023-05-01,17.0,5.6,11.3,42.69,23.25
Овча купел,2023-05-02,18.1,5.9,12.1,42.69,23.25
Овча купел,2023-05-03,16.8,8.1,11.1,42.69,23.25
Овча купел,2023-05-04,12.9,7.1,9.9,42.69,23.25
Овча купел,2023-05-05,15.4,5.2,10.5,42.69,23.25
Овча купел,2023-05-06,16.5,5.7,11.6,42.69,23.25
Овча купел,2023-05-07,20.0,9.1,14.2,42.69,23.25
Овча купел,2023-05-08,19.5,10.2,13.7,42.69,23.25
Овча купел,2023-05-09,12.6,8.4,10.3,42.69,23.25
Овча купел,2023-05-10,9.4,6.7,7.9,42.69,23.25
Овча купел,2023-05-11,12.4,6.6,9.4,42.69,23.25
Овча купел,2023-05-12,13.5,6.1,9.2,42.69,23.25
Овча купел,2023-05-13,17.4,6.8,11.8,42.69,23.25
Овча купел,2023-05-14,14.4,9.6,11.3,42.69,23.25
Овча купел,2023-05-15,16.9,8.6,12.2,42.69,23.25
Овча купел,2023-05-16,19.2,10.8,14.2,42.69,23.25
Овча купел,2023-05-17,18.1,10.5,13.5,42.69,23.25
Овча купел,2023-05-18,13.8,10.1,11.4,42.69,23.25
Овча купел,2023-05-19,18.1,6.9,12.7,42.69,23.25
Овча купел,2023-05-20,18.6,9.9,14.6,42.69,23.25
Овча купел,2023-05-21,18.5,9.3,13.8,42.69,23.25
Овча купел,2023-05-22,17.6,8.5,13.4,42.69,23.25
Овча купел,2023-05-23,19.7,8.0,14.6,42.69,23.25
Овча купел,2023-05-24,21.5,8.2,15.9,42.69,23.25
Овча купел,2023-05-25,19.4,11.0,15.7,42.69,23.25
Овча купел,2023-05-26,19.5,9.9,14.9,42.69,23.25
Овча купел,2023-05-27,19.8,8.4,14.6,42.69,23.25
Овча купел,2023-05-28,17.2,9.9,14.2,42.69,23.25
Овча купел,2023-05-29,18.9,11.7,14.9,42.69,23.25
Овча купел,2023-05-30,20.4,11.6,15.7,42.69,23.25
Овча купел,2023-05-31,20.8,10.9,16.1,42.69,23.25
Овча купел,2023-06-01,21.1,12.1,16.2,42.69,23.25
Овча купел,2023-06-02,21.8,11.9,17.4,42.69,23.25
Овча купел,2023-06-03,19.2,11.6,15.9,42.69,23.25
Овча купел,2023-06-04,19.1,12.6,15.3,42.69,23.25
Овча купел,2023-06-05,20.9,11.6,16.3,42.69,23.25
Овча купел,2023-06-06,21.6,10.6,16.3,42.69,23.25
Овча купел,2023-06-07,20.9,11.3,16.4,42.69,23.25
Овча купел,2023-06-08,23.3,11.1,17.4,42.69,23.25
Овча купел,2023-06-09,24.0,11.8,17.6,42.69,23.25
Овча купел,2023-06-10,22.1,14.2,17.2,42.69,23.25
Овча купел,2023-06-11,22.1,12.8,17.7,42.69,23.25
Овча купел,2023-06-12,22.2,14.1,17.2,42.69,23.25
Овча купел,2023-06-13,19.0,12.9,15.6,42.69,23.25
Овча купел,2023-06-14,21.2,13.2,17.1,42.69,23.25
Овча купел,2023-06-15,19.8,13.3,17.0,42.69,23.25
Овча купел,2023-06-16,20.6,14.5,17.0,42.69,23.25
Овча купел,2023-06-17,18.1,13.4,15.2,42.69,23.25
Овча купел,2023-06-18,19.8,13.1,16.0,42.69,23.25
Овча купел,2023-06-19,23.4,13.2,18.1,42.69,23.25
Овча купел,2023-06-20,23.4,13.4,19.0,42.69,23.25
Овча купел,2023-06-21,25.8,15.2,20.7,42.69,23.25
Овча купел,2023-06-22,27.2,15.1,21.4,42.69,23.25
Овча купел,2023-06-23,28.0,16.8,22.3,42.69,23.25
Овча купел,2023-06-24,27.9,17.5,22.1,42.69,23.25
Овча купел,2023-06-25,23.1,15.9,18.9,42.69,23.25
Овча купел,2023-06-26,22.7,14.9,18.9,42.69,23.25
Овча купел,2023-06-27,24.5,13.0,19.3,42.69,23.25
Овча купел,2023-06-28,23.9,14.4,18.1,42.69,23.25
Овча купел,2023-06-29,20.5,11.6,15.9,42.69,23.25
Овча купел,2023-06-30,24.9,11.1,17.9,42.69,23.25
Овча купел,2023-07-01,26.6,14.9,20.4,42.69,23.25
Овча купел,2023-07-02,22.6,14.8,18.9,42.69,23.25
Овча купел,2023-07-03,25.6,15.1,20.4,42.69,23.25
Овча купел,2023-07-04,27.2,14.8,21.3,42.69,23.25
Овча купел,2023-07-05,25.1,16.2,20.7,42.69,23.25
Овча купел,2023-07-06,23.9,15.7,19.8,42.69,23.25
Овча купел,2023-07-07,25.0,16.6,20.0,42.69,23.25
Овча купел,2023-07-08,23.4,15.1,19.2,42.69,23.25
Овча купел,2023-07-09,24.8,13.6,19.6,42.69,23.25
Овча купел,2023-07-10,26.7,13.6,20.6,42.69,23.25
Овча купел,2023-07-11,28.3,14.4,22.0,42.69,23.25
Овча купел,2023-07-12,31.9,17.6,24.5,42.69,23.25
Овча купел,2023-07-13,34.3,18.6,26.4,42.69,23.25
Овча купел,2023-07-14,30.6,19.8,25.2,42.69,23.25
Овча купел,2023-07-15,30.5,19.4,24.6,42.69,23.25
Овча купел,2023-07-16,30.9,20.0,25.5,42.69,23.25
Овча купел,2023-07-17,31.4,20.5,26.3,42.69,23.25
Овча купел,2023-07-18,31.9,20.4,26.5,42.69,23.25
Овча купел,2023-07-19,32.0,18.0,25.4,42.69,23.25
Овча купел,2023-07-20,30.4,17.9,24.2,42.69,23.25
Овча купел,2023-07-21,32.3,18.2,24.7,42.69,23.25
Овча купел,2023-07-22,34.4,18.8,26.1,42.69,23.25
Овча купел,2023-07-23,29.5,20.1,24.4,42.69,23.25
Овча купел,2023-07-24,32.2,17.2,24.9,42.69,23.25
Овча купел,2023-07-25,36.7,19.4,27.4,42.69,23.25
Овча купел,2023-07-26,33.3,20.0,26.5,42.69,23.25
Овча купел,2023-07-27,21.3,14.9,18.0,42.69,23.25
Овча купел,2023-07-28,28.2,10.4,19.4,42.69,23.25
Овча купел,2023-07-29,29.4,15.9,22.8,42.69,23.25
Овча купел,2023-07-30,30.6,16.6,23.9,42.69,23.25
Овча купел,2023-07-31,25.9,17.8,21.7,42.69,23.25
Овча купел,2023-08-01,29.1,15.1,22.0,42.69,23.25
Овча купел,2023-08-02,30.2,18.3,24.1,42.69,23.25
Овча купел,2023-08-03,33.5,18.8,26.4,42.69,23.25
Овча купел,2023-08-04,33.3,21.4,27.9,42.69,23.25
Овча купел,2023-08-05,32.3,19.6,26.0,42.69,23.25
Овча купел,2023-08-06,25.2,16.8,20.7,42.69,23.25
Овча купел,2023-08-07,25.2,14.1,18.5,42.69,23.25
Овча купел,2023-08-08,21.1,13.7,16.8,42.69,23.25
Овча купел,2023-08-09,24.9,10.2,17.2,42.69,23.25
Овча купел,2023-08-10,20.0,14.8,17.1,42.69,23.25
Овча купел,2023-08-11,23.4,11.4,17.3,42.69,23.25
Овча купел,2023-08-12,25.1,12.4,18.9,42.69,23.25
Овча купел,2023-08-13,25.2,15.2,20.5,42.69,23.25
Овча купел,2023-08-14,26.7,15.0,21.5,42.69,23.25
Овча купел,2023-08-15,24.3,17.5,20.3,42.69,23.25
Овча купел,2023-08-16,26.2,17.0,21.4,42.69,23.25
Овча купел,2023-08-17,29.6,16.3,23.0,42.69,23.25
Овча купел,2023-08-18,31.1,17.3,24.1,42.69,23.25
Овча купел,2023-08-19,29.5,16.9,23.4,42.69,23.25
Овча купел,2023-08-20,30.0,17.5,23.7,42.69,23.25
Овча купел,2023-08-21,31.5,18.6,25.5,42.69,23.25
Овча купел,2023-08-22,31.0,18.8,25.0,42.69,23.25
Овча купел,2023-08-23,31.5,20.6,26.1,42.69,23.25
Овча купел,2023-08-24,29.7,18.1,24.9,42.69,23.25
Овча купел,2023-08-25,31.4,18.0,24.3,42.69,23.25
Овча купел,2023-08-26,32.2,18.1,25.2,42.69,23.25
Овча купел,2023-08-27,31.1,19.2,24.8,42.69,23.25
Овча купел,2023-08-28,32.5,17.9,24.9,42.69,23.25
Овча купел,2023-08-29,28.0,17.9,22.5,42.69,23.25
Овча купел,2023-08-30,28.5,16.1,21.4,42.69,23.25
Овча купел,2023-08-31,26.2,14.7,20.2,42.69,23.25
Овча купел,2023-09-01,25.6,13.9,19.6,42.69,23.25
Овча купел,2023-09-02,27.0,14.4,20.5,42.69,23.25
Овча купел,2023-09-03,27.1,15.7,21.0,42.69,23.25
Овча купел,2023-09-04,18.4,14.1,15.0,42.69,23.25
Овча купел,2023-09-05,20.2,14.1,16.6,42.69,23.25
Овча купел,2023-09-06,22.5,13.9,18.2,42.69,23.25
Овча купел,2023-09-07,22.9,15.9,19.3,42.69,23.25
Овча купел,2023-09-08,23.4,13.4,18.8,42.69,23.25
Овча купел,2023-09-09,24.4,13.6,18.2,42.69,23.25
Овча купел,2023-09-10,24.8,14.5,18.9,42.69,23.25
Овча купел,2023-09-11,24.5,11.3,17.9,42.69,23.25
Овча купел,2023-09-12,26.6,12.9,19.1,42.69,23.25
Овча купел,2023-09-13,29.8,15.3,21.6,42.69,23.25
Овча купел,2023-09-14,28.5,17.5,22.1,42.69,23.25
Овча купел,2023-09-15,26.0,15.6,20.0,42.69,23.25
Овча купел,2023-09-16,22.3,15.1,18.3,42.69,23.25
Овча купел,2023-09-17,23.0,14.6,18.2,42.69,23.25
Овча купел,2023-09-18,23.5,14.2,18.3,42.69,23.25
Овча купел,2023-09-19,23.0,13.2,17.3,42.69,23.25
Овча купел,2023-09-20,24.8,14.2,18.4,42.69,23.25
Овча купел,2023-09-21,26.0,14.4,19.5,42.69,23.25
Овча купел,2023-09-22,29.8,13.9,21.0,42.69,23.25
Овча купел,2023-09-23,31.2,15.2,22.2,42.69,23.25
Овча купел,2023-09-24,27.0,16.0,21.1,42.69,23.25
Овча купел,2023-09-25,22.5,16.1,19.0,42.69,23.25
Овча купел,2023-09-26,22.1,14.6,18.1,42.69,23.25
Овча купел,2023-09-27,22.3,12.9,17.3,42.69,23.25
Овча купел,2023-09-28,22.0,12.1,17.2,42.69,23.25
Овча купел,2023-09-29,23.3,11.9,17.3,42.69,23.25
Овча купел,2023-09-30,23.8,11.0,17.4,42.69,23.25
Овча купел,2023-10-01,22.1,12.4,16.3,42.69,23.25
Овча купел,2023-10-02,20.9,11.5,15.4,42.69,23.25
Овча купел,2023-10-03,21.3,7.8,14.6,42.69,23.25
Овча купел,2023-10-04,24.0,11.8,17.2,42.69,23.25
Овча купел,2023-10-05,23.4,12.2,16.5,42.69,23.25
Овча купел,2023-10-06,20.8,11.7,15.5,42.69,23.25
Овча купел,2023-10-07,22.6,7.1,14.2,42.69,23.25
Овча купел,2023-10-08,23.2,9.3,16.2,42.69,23.25
Овча купел,2023-10-09,19.4,10.6,14.7,42.69,23.25
Овча купел,2023-10-10,19.8,10.5,14.9,42.69,23.25
Овча купел,2023-10-11,19.5,9.2,13.9,42.69,23.25
Овча купел,2023-10-12,22.5,8.9,14.8,42.69,23.25
Овча купел,2023-10-13,24.2,10.1,17.1,42.69,23.25
Овча купел,2023-10-14,24.5,11.9,17.0,42.69,23.25
Овча купел,2023-10-15,24.6,11.1,17.1,42.69,23.25
Овча купел,2023-10-16,13.9,7.2,10.0,42.69,23.25
Овча купел,2023-10-17,10.9,3.5,7.2,42.69,23.25
Овча купел,2023-10-18,14.1,6.8,9.6,42.69,23.25
Овча купел,2023-10-19,18.9,5.8,11.0,42.69,23.25
Овча купел,2023-10-20,25.9,10.6,17.3,42.69,23.25
Овча купел,2023-10-21,27.0,14.9,19.3,42.69,23.25
Овча купел,2023-10-22,24.5,14.4,19.0,42.69,23.25
Овча купел,2023-10-23,22.4,12.7,16.6,42.69,23.25
Овча купел,2023-10-24,23.1,9.9,15.6,42.69,23.25
Овча купел,2023-10-25,24.1,12.8,17.7,42.69,23.25
Овча купел,2023-10-26,22.0,12.4,16.5,42.69,23.25
Овча купел,2023-10-27,23.2,13.1,17.9,42.69,23.25
Овча купел,2023-10-28,23.6,12.2,17.5,42.69,23.25
Овча купел,2023-10-29,21.2,9.4,14.9,42.69,23.25
Овча купел,2023-10-30,21.6,10.5,14.6,42.69,23.25
Овча купел,2023-10-31,22.0,6.2,15.0,42.69,23.25
Овча купел,2023-11-01,17.5,9.1,13.6,42.69,23.25
Овча купел,2023-11-02,17.6,8.1,12.0,42.69,23.25
Овча купел,2023-11-03,19.4,8.6,12.7,42.69,23.25
Овча купел,2023-11-04,13.1,9.3,11.3,42.69,23.25
Овча купел,2023-11-05,17.9,5.1,11.8,42.69,23.25
Овча купел,2023-11-06,19.8,10.2,14.1,42.69,23.25
Овча купел,2023-11-07,18.2,7.6,11.7,42.69,23.25
Овча купел,2023-11-08,13.9,8.2,11.2,42.69,23.25
Овча купел,2023-11-09,11.4,3.5,7.2,42.69,23.25
Овча купел,2023-11-10,12.9,3.0,7.0,42.69,23.25
Овча купел,2023-11-11,13.2,5.6,8.9,42.69,23.25
Овча купел,2023-11-12,7.9,1.9,5.9,42.69,23.25
Овча купел,2023-11-13,12.1,3.8,6.7,42.69,23.25
Овча купел,2023-11-14,18.0,2.0,8.6,42.69,23.25
Овча купел,2023-11-15,16.6,5.1,8.9,42.69,23.25
Овча купел,2023-11-16,11.2,2.7,7.2,42.69,23.25
Овча купел,2023-11-17,11.9,3.8,7.0,42.69,23.25
Овча купел,2023-11-18,7.1,1.2,2.8,42.69,23.25
Овча купел,2023-11-19,4.2,0.1,2.1,42.69,23.25
Овча купел,2023-11-20,12.8,-0.2,4.9,42.69,23.25
Овча купел,2023-11-21,10.4,3.1,5.8,42.69,23.25
Овча купел,2023-11-22,9.7,5.1,7.0,42.69,23.25
Овча купел,2023-11-23,9.4,5.3,7.1,42.69,23.25
Овча купел,2023-11-24,12.6,5.2,8.6,42.69,23.25
Овча купел,2023-11-25,8.4,-0.8,3.2,42.69,23.25
Овча купел,2023-11-26,-1.0,-4.3,-2.6,42.69,23.25
Овча купел,2023-11-27,0.6,-3.8,-2.3,42.69,23.25
Овча купел,2023-11-28,3.2,-2.8,0.5,42.69,23.25
Овча купел,2023-11-29,3.2,-0.9,1.9,42.69,23.25
Овча купел,2023-11-30,6.7,-2.3,1.3,42.69,23.25
Овча купел,2023-12-01,16.1,1.0,9.1,42.69,23.25
Овча купел,2023-12-02,14.9,6.8,10.9,42.69,23.25
Овча купел,2023-12-03,10.1,-0.2,5.2,42.69,23.25
Овча купел,2023-12-04,2.2,-3.8,-1.5,42.69,23.25
Овча купел,2023-12-05,3.8,-1.6,0.8,42.69,23.25
Овча купел,2023-12-06,3.8,0.8,2.4,42.69,23.25
Овча купел,2023-12-07,3.4,0.2,2.1,42.69,23.25
Овча купел,2023-12-08,1.5,-1.5,-0.1,42.69,23.25
Овча купел,2023-12-09,2.1,-2.5,-0.7,42.69,23.25
Овча купел,2023-12-10,5.9,-2.8,0.5,42.69,23.25
Овча купел,2023-12-11,8.2,-1.5,2.6,42.69,23.25
Овча купел,2023-12-12,10.1,-1.2,3.6,42.69,23.25
Овча купел,2023-12-13,11.1,0.1,5.3,42.69,23.25
Овча купел,2023-12-14,13.4,3.8,6.9,42.69,23.25
Овча купел,2023-12-15,4.9,1.0,3.6,42.69,23.25
Овча купел,2023-12-16,1.1,-2.9,-0.3,42.69,23.25
Овча купел,2023-12-17,3.2,-4.0,-1.3,42.69,23.25
Овча купел,2023-12-18,9.3,-3.4,1.0,42.69,23.25
Овча купел,2023-12-19,9.9,-3.0,2.6,42.69,23.25
Овча купел,2023-12-20,10.9,-1.1,3.0,42.69,23.25
Овча купел,2023-12-21,5.7,-3.3,1.0,42.69,23.25
Овча купел,2023-12-22,5.9,-3.3,2.0,42.69,23.25
Овча купел,2023-12-23,7.8,-0.6,2.5,42.69,23.25
Овча купел,2023-12-24,12.1,2.3,6.9,42.69,23.25
Овча купел,2023-12-25,13.9,0.8,5.2,42.69,23.25
Овча купел,2023-12-26,14.1,0.3,4.9,42.69,23.25
Овча купел,2023-12-27,10.8,1.8,4.9,42.69,23.25
Овча купел,2023-12-28,11.5,0.1,4.8,42.69,23.25
Овча купел,2023-12-29,10.9,-1.2,3.3,42.69,23.25
Овча купел,2023-12-30,10.1,-0.6,3.4,42.69,23.25
Овча купел,2023-12-31,8.5,-0.9,3.7,42.69,23.25
Панчарево,2023-01-01,11.5,4.1,8.4,42.59,23.4
Панчарево,2023-01-02,12.2,6.7,9.7,42.59,23.4
Панчарево,2023-01-03,13.2,6.7,10.0,42.59,23.4
Панчарево,2023-01-04,7.2,5.0,6.0,42.59,23.4
Панчарево,2023-01-05,11.1,4.3,6.1,42.59,23.4
Панчарево,2023-01-06,8.9,3.5,6.0,42.59,23.4
Панчарево,2023-01-07,9.3,0.5,4.3,42.59,23.4
Панчарево,2023-01-08,8.6,1.6,5.3,42.59,23.4
Панчарево,2023-01-09,7.4,-2.3,3.1,42.59,23.4
Панчарево,2023-01-10,4.1,1.6,3.0,42.59,23.4
Панчарево,2023-01-11,3.1,-2.1,1.0,42.59,23.4
Панчарево,2023-01-12,3.3,0.9,1.8,42.59,23.4
Панчарево,2023-01-13,3.9,-0.1,2.0,42.59,23.4
Панчарево,2023-01-14,4.6,-1.4,1.3,42.59,23.4
Панчарево,2023-01-15,7.1,-1.5,2.5,42.59,23.4
Панчарево,2023-01-16,6.7,-1.8,2.3,42.59,23.4
Панчарево,2023-01-17,12.9,3.8,7.0,42.59,23.4
Панчарево,2023-01-18,14.3,6.1,9.6,42.59,23.4
Панчарево,2023-01-19,15.9,4.3,9.5,42.59,23.4
Панчарево,2023-01-20,8.7,1.9,5.5,42.59,23.4
Панчарево,2023-01-21,7.4,-1.0,3.3,42.59,23.4
Панчарево,2023-01-22,8.1,4.1,5.7,42.59,23.4
Панчарево,2023-01-23,6.4,3.2,5.4,42.59,23.4
Панчарево,2023-01-24,2.9,-0.3,1.3,42.59,23.4
Панчарево,2023-01-25,1.6,-1.0,-0.2,42.59,23.4
Панчарево,2023-01-26,0.3,-2.7,-1.3,42.59,23.4
Панчарево,2023-01-27,1.4,-1.4,-0.2,42.59,23.4
Панчарево,2023-01-28,1.2,-2.4,-1.1,42.59,23.4
Панчарево,2023-01-29,0.3,-2.8,-1.3,42.59,23.4
Панчарево,2023-01-30,1.0,-3.9,-2.2,42.59,23.4
Панчарево,2023-01-31,1.5,-2.6,-0.7,42.59,23.4
Панчарево,2023-02-01,4.6,-2.7,-0.0,42.59,23.4
Панчарево,2023-02-02,5.6,-1.3,1.5,42.59,23.4
Панчарево,2023-02-03,2.6,-2.6,-0.2,42.59,23.4
Панчарево,2023-02-04,3.0,-2.9,0.4,42.59,23.4
Панчарево,2023-02-05,-2.8,-7.2,-5.7,42.59,23.4
Панчарево,2023-02-06,-4.4,-9.0,-6.9,42.59,23.4
Панчарево,2023-02-07,-3.6,-12.2,-7.0,42.59,23.4
Панчарево,2023-02-08,-3.1,-13.8,-7.0,42.59,23.4
Панчарево,2023-02-09,-0.4,-9.2,-5.9,42.59,23.4
Панчарево,2023-02-10,2.2,-8.5,-3.8,42.59,23.4
Панчарево,2023-02-11,3.4,-5.9,-2.2,42.59,23.4
Панчарево,2023-02-12,1.7,-3.5,-1.2,42.59,23.4
Панчарево,2023-02-13,4.9,-5.7,-0.3,42.59,23.4
Панчарево,2023-02-14,2.4,-1.7,-0.1,42.59,23.4
Панчарево,2023-02-15,5.4,-2.1,1.1,42.59,23.4
Панчарево,2023-02-16,11.2,-2.1,3.1,42.59,23.4
Панчарево,2023-02-17,12.1,0.9,5.4,42.59,23.4
Панчарево,2023-02-18,14.6,1.6,6.7,42.59,23.4
Панчарево,2023-02-19,15.8,3.8,8.5,42.59,23.4
Панчарево,2023-02-20,10.2,2.7,6.6,42.59,23.4
Панчарево,2023-02-21,15.9,1.5,7.7,42.59,23.4
Панчарево,2023-02-22,14.4,4.9,8.9,42.59,23.4
Панчарево,2023-02-23,14.0,4.6,8.6,42.59,23.4
Панчарево,2023-02-24,11.1,4.2,6.5,42.59,23.4
Панчарево,2023-02-25,13.9,2.4,8.1,42.59,23.4
Панчарево,2023-02-26,17.3,6.0,11.1,42.59,23.4
Панчарево,2023-02-27,11.7,4.2,7.4,42.59,23.4
Панчарево,2023-02-28,9.9,4.4,6.4,42.59,23.4
Панчарево,2023-03-01,6.6,3.2,4.6,42.59,23.4
Панчарево,2023-03-02,5.7,2.7,3.9,42.59,23.4
Панчарево,2023-03-03,5.0,2.3,3.6,42.59,23.4
Панчарево,2023-03-04,7.1,0.7,3.8,42.59,23.4
Панчарево,2023-03-05,7.9,1.0,4.3,42.59,23.4
Панчарево,2023-03-06,10.0,-2.2,3.7,42.59,23.4
Панчарево,2023-03-07,12.2,-0.0,5.5,42.59,23.4
Панчарево,2023-03-08,12.8,1.5,6.7,42.59,23.4
Панчарево,2023-03-09,15.9,3.2,8.9,42.59,23.4
Панчарево,2023-03-10,14.9,5.8,9.1,42.59,23.4
Панчарево,2023-03-11,13.0,3.9,8.3,42.59,23.4
Панчарево,2023-03-12,5.2,-1.3,2.1,42.59,23.4
Панчарево,2023-03-13,9.0,-3.0,2.5,42.59,23.4
Панчарево,2023-03-14,14.6,0.2,6.0,42.59,23.4
Панчарево,2023-03-15,10.8,1.4,5.9,42.59,23.4
Панчарево,2023-03-16,4.6,-0.3,1.2,42.59,23.4
Панчарево,2023-03-17,6.2,-1.0,1.7,42.59,23.4
Панчарево,2023-03-18,6.2,-2.3,1.8,42.59,23.4
Панчарево,2023-03-19,13.3,-0.7,5.7,42.59,23.4
Панчарево,2023-03-20,17.7,3.3,10.5,42.59,23.4
Панчарево,2023-03-21,13.4,7.7,11.0,42.59,23.4
Панчарево,2023-03-22,10.5,4.7,7.4,42.59,23.4
Панчарево,2023-03-23,13.0,2.9,7.4,42.59,23.4
Панчарево,2023-03-24,17.0,4.1,10.4,42.59,23.4
Панчарево,2023-03-25,18.7,5.9,11.4,42.59,23.4
Панчарево,2023-03-26,13.9,5.7,9.4,42.59,23.4
Панчарево,2023-03-27,15.1,3.8,8.2,42.59,23.4
Панчарево,2023-03-28,4.5,-1.5,1.1,42.59,23.4
Панчарево,2023-03-29,5.5,-3.3,0.7,42.59,23.4
Панчарево,2023-03-30,12.0,1.4,6.1,42.59,23.4
Панчарево,2023-03-31,15.4,4.8,9.7,42.59,23.4
Панчарево,2023-04-01,16.2,5.5,9.7,42.59,23.4
Панчарево,2023-04-02,13.5,3.6,8.6,42.59,23.4
Панчарево,2023-04-03,12.9,3.5,7.0,42.59,23.4
Панчарево,2023-04-04,6.8,-0.7,3.9,42.59,23.4
Панчарево,2023-04-05,3.7,-1.9,0.5,42.59,23.4
Панчарево,2023-04-06,4.6,-3.1,0.3,42.59,23.4
Панчарево,2023-04-07,7.1,-2.3,2.3,42.59,23.4
Панчарево,2023-04-08,9.8,-0.8,4.9,42.59,23.4
Панчарево,2023-04-09,9.5,3.7,6.1,42.59,23.4
Панчарево,2023-04-10,7.9,3.1,5.4,42.59,23.4
Панчарево,2023-04-11,10.5,3.4,6.5,42.59,23.4
Панчарево,2023-04-12,11.1,4.8,7.3,42.59,23.4
Панчарево,2023-04-13,17.7,2.1,9.4,42.59,23.4
Панчарево,2023-04-14,19.6,4.6,10.4,42.59,23.4
Панчарево,2023-04-15,15.4,3.4,9.2,42.59,23.4
Панчарево,2023-04-16,15.4,7.2,10.4,42.59,23.4
Панчарево,2023-04-17,13.6,7.3,9.1,42.59,23.4
Панчарево,2023-04-18,10.1,7.3,8.3,42.59,23.4
Панчарево,2023-04-19,12.8,6.0,8.4,42.59,23.4
Панчарево,2023-04-20,12.2,5.1,8.4,42.59,23.4
Панчарево,2023-04-21,13.5,5.6,9.5,42.59,23.4
Панчарево,2023-04-22,13.9,5.8,9.6,42.59,23.4
Панчарево,2023-04-23,15.0,4.3,9.5,42.59,23.4
Панчарево,2023-04-24,17.7,4.7,10.5,42.59,23.4
Панчарево,2023-04-25,13.8,6.9,10.4,42.59,23.4
Панчарево,2023-04-26,12.2,4.5,8.2,42.59,23.4
Панчарево,2023-04-27,10.2,3.2,6.7,42.59,23.4
Панчарево,2023-04-28,13.0,2.3,6.9,42.59,23.4
Панчарево,2023-04-29,13.8,4.3,9.4,42.59,23.4
Панчарево,2023-04-30,15.0,6.2,10.8,42.59,23.4
Панчарево,2023-05-01,16.2,6.2,11.2,42.59,23.4
Панчарево,2023-05-02,17.3,7.3,12.1,42.59,23.4
Панчарево,2023-05-03,16.0,7.9,10.8,42.59,23.4
Панчарево,2023-05-04,12.2,7.7,9.6,42.59,23.4
Панчарево,2023-05-05,14.6,5.1,10.1,42.59,23.4
Панчарево,2023-05-06,16.1,6.7,11.4,42.59,23.4
Панчарево,2023-05-07,19.4,8.1,13.6,42.59,23.4
Панчарево,2023-05-08,18.6,9.7,13.4,42.59,23.4
Панчарево,2023-05-09,11.5,8.1,9.9,42.59,23.4
Панчарево,2023-05-10,8.9,6.6,7.6,42.59,23.4
Панчарево,2023-05-11,12.8,6.3,9.1,42.59,23.4
Панчарево,2023-05-12,13.0,6.5,9.0,42.59,23.4
Панчарево,2023-05-13,16.8,7.5,11.5,42.59,23.4
Панчарево,2023-05-14,14.1,9.9,11.5,42.59,23.4
Панчарево,2023-05-15,18.1,9.2,13.4,42.59,23.4
Панчарево,2023-05-16,19.1,12.3,14.6,42.59,23.4
Панчарево,2023-05-17,17.5,11.0,13.6,42.59,23.4
Панчарево,2023-05-18,12.5,9.8,10.9,42.59,23.4
Панчарево,2023-05-19,17.6,7.9,12.7,42.59,23.4
Панчарево,2023-05-20,17.5,10.5,14.0,42.59,23.4
Панчарево,2023-05-21,18.1,10.1,13.9,42.59,23.4
Панчарево,2023-05-22,17.4,8.9,13.4,42.59,23.4
Панчарево,2023-05-23,19.1,8.9,14.4,42.59,23.4
Панчарево,2023-05-24,20.8,10.2,16.3,42.59,23.4
Панчарево,2023-05-25,19.3,11.6,15.7,42.59,23.4
Панчарево,2023-05-26,18.9,10.4,14.9,42.59,23.4
Панчарево,2023-05-27,19.0,9.6,14.8,42.59,23.4
Панчарево,2023-05-28,16.0,10.2,13.8,42.59,23.4
Панчарево,2023-05-29,18.6,11.8,14.6,42.59,23.4
Панчарево,2023-05-30,20.1,11.1,15.6,42.59,23.4
Панчарево,2023-05-31,20.4,11.3,16.1,42.59,23.4
Панчарево,2023-06-01,21.1,12.2,16.3,42.59,23.4
Панчарево,2023-06-02,21.0,13.0,17.1,42.59,23.4
Панчарево,2023-06-03,18.9,12.9,16.0,42.59,23.4
Панчарево,2023-06-04,18.9,11.9,15.2,42.59,23.4
Панчарево,2023-06-05,20.5,11.5,16.2,42.59,23.4
Панчарево,2023-06-06,21.3,11.5,16.4,42.59,23.4
Панчарево,2023-06-07,20.6,12.0,16.6,42.59,23.4
Панчарево,2023-06-08,22.5,11.5,17.5,42.59,23.4
Панчарево,2023-06-09,22.2,12.5,17.6,42.59,23.4
Панчарево,2023-06-10,21.4,14.5,16.8,42.59,23.4
Панчарево,2023-06-11,21.6,12.8,17.2,42.59,23.4
Панчарево,2023-06-12,22.0,13.4,16.7,42.59,23.4
Панчарево,2023-06-13,17.8,13.6,15.5,42.59,23.4
Панчарево,2023-06-14,20.8,13.6,16.9,42.59,23.4
Панчарево,2023-06-15,19.8,14.2,17.0,42.59,23.4
Панчарево,2023-06-16,21.1,14.8,17.0,42.59,23.4
Панчарево,2023-06-17,18.4,13.6,15.0,42.59,23.4
Панчарево,2023-06-18,19.1,12.8,15.7,42.59,23.4
Панчарево,2023-06-19,22.7,13.8,18.2,42.59,23.4
Панчарево,2023-06-20,22.8,13.4,18.6,42.59,23.4
Панчарево,2023-06-21,25.1,15.2,20.6,42.59,23.4
Панчарево,2023-06-22,25.8,16.1,21.3,42.59,23.4
Панчарево,2023-06-23,27.3,17.8,22.5,42.59,23.4
Панчарево,2023-06-24,27.4,17.1,21.8,42.59,23.4
Панчарево,2023-06-25,22.8,16.2,18.9,42.59,23.4
Панчарево,2023-06-26,22.0,15.1,18.5,42.59,23.4
Панчарево,2023-06-27,24.0,13.4,19.3,42.59,23.4
Панчарево,2023-06-28,23.6,14.2,18.2,42.59,23.4
Панчарево,2023-06-29,20.1,12.1,15.7,42.59,23.4
Панчарево,2023-06-30,24.0,11.9,18.0,42.59,23.4
Панчарево,2023-07-01,25.5,15.4,20.7,42.59,23.4
Панчарево,2023-07-02,22.4,15.5,18.8,42.59,23.4
Панчарево,2023-07-03,24.6,15.4,20.2,42.59,23.4
Панчарево,2023-07-04,26.6,16.4,21.8,42.59,23.4
Панчарево,2023-07-05,24.9,18.3,20.9,42.59,23.4
Панчарево,2023-07-06,23.6,16.4,19.8,42.59,23.4
Панчарево,2023-07-07,24.1,16.8,19.9,42.59,23.4
Панчарево,2023-07-08,22.7,15.2,19.0,42.59,23.4
Панчарево,2023-07-09,24.1,14.1,19.5,42.59,23.4
Панчарево,2023-07-10,25.6,14.4,20.6,42.59,23.4
Панчарево,2023-07-11,27.6,15.7,22.2,42.59,23.4
Панчарево,2023-07-12,31.1,19.1,25.1,42.59,23.4
Панчарево,2023-07-13,33.7,21.4,27.7,42.59,23.4
Панчарево,2023-07-14,30.3,21.1,25.4,42.59,23.4
Панчарево,2023-07-15,29.6,20.7,24.9,42.59,23.4
Панчарево,2023-07-16,30.3,19.5,25.2,42.59,23.4
Панчарево,2023-07-17,31.0,21.6,26.0,42.59,23.4
Панчарево,2023-07-18,31.0,21.8,26.7,42.59,23.4
Панчарево,2023-07-19,31.4,19.0,25.5,42.59,23.4
Панчарево,2023-07-20,29.7,19.1,24.6,42.59,23.4
Панчарево,2023-07-21,31.5,18.8,24.8,42.59,23.4
Панчарево,2023-07-22,34.0,19.1,26.1,42.59,23.4
Панчарево,2023-07-23,29.0,20.9,24.7,42.59,23.4
Панчарево,2023-07-24,31.6,19.3,25.0,42.59,23.4
Панчарево,2023-07-25,35.9,20.0,27.6,42.59,23.4
Панчарево,2023-07-26,33.1,19.8,26.4,42.59,23.4
Панчарево,2023-07-27,20.9,15.0,17.7,42.59,23.4
Панчарево,2023-07-28,27.5,11.1,19.2,42.59,23.4
Панчарево,2023-07-29,28.6,16.6,22.9,42.59,23.4
Панчарево,2023-07-30,29.7,19.6,24.4,42.59,23.4
Панчарево,2023-07-31,25.1,17.8,21.3,42.59,23.4
Панчарево,2023-08-01,28.1,15.8,21.8,42.59,23.4
Панчарево,2023-08-02,29.7,18.3,23.9,42.59,23.4
Панчарево,2023-08-03,33.3,20.3,26.7,42.59,23.4
Панчарево,2023-08-04,33.4,22.4,28.0,42.59,23.4
Панчарево,2023-08-05,31.9,20.4,26.1,42.59,23.4
Панчарево,2023-08-06,24.9,16.8,20.6,42.59,23.4
Панчарево,2023-08-07,25.7,13.9,18.3,42.59,23.4
Панчарево,2023-08-08,20.5,13.6,16.6,42.59,23.4
Панчарево,2023-08-09,24.4,10.7,17.3,42.59,23.4
Панчарево,2023-08-10,19.1,14.9,16.7,42.59,23.4
Панчарево,2023-08-11,22.9,12.2,17.3,42.59,23.4
Панчарево,2023-08-12,24.3,13.1,18.8,42.59,23.4
Панчарево,2023-08-13,24.4,16.2,20.5,42.59,23.4
Панчарево,2023-08-14,26.3,15.5,21.1,42.59,23.4
Панчарево,2023-08-15,22.9,17.7,20.1,42.59,23.4
Панчарево,2023-08-16,25.0,17.7,21.1,42.59,23.4
Панчарево,2023-08-17,29.9,18.0,23.1,42.59,23.4
Панчарево,2023-08-18,30.0,18.7,24.0,42.59,23.4
Панчарево,2023-08-19,28.2,17.6,22.7,42.59,23.4
Панчарево,2023-08-20,28.8,17.4,23.4,42.59,23.4
Панчарево,2023-08-21,29.9,19.8,25.3,42.59,23.4
Панчарево,2023-08-22,30.0,19.6,25.2,42.59,23.4
Панчарево,2023-08-23,30.8,20.1,26.0,42.59,23.4
Панчарево,2023-08-24,28.7,19.6,25.2,42.59,23.4
Панчарево,2023-08-25,30.1,19.1,24.0,42.59,23.4
Панчарево,2023-08-26,31.0,19.7,25.0,42.59,23.4
Панчарево,2023-08-27,30.2,19.4,24.8,42.59,23.4
Панчарево,2023-08-28,31.9,19.0,24.8,42.59,23.4
Панчарево,2023-08-29,27.7,18.8,22.5,42.59,23.4
Панчарево,2023-08-30,26.8,15.9,21.0,42.59,23.4
Панчарево,2023-08-31,25.1,16.1,20.0,42.59,23.4
Панчарево,2023-09-01,25.1,14.3,19.4,42.59,23.4
Панчарево,2023-09-02,26.2,15.8,20.9,42.59,23.4
Панчарево,2023-09-03,26.0,17.1,21.5,42.59,23.4
Панчарево,2023-09-04,19.8,13.6,14.7,42.59,23.4
Панчарево,2023-09-05,19.7,13.8,16.1,42.59,23.4
Панчарево,2023-09-06,21.9,13.8,17.7,42.59,23.4
Панчарево,2023-09-07,22.5,15.6,18.9,42.59,23.4
Панчарево,2023-09-08,23.1,14.0,18.7,42.59,23.4
Панчарево,2023-09-09,23.4,13.6,18.0,42.59,23.4
Панчарево,2023-09-10,23.8,12.9,18.1,42.59,23.4
Панчарево,2023-09-11,23.6,11.8,17.6,42.59,23.4
Панчарево,2023-09-12,26.1,13.9,19.6,42.59,23.4
Панчарево,2023-09-13,28.7,15.8,21.4,42.59,23.4
Панчарево,2023-09-14,27.6,17.4,22.2,42.59,23.4
Панчарево,2023-09-15,25.0,15.8,19.5,42.59,23.4
Панчарево,2023-09-16,21.8,15.5,18.0,42.59,23.4
Панчарево,2023-09-17,22.3,15.1,18.0,42.59,23.4
Панчарево,2023-09-18,22.6,15.1,18.1,42.59,23.4
Панчарево,2023-09-19,22.7,12.6,17.6,42.59,23.4
Панчарево,2023-09-20,23.8,14.8,18.5,42.59,23.4
Панчарево,2023-09-21,25.2,16.7,20.4,42.59,23.4
Панчарево,2023-09-22,28.1,14.3,20.5,42.59,23.4
Панчарево,2023-09-23,30.2,16.4,22.4,42.59,23.4
Панчарево,2023-09-24,26.2,17.9,21.4,42.59,23.4
Панчарево,2023-09-25,22.9,16.1,19.0,42.59,23.4
Панчарево,2023-09-26,21.6,13.8,17.5,42.59,23.4
Панчарево,2023-09-27,21.4,12.8,16.8,42.59,23.4
Панчарево,2023-09-28,20.8,12.7,16.8,42.59,23.4
Панчарево,2023-09-29,22.0,12.6,17.1,42.59,23.4
Панчарево,2023-09-30,22.3,12.1,17.2,42.59,23.4
Панчарево,2023-10-01,21.3,12.7,16.2,42.59,23.4
Панчарево,2023-10-02,19.6,11.5,14.8,42.59,23.4
Панчарево,2023-10-03,20.7,9.1,14.7,42.59,23.4
Панчарево,2023-10-04,23.0,12.8,17.6,42.59,23.4
Панчарево,2023-10-05,22.1,12.7,16.7,42.59,23.4
Панчарево,2023-10-06,19.6,12.5,15.8,42.59,23.4
Панчарево,2023-10-07,22.0,8.6,14.3,42.59,23.4
Панчарево,2023-10-08,22.7,9.9,16.2,42.59,23.4
Панчарево,2023-10-09,18.7,10.8,14.6,42.59,23.4
Панчарево,2023-10-10,18.9,11.6,15.1,42.59,23.4
Панчарево,2023-10-11,18.8,9.7,13.6,42.59,23.4
Панчарево,2023-10-12,21.2,8.6,14.2,42.59,23.4
Панчарево,2023-10-13,23.2,14.5,17.9,42.59,23.4
Панчарево,2023-10-14,24.0,14.0,18.2,42.59,23.4
Панчарево,2023-10-15,24.2,12.7,17.7,42.59,23.4
Панчарево,2023-10-16,13.1,6.9,9.7,42.59,23.4
Панчарево,2023-10-17,11.0,4.0,7.6,42.59,23.4
Панчарево,2023-10-18,13.6,6.2,9.4,42.59,23.4
Панчарево,2023-10-19,18.1,5.4,10.9,42.59,23.4
Панчарево,2023-10-20,25.7,9.4,16.1,42.59,23.4
Панчарево,2023-10-21,26.8,12.2,18.3,42.59,23.4
Панчарево,2023-10-22,24.2,12.9,18.4,42.59,23.4
Панчарево,2023-10-23,22.0,13.3,17.0,42.59,23.4
Панчарево,2023-10-24,22.0,13.2,16.7,42.59,23.4
Панчарево,2023-10-25,23.2,11.7,17.1,42.59,23.4
Панчарево,2023-10-26,21.5,11.5,15.7,42.59,23.4
Панчарево,2023-10-27,22.7,11.5,16.5,42.59,23.4
Панчарево,2023-10-28,22.9,11.1,16.2,42.59,23.4
Панчарево,2023-10-29,20.1,11.7,15.1,42.59,23.4
Панчарево,2023-10-30,20.7,11.0,15.2,42.59,23.4
Панчарево,2023-10-31,21.8,6.6,14.0,42.59,23.4
Панчарево,2023-11-01,17.6,10.3,13.5,42.59,23.4
Панчарево,2023-11-02,16.4,8.8,12.6,42.59,23.4
Панчарево,2023-11-03,20.1,7.8,13.4,42.59,23.4
Панчарево,2023-11-04,14.2,6.9,11.3,42.59,23.4
Панчарево,2023-11-05,17.8,4.3,10.6,42.59,23.4
Панчарево,2023-11-06,18.9,8.6,13.1,42.59,23.4
Панчарево,2023-11-07,17.3,9.7,13.4,42.59,23.4
Панчарево,2023-11-08,14.0,8.3,11.0,42.59,23.4
Панчарево,2023-11-09,11.1,2.3,6.4,42.59,23.4
Панчарево,2023-11-10,12.9,2.6,7.4,42.59,23.4
Панчарево,2023-11-11,13.8,7.6,9.6,42.59,23.4
Панчарево,2023-11-12,8.1,2.6,5.9,42.59,23.4
Панчарево,2023-11-13,11.9,4.7,7.4,42.59,23.4
Панчарево,2023-11-14,17.6,3.9,9.7,42.59,23.4
Панчарево,2023-11-15,16.4,6.1,9.5,42.59,23.4
Панчарево,2023-11-16,11.1,3.6,7.2,42.59,23.4
Панчарево,2023-11-17,12.2,4.0,7.7,42.59,23.4
Панчарево,2023-11-18,7.4,0.8,2.5,42.59,23.4
Панчарево,2023-11-19,4.5,-0.0,2.0,42.59,23.4
Панчарево,2023-11-20,12.8,2.0,6.1,42.59,23.4
Панчарево,2023-11-21,11.0,3.8,7.1,42.59,23.4
Панчарево,2023-11-22,9.8,4.2,7.6,42.59,23.4
Панчарево,2023-11-23,10.1,6.5,7.5,42.59,23.4
Панчарево,2023-11-24,11.8,5.5,8.6,42.59,23.4
Панчарево,2023-11-25,9.2,-0.7,3.4,42.59,23.4
Панчарево,2023-11-26,-1.1,-5.4,-2.9,42.59,23.4
Панчарево,2023-11-27,2.3,-5.2,-2.8,42.59,23.4
Панчарево,2023-11-28,5.1,-5.4,1.5,42.59,23.4
Панчарево,2023-11-29,4.6,-2.8,2.1,42.59,23.4
Панчарево,2023-11-30,4.9,-4.3,1.3,42.59,23.4
Панчарево,2023-12-01,15.0,1.4,8.0,42.59,23.4
Панчарево,2023-12-02,14.6,4.8,9.9,42.59,23.4
Панчарево,2023-12-03,10.6,0.5,6.0,42.59,23.4
Панчарево,2023-12-04,2.5,-3.4,-1.1,42.59,23.4
Панчарево,2023-12-05,5.1,-0.2,1.9,42.59,23.4
Панчарево,2023-12-06,3.9,1.5,2.9,42.59,23.4
Панчарево,2023-12-07,3.5,0.0,2.4,42.59,23.4
Панчарево,2023-12-08,0.8,-1.3,-0.2,42.59,23.4
Панчарево,2023-12-09,2.4,-1.5,-0.3,42.59,23.4
Панчарево,2023-12-10,5.1,-2.6,1.1,42.59,23.4
Панчарево,2023-12-11,7.6,-0.2,2.5,42.59,23.4
Панчарево,2023-12-12,10.0,0.2,4.4,42.59,23.4
Панчарево,2023-12-13,10.9,1.4,6.2,42.59,23.4
Панчарево,2023-12-14,14.1,4.9,8.8,42.59,23.4
Панчарево,2023-12-15,4.6,1.0,3.6,42.59,23.4
Панчарево,2023-12-16,1.1,-2.1,-0.4,42.59,23.4
Панчарево,2023-12-17,3.5,-4.3,-1.9,42.59,23.4
Панчарево,2023-12-18,5.4,-3.0,0.8,42.59,23.4
Панчарево,2023-12-19,10.1,0.2,4.9,42.59,23.4
Панчарево,2023-12-20,9.9,0.1,5.9,42.59,23.4
Панчарево,2023-12-21,5.8,-1.2,1.7,42.59,23.4
Панчарево,2023-12-22,5.8,-1.2,2.5,42.59,23.4
Панчарево,2023-12-23,8.0,-0.5,2.0,42.59,23.4
Панчарево,2023-12-24,11.7,2.6,6.8,42.59,23.4
Панчарево,2023-12-25,14.2,2.5,7.0,42.59,23.4
Панчарево,2023-12-26,13.6,3.6,7.8,42.59,23.4
Панчарево,2023-12-27,10.5,3.0,6.0,42.59,23.4
Панчарево,2023-12-28,11.3,2.2,7.1,42.59,23.4
Панчарево,2023-12-29,10.8,4.0,8.2,42.59,23.4
Панчарево,2023-12-30,9.9,2.0,5.7,42.59,23.4
Панчарево,2023-12-31,8.9,0.6,4.9,42.59,23.4
Подуяне,2023-01-01,10.6,4.0,6.5,42.7,23.367
Подуяне,2023-01-02,10.6,2.8,6.3,42.7,23.367
Подуяне,2023-01-03,12.4,0.9,5.9,42.7,23.367
Подуяне,2023-01-04,8.1,0.5,4.7,42.7,23.367
Подуяне,2023-01-05,12.4,1.2,5.7,42.7,23.367
Подуяне,2023-01-06,10.4,1.1,5.4,42.7,23.367
Подуяне,2023-01-07,9.9,-0.1,4.2,42.7,23.367
Подуяне,2023-01-08,8.4,-2.0,2.7,42.7,23.367
Подуяне,2023-01-09,5.2,-2.1,0.7,42.7,23.367
Подуяне,2023-01-10,4.8,0.3,2.7,42.7,23.367
Подуяне,2023-01-11,5.1,-1.2,2.3,42.7,23.367
Подуяне,2023-01-12,5.2,2.4,3.6,42.7,23.367
Подуяне,2023-01-13,5.6,0.9,3.5,42.7,23.367
Подуяне,2023-01-14,5.0,-1.4,1.9,42.7,23.367
Подуяне,2023-01-15,7.8,-0.1,3.9,42.7,23.367
Подуяне,2023-01-16,6.4,-1.1,1.9,42.7,23.367
Подуяне,2023-01-17,14.4,1.8,6.5,42.7,23.367
Подуяне,2023-01-18,17.0,5.8,10.1,42.7,23.367
Подуяне,2023-01-19,18.5,5.2,10.8,42.7,23.367
Подуяне,2023-01-20,10.2,1.8,6.5,42.7,23.367
Подуяне,2023-01-21,9.2,-1.6,4.0,42.7,23.367
Подуяне,2023-01-22,9.4,4.2,6.8,42.7,23.367
Подуяне,2023-01-23,8.2,5.1,7.1,42.7,23.367
Подуяне,2023-01-24,4.8,1.0,2.7,42.7,23.367
Подуяне,2023-01-25,2.8,0.3,1.1,42.7,23.367
Подуяне,2023-01-26,2.3,-1.1,0.2,42.7,23.367
Подуяне,2023-01-27,3.4,0.1,1.2,42.7,23.367
Подуяне,2023-01-28,3.4,-0.7,0.8,42.7,23.367
Подуяне,2023-01-29,2.2,-1.1,0.4,42.7,23.367
Подуяне,2023-01-30,2.5,-3.5,-0.8,42.7,23.367
Подуяне,2023-01-31,3.3,-2.7,0.6,42.7,23.367
Подуяне,2023-02-01,6.6,-1.9,1.4,42.7,23.367
Подуяне,2023-02-02,7.7,-1.8,2.1,42.7,23.367
Подуяне,2023-02-03,4.5,-2.6,1.1,42.7,23.367
Подуяне,2023-02-04,4.7,-0.8,1.8,42.7,23.367
Подуяне,2023-02-05,-0.6,-4.8,-3.1,42.7,23.367
Подуяне,2023-02-06,-1.6,-7.7,-4.3,42.7,23.367
Подуяне,2023-02-07,-0.1,-6.1,-3.6,42.7,23.367
Подуяне,2023-02-08,-1.2,-7.4,-4.1,42.7,23.367
Подуяне,2023-02-09,1.4,-7.6,-4.2,42.7,23.367
Подуяне,2023-02-10,4.0,-7.4,-2.7,42.7,23.367
Подуяне,2023-02-11,4.8,-6.4,-1.9,42.7,23.367
Подуяне,2023-02-12,4.5,-4.1,0.5,42.7,23.367
Подуяне,2023-02-13,6.7,-4.2,0.6,42.7,23.367
Подуяне,2023-02-14,4.7,-2.0,0.9,42.7,23.367
Подуяне,2023-02-15,7.0,-1.7,2.0,42.7,23.367
Подуяне,2023-02-16,12.4,-2.3,3.5,42.7,23.367
Подуяне,2023-02-17,14.4,-0.1,4.9,42.7,23.367
Подуяне,2023-02-18,16.1,0.3,6.4,42.7,23.367
Подуяне,2023-02-19,17.5,2.0,8.5,42.7,23.367
Подуяне,2023-02-20,12.4,1.6,7.4,42.7,23.367
Подуяне,2023-02-21,17.7,0.8,7.2,42.7,23.367
Подуяне,2023-02-22,16.2,2.8,8.7,42.7,23.367
Подуяне,2023-02-23,15.6,4.4,8.1,42.7,23.367
Подуяне,2023-02-24,12.6,4.2,7.1,42.7,23.367
Подуяне,2023-02-25,16.3,0.0,8.1,42.7,23.367
Подуяне,2023-02-26,19.9,5.9,12.0,42.7,23.367
Подуяне,2023-02-27,12.9,3.4,7.9,42.7,23.367
Подуяне,2023-02-28,11.2,3.8,7.3,42.7,23.367
Подуяне,2023-03-01,8.2,4.2,5.9,42.7,23.367
Подуяне,2023-03-02,7.1,4.2,5.3,42.7,23.367
Подуяне,2023-03-03,6.2,3.5,4.5,42.7,23.367
Подуяне,2023-03-04,9.0,1.1,4.7,42.7,23.367
Подуяне,2023-03-05,10.2,1.8,5.5,42.7,23.367
Подуяне,2023-03-06,12.4,-2.6,5.3,42.7,23.367
Подуяне,2023-03-07,14.5,-0.3,6.5,42.7,23.367
Подуяне,2023-03-08,14.6,2.2,8.1,42.7,23.367
Подуяне,2023-03-09,18.6,4.4,10.1,42.7,23.367
Подуяне,2023-03-10,16.8,6.3,9.8,42.7,23.367
Подуяне,2023-03-11,15.2,5.4,9.5,42.7,23.367
Подуяне,2023-03-12,8.3,0.2,4.1,42.7,23.367
Подуяне,2023-03-13,10.8,-3.5,3.7,42.7,23.367
Подуяне,2023-03-14,15.4,-2.5,5.3,42.7,23.367
Подуяне,2023-03-15,12.6,0.3,5.9,42.7,23.367
Подуяне,2023-03-16,6.4,1.1,3.0,42.7,23.367
Подуяне,2023-03-17,8.8,0.8,3.8,42.7,23.367
Подуяне,2023-03-18,8.9,-2.4,3.5,42.7,23.367
Подуяне,2023-03-19,15.1,-0.6,6.2,42.7,23.367
Подуяне,2023-03-20,19.4,3.3,10.1,42.7,23.367
Подуяне,2023-03-21,16.2,7.2,11.1,42.7,23.367
Подуяне,2023-03-22,13.1,6.4,9.3,42.7,23.367
Подуяне,2023-03-23,15.4,2.5,8.4,42.7,23.367
Подуяне,2023-03-24,18.9,4.5,10.5,42.7,23.367
Подуяне,2023-03-25,20.2,7.6,12.4,42.7,23.367
Подуяне,2023-03-26,15.9,6.2,10.4,42.7,23.367
Подуяне,2023-03-27,16.5,3.2,8.6,42.7,23.367
Подуяне,2023-03-28,6.2,0.4,3.1,42.7,23.367
Подуяне,2023-03-29,7.8,-1.5,2.6,42.7,23.367
Подуяне,2023-03-30,14.0,0.2,7.1,42.7,23.367
Подуяне,2023-03-31,17.7,5.5,10.9,42.7,23.367
Подуяне,2023-04-01,17.2,6.6,10.6,42.7,23.367
Подуяне,2023-04-02,15.8,3.8,9.5,42.7,23.367
Подуяне,2023-04-03,15.2,4.1,8.5,42.7,23.367
Подуяне,2023-04-04,8.6,1.3,6.0,42.7,23.367
Подуяне,2023-04-05,5.3,-0.3,2.1,42.7,23.367
Подуяне,2023-04-06,6.5,-1.4,2.2,42.7,23.367
Подуяне,2023-04-07,9.0,-2.5,3.6,42.7,23.367
Подуяне,2023-04-08,11.6,0.7,6.1,42.7,23.367
Подуяне,2023-04-09,12.1,4.5,7.7,42.7,23.367
Подуяне,2023-04-10,10.6,4.2,7.4,42.7,23.367
Подуяне,2023-04-11,13.1,4.5,8.3,42.7,23.367
Подуяне,2023-04-12,12.9,5.2,9.0,42.7,23.367
Подуяне,2023-04-13,20.3,3.1,10.7,42.7,23.367
Подуяне,2023-04-14,20.8,6.4,11.1,42.7,23.367
Подуяне,2023-04-15,17.3,3.3,10.7,42.7,23.367
Подуяне,2023-04-16,17.4,5.6,11.3,42.7,23.367
Подуяне,2023-04-17,15.9,7.4,10.4,42.7,23.367
Подуяне,2023-04-18,13.7,8.6,10.4,42.7,23.367
Подуяне,2023-04-19,14.9,6.1,10.1,42.7,23.367
Подуяне,2023-04-20,14.1,4.9,9.4,42.7,23.367
Подуяне,2023-04-21,15.7,4.1,10.5,42.7,23.367
Подуяне,2023-04-22,15.9,6.4,10.9,42.7,23.367
Подуяне,2023-04-23,16.6,4.5,10.5,42.7,23.367
Подуяне,2023-04-24,19.9,5.1,11.3,42.7,23.367
Подуяне,2023-04-25,15.3,7.5,11.4,42.7,23.367
Подуяне,2023-04-26,14.8,5.4,10.1,42.7,23.367
Подуяне,2023-04-27,12.4,4.2,8.8,42.7,23.367
Подуяне,2023-04-28,15.9,2.5,8.4,42.7,23.367
Подуяне,2023-04-29,15.6,4.4,10.0,42.7,23.367
Подуяне,2023-04-30,17.5,7.5,12.6,42.7,23.367
Подуяне,2023-05-01,18.8,6.4,12.7,42.7,23.367
Подуяне,2023-05-02,19.5,6.8,13.2,42.7,23.367
Подуяне,2023-05-03,17.6,9.5,12.3,42.7,23.367
Подуяне,2023-05-04,14.6,9.0,11.4,42.7,23.367
Подуяне,2023-05-05,17.3,6.1,12.0,42.7,23.367
Подуяне,2023-05-06,18.1,6.8,12.9,42.7,23.367
Подуяне,2023-05-07,21.5,9.1,14.6,42.7,23.367
Подуяне,2023-05-08,20.0,8.9,14.0,42.7,23.367
Подуяне,2023-05-09,13.7,9.8,11.6,42.7,23.367
Подуяне,2023-05-10,10.7,7.7,9.0,42.7,23.367
Подуяне,2023-05-11,13.6,7.4,10.4,42.7,23.367
Подуяне,2023-05-12,14.9,6.8,10.1,42.7,23.367
Подуяне,2023-05-13,18.5,7.6,12.8,42.7,23.367
Подуяне,2023-05-14,14.5,10.8,12.0,42.7,23.367
Подуяне,2023-05-15,17.1,9.2,12.8,42.7,23.367
Подуяне,2023-05-16,20.5,12.2,15.3,42.7,23.367
Подуяне,2023-05-17,19.6,11.4,14.8,42.7,23.367
Подуяне,2023-05-18,15.1,11.1,12.7,42.7,23.367
Подуяне,2023-05-19,19.9,8.1,14.2,42.7,23.367
Подуяне,2023-05-20,20.2,10.8,15.4,42.7,23.367
Подуяне,2023-05-21,20.4,11.3,15.3,42.7,23.367
Подуяне,2023-05-22,19.8,10.4,15.1,42.7,23.367
Подуяне,2023-05-23,21.5,8.2,15.9,42.7,23.367
Подуяне,2023-05-24,23.4,7.9,17.1,42.7,23.367
Подуяне,2023-05-25,20.8,11.6,16.7,42.7,23.367
Подуяне,2023-05-26,20.7,10.1,16.4,42.7,23.367
Подуяне,2023-05-27,20.6,9.6,16.1,42.7,23.367
Подуяне,2023-05-28,18.9,10.2,15.4,42.7,23.367
Подуяне,2023-05-29,20.7,12.8,16.4,42.7,23.367
Подуяне,2023-05-30,21.8,12.2,17.1,42.7,23.367
Подуяне,2023-05-31,22.3,12.7,17.6,42.7,23.367
Подуяне,2023-06-01,23.7,12.8,17.6,42.7,23.367
Подуяне,2023-06-02,23.8,13.1,18.4,42.7,23.367
Подуяне,2023-06-03,20.8,13.1,17.2,42.7,23.367
Подуяне,2023-06-04,20.8,14.0,16.8,42.7,23.367
Подуяне,2023-06-05,22.5,11.2,17.2,42.7,23.367
Подуяне,2023-06-06,23.3,12.4,17.6,42.7,23.367
Подуяне,2023-06-07,22.6,12.4,18.0,42.7,23.367
Подуяне,2023-06-08,24.7,12.6,18.8,42.7,23.367
Подуяне,2023-06-09,25.0,12.4,18.7,42.7,23.367
Подуяне,2023-06-10,23.7,14.7,18.6,42.7,23.367
Подуяне,2023-06-11,23.8,14.1,19.0,42.7,23.367
Подуяне,2023-06-12,24.6,14.3,18.4,42.7,23.367
Подуяне,2023-06-13,19.8,14.3,17.1,42.7,23.367
Подуяне,2023-06-14,22.6,14.4,18.5,42.7,23.367
Подуяне,2023-06-15,21.5,14.8,18.3,42.7,23.367
Подуяне,2023-06-16,23.0,15.7,18.5,42.7,23.367
Подуяне,2023-06-17,20.2,14.9,16.7,42.7,23.367
Подуяне,2023-06-18,21.6,14.2,17.4,42.7,23.367
Подуяне,2023-06-19,25.2,12.5,19.0,42.7,23.367
Подуяне,2023-06-20,25.4,12.9,20.0,42.7,23.367
Подуяне,2023-06-21,27.3,15.9,21.6,42.7,23.367
Подуяне,2023-06-22,28.4,15.8,22.3,42.7,23.367
Подуяне,2023-06-23,29.6,17.8,23.4,42.7,23.367
Подуяне,2023-06-24,29.2,16.1,22.7,42.7,23.367
Подуяне,2023-06-25,25.0,16.9,20.0,42.7,23.367
Подуяне,2023-06-26,24.5,16.0,20.3,42.7,23.367
Подуяне,2023-06-27,25.7,14.4,20.4,42.7,23.367
Подуяне,2023-06-28,25.3,14.7,19.4,42.7,23.367
Подуяне,2023-06-29,21.5,12.9,17.2,42.7,23.367
Подуяне,2023-06-30,26.0,13.4,19.1,42.7,23.367
Подуяне,2023-07-01,27.2,14.8,21.0,42.7,23.367
Подуяне,2023-07-02,23.5,15.9,20.0,42.7,23.367
Подуяне,2023-07-03,27.1,15.4,21.6,42.7,23.367
Подуяне,2023-07-04,28.9,16.6,23.0,42.7,23.367
Подуяне,2023-07-05,26.8,19.1,22.1,42.7,23.367
Подуяне,2023-07-06,25.8,16.1,21.0,42.7,23.367
Подуяне,2023-07-07,26.7,16.8,21.0,42.7,23.367
Подуяне,2023-07-08,25.4,16.1,20.8,42.7,23.367
Подуяне,2023-07-09,27.1,13.6,20.6,42.7,23.367
Подуяне,2023-07-10,28.1,14.5,22.0,42.7,23.367
Подуяне,2023-07-11,29.6,15.8,23.4,42.7,23.367
Подуяне,2023-07-12,33.2,19.6,26.1,42.7,23.367
Подуяне,2023-07-13,36.0,20.6,27.9,42.7,23.367
Подуяне,2023-07-14,32.5,19.5,26.5,42.7,23.367
Подуяне,2023-07-15,32.2,20.0,25.9,42.7,23.367
Подуяне,2023-07-16,32.5,19.5,26.5,42.7,23.367
Подуяне,2023-07-17,33.8,21.0,27.9,42.7,23.367
Подуяне,2023-07-18,33.5,21.5,27.8,42.7,23.367
Подуяне,2023-07-19,33.4,19.0,26.6,42.7,23.367
Подуяне,2023-07-20,32.0,18.6,25.5,42.7,23.367
Подуяне,2023-07-21,33.4,18.5,25.7,42.7,23.367
Подуяне,2023-07-22,36.0,19.1,27.3,42.7,23.367
Подуяне,2023-07-23,31.1,20.8,26.0,42.7,23.367
Подуяне,2023-07-24,33.5,18.7,26.0,42.7,23.367
Подуяне,2023-07-25,38.3,20.2,29.2,42.7,23.367
Подуяне,2023-07-26,35.3,20.8,27.4,42.7,23.367
Подуяне,2023-07-27,23.0,16.5,19.8,42.7,23.367
Подуяне,2023-07-28,29.6,12.9,20.8,42.7,23.367
Подуяне,2023-07-29,31.3,16.6,24.4,42.7,23.367
Подуяне,2023-07-30,32.0,18.6,25.6,42.7,23.367
Подуяне,2023-07-31,28.0,19.3,23.5,42.7,23.367
Подуяне,2023-08-01,30.1,16.0,23.2,42.7,23.367
Подуяне,2023-08-02,31.6,18.9,25.2,42.7,23.367
Подуяне,2023-08-03,35.7,20.0,27.9,42.7,23.367
Подуяне,2023-08-04,36.0,22.2,29.5,42.7,23.367
Подуяне,2023-08-05,34.0,22.1,28.1,42.7,23.367
Подуяне,2023-08-06,26.5,17.5,22.1,42.7,23.367
Подуяне,2023-08-07,27.0,15.1,20.2,42.7,23.367
Подуяне,2023-08-08,23.1,15.1,18.6,42.7,23.367
Подуяне,2023-08-09,27.0,11.2,18.6,42.7,23.367
Подуяне,2023-08-10,21.8,16.0,18.5,42.7,23.367
Подуяне,2023-08-11,25.6,12.8,19.1,42.7,23.367
Подуяне,2023-08-12,27.0,12.6,20.4,42.7,23.367
Подуяне,2023-08-13,27.2,18.1,22.5,42.7,23.367
Подуяне,2023-08-14,28.5,15.5,22.8,42.7,23.367
Подуяне,2023-08-15,25.2,19.2,22.0,42.7,23.367
Подуяне,2023-08-16,27.9,18.6,22.9,42.7,23.367
Подуяне,2023-08-17,32.0,17.1,24.7,42.7,23.367
Подуяне,2023-08-18,33.1,18.2,25.9,42.7,23.367
Подуяне,2023-08-19,31.5,18.3,25.0,42.7,23.367
Подуяне,2023-08-20,31.9,18.2,25.2,42.7,23.367
Подуяне,2023-08-21,33.0,18.5,26.7,42.7,23.367
Подуяне,2023-08-22,33.0,19.0,26.5,42.7,23.367
Подуяне,2023-08-23,33.2,21.9,27.7,42.7,23.367
Подуяне,2023-08-24,31.1,19.2,26.3,42.7,23.367
Подуяне,2023-08-25,32.6,19.2,25.4,42.7,23.367
Подуяне,2023-08-26,33.5,20.7,26.4,42.7,23.367
Подуяне,2023-08-27,33.0,18.5,25.7,42.7,23.367
Подуяне,2023-08-28,34.1,17.9,25.6,42.7,23.367
Подуяне,2023-08-29,29.5,19.5,23.7,42.7,23.367
Подуяне,2023-08-30,28.4,17.1,22.3,42.7,23.367
Подуяне,2023-08-31,27.5,16.0,21.3,42.7,23.367
Подуяне,2023-09-01,27.8,14.0,20.7,42.7,23.367
Подуяне,2023-09-02,28.2,15.1,22.0,42.7,23.367
Подуяне,2023-09-03,28.8,16.4,22.3,42.7,23.367
Подуяне,2023-09-04,21.1,14.8,16.4,42.7,23.367
Подуяне,2023-09-05,22.0,15.5,18.1,42.7,23.367
Подуяне,2023-09-06,24.0,13.9,19.5,42.7,23.367
Подуяне,2023-09-07,24.6,16.7,20.7,42.7,23.367
Подуяне,2023-09-08,24.9,14.1,20.2,42.7,23.367
Подуяне,2023-09-09,25.9,14.1,19.4,42.7,23.367
Подуяне,2023-09-10,26.1,13.9,19.9,42.7,23.367
Подуяне,2023-09-11,26.0,11.0,19.0,42.7,23.367
Подуяне,2023-09-12,28.1,13.1,19.8,42.7,23.367
Подуяне,2023-09-13,30.6,13.4,21.1,42.7,23.367
Подуяне,2023-09-14,30.0,15.9,22.4,42.7,23.367
Подуяне,2023-09-15,27.5,15.4,21.0,42.7,23.367
Подуяне,2023-09-16,23.5,16.5,19.3,42.7,23.367
Подуяне,2023-09-17,24.2,15.9,19.4,42.7,23.367
Подуяне,2023-09-18,24.9,15.8,19.8,42.7,23.367
Подуяне,2023-09-19,24.3,12.2,18.3,42.7,23.367
Подуяне,2023-09-20,26.4,15.0,20.1,42.7,23.367
Подуяне,2023-09-21,27.4,15.4,20.5,42.7,23.367
Подуяне,2023-09-22,29.5,14.6,21.0,42.7,23.367
Подуяне,2023-09-23,32.2,15.6,22.6,42.7,23.367
Подуяне,2023-09-24,28.2,17.4,22.2,42.7,23.367
Подуяне,2023-09-25,24.1,17.6,20.6,42.7,23.367
Подуяне,2023-09-26,23.2,14.2,19.2,42.7,23.367
Подуяне,2023-09-27,23.6,13.4,18.3,42.7,23.367
Подуяне,2023-09-28,23.4,12.9,18.5,42.7,23.367
Подуяне,2023-09-29,24.8,12.4,18.4,42.7,23.367
Подуяне,2023-09-30,25.0,10.9,18.3,42.7,23.367
Подуяне,2023-10-01,24.0,10.9,17.1,42.7,23.367
Подуяне,2023-10-02,22.1,12.6,16.6,42.7,23.367
Подуяне,2023-10-03,22.4,9.5,15.6,42.7,23.367
Подуяне,2023-10-04,26.0,10.0,17.4,42.7,23.367
Подуяне,2023-10-05,24.4,12.0,17.6,42.7,23.367
Подуяне,2023-10-06,22.5,11.1,16.9,42.7,23.367
Подуяне,2023-10-07,24.0,8.6,15.1,42.7,23.367
Подуяне,2023-10-08,24.6,7.8,16.4,42.7,23.367
Подуяне,2023-10-09,20.7,11.9,16.3,42.7,23.367
Подуяне,2023-10-10,21.4,11.5,16.1,42.7,23.367
Подуяне,2023-10-11,21.5,9.3,15.1,42.7,23.367
Подуяне,2023-10-12,23.0,6.8,14.3,42.7,23.367
Подуяне,2023-10-13,26.2,11.8,17.6,42.7,23.367
Подуяне,2023-10-14,25.9,11.8,17.4,42.7,23.367
Подуяне,2023-10-15,26.4,12.6,17.8,42.7,23.367
Подуяне,2023-10-16,15.7,7.7,11.5,42.7,23.367
Подуяне,2023-10-17,12.1,4.8,8.3,42.7,23.367
Подуяне,2023-10-18,15.1,5.7,10.5,42.7,23.367
Подуяне,2023-10-19,18.6,4.1,10.2,42.7,23.367
Подуяне,2023-10-20,27.8,8.1,16.4,42.7,23.367
Подуяне,2023-10-21,29.1,9.9,17.7,42.7,23.367
Подуяне,2023-10-22,26.6,12.6,18.9,42.7,23.367
Подуяне,2023-10-23,23.8,14.6,18.4,42.7,23.367
Подуяне,2023-10-24,23.5,12.1,16.6,42.7,23.367
Подуяне,2023-10-25,25.9,10.5,17.2,42.7,23.367
Подуяне,2023-10-26,23.6,11.6,16.9,42.7,23.367
Подуяне,2023-10-27,25.0,12.1,17.8,42.7,23.367
Подуяне,2023-10-28,25.3,13.7,18.3,42.7,23.367
Подуяне,2023-10-29,22.5,12.1,16.2,42.7,23.367
Подуяне,2023-10-30,21.9,10.1,14.5,42.7,23.367
Подуяне,2023-10-31,22.7,7.4,14.4,42.7,23.367
Подуяне,2023-11-01,18.9,9.9,14.1,42.7,23.367
Подуяне,2023-11-02,17.4,9.1,12.6,42.7,23.367
Подуяне,2023-11-03,18.7,8.3,12.8,42.7,23.367
Подуяне,2023-11-04,13.1,9.6,11.7,42.7,23.367
Подуяне,2023-11-05,19.5,4.9,11.4,42.7,23.367
Подуяне,2023-11-06,20.8,9.2,14.2,42.7,23.367
Подуяне,2023-11-07,18.0,8.1,12.6,42.7,23.367
Подуяне,2023-11-08,14.4,7.6,10.6,42.7,23.367
Подуяне,2023-11-09,11.9,2.8,7.5,42.7,23.367
Подуяне,2023-11-10,12.8,0.9,5.9,42.7,23.367
Подуяне,2023-11-11,15.2,5.7,9.6,42.7,23.367
Подуяне,2023-11-12,9.1,4.1,6.8,42.7,23.367
Подуяне,2023-11-13,12.9,3.6,7.7,42.7,23.367
Подуяне,2023-11-14,19.0,4.4,10.5,42.7,23.367
Подуяне,2023-11-15,16.6,6.1,10.1,42.7,23.367
Подуяне,2023-11-16,12.4,4.4,8.6,42.7,23.367
Подуяне,2023-11-17,12.3,2.5,6.9,42.7,23.367
Подуяне,2023-11-18,7.6,2.7,4.1,42.7,23.367
Подуяне,2023-11-19,5.6,1.4,3.2,42.7,23.367
Подуяне,2023-11-20,13.6,0.7,5.9,42.7,23.367
Подуяне,2023-11-21,11.0,2.8,5.5,42.7,23.367
Подуяне,2023-11-22,11.1,2.0,7.0,42.7,23.367
Подуяне,2023-11-23,10.2,5.8,8.1,42.7,23.367
Подуяне,2023-11-24,13.1,5.2,8.5,42.7,23.367
Подуяне,2023-11-25,8.6,0.4,4.1,42.7,23.367
Подуяне,2023-11-26,0.2,-2.7,-1.2,42.7,23.367
Подуяне,2023-11-27,3.0,-3.9,-1.0,42.7,23.367
Подуяне,2023-11-28,2.4,-5.3,-0.2,42.7,23.367
Подуяне,2023-11-29,5.4,-2.0,3.0,42.7,23.367
Подуяне,2023-11-30,6.4,-2.6,0.6,42.7,23.367
Подуяне,2023-12-01,16.5,0.8,7.8,42.7,23.367
Подуяне,2023-12-02,12.4,5.3,8.5,42.7,23.367
Подуяне,2023-12-03,8.8,1.5,5.8,42.7,23.367
Подуяне,2023-12-04,2.9,-2.5,-0.4,42.7,23.367
Подуяне,2023-12-05,4.4,-0.8,1.6,42.7,23.367
Подуяне,2023-12-06,4.7,1.8,3.4,42.7,23.367
Подуяне,2023-12-07,4.8,1.5,3.1,42.7,23.367
Подуяне,2023-12-08,3.2,0.2,1.6,42.7,23.367
Подуяне,2023-12-09,3.7,-3.2,1.0,42.7,23.367
Подуяне,2023-12-10,5.3,-3.2,0.4,42.7,23.367
Подуяне,2023-12-11,8.9,0.2,3.7,42.7,23.367
Подуяне,2023-12-12,11.1,1.5,5.3,42.7,23.367
Подуяне,2023-12-13,10.2,0.6,5.0,42.7,23.367
Подуяне,2023-12-14,13.4,3.5,6.6,42.7,23.367
Подуяне,2023-12-15,6.6,2.2,5.2,42.7,23.367
Подуяне,2023-12-16,2.7,-0.6,1.5,42.7,23.367
Подуяне,2023-12-17,4.3,-3.6,-0.3,42.7,23.367
Подуяне,2023-12-18,9.6,-3.0,1.0,42.7,23.367
Подуяне,2023-12-19,10.0,-2.8,3.0,42.7,23.367
Подуяне,2023-12-20,9.4,-0.3,3.3,42.7,23.367
Подуяне,2023-12-21,6.8,-2.5,1.7,42.7,23.367
Подуяне,2023-12-22,5.8,-1.2,2.3,42.7,23.367
Подуяне,2023-12-23,7.6,-1.6,2.3,42.7,23.367
Подуяне,2023-12-24,13.5,2.3,6.9,42.7,23.367
Подуяне,2023-12-25,13.7,2.5,7.3,42.7,23.367
Подуяне,2023-12-26,13.1,0.8,7.4,42.7,23.367
Подуяне,2023-12-27,12.1,0.0,4.2,42.7,23.367
Подуяне,2023-12-28,10.3,1.0,5.2,42.7,23.367
Подуяне,2023-12-29,10.2,1.6,5.8,42.7,23.367
Подуяне,2023-12-30,10.4,1.0,4.1,42.7,23.367
Подуяне,2023-12-31,7.8,1.8,4.2,42.7,23.367
Сердика,2023-01-01,10.3,-1.0,3.7,42.705,23.305
Сердика,2023-01-02,11.0,-1.1,3.9,42.705,23.305
Сердика,2023-01-03,12.6,-0.2,3.7,42.705,23.305
Сердика,2023-01-04,8.2,-0.5,4.0,42.705,23.305
Сердика,2023-01-05,11.5,2.2,5.5,42.705,23.305
Сердика,2023-01-06,10.0,0.5,5.1,42.705,23.305
Сердика,2023-01-07,10.1,-2.8,2.8,42.705,23.305
Сердика,2023-01-08,8.4,-2.2,2.3,42.705,23.305
Сердика,2023-01-09,4.7,-1.4,0.4,42.705,23.305
Сердика,2023-01-10,4.3,-0.7,2.0,42.705,23.305
Сердика,2023-01-11,5.2,-1.9,2.2,42.705,23.305
Сердика,2023-01-12,5.3,2.0,3.4,42.705,23.305
Сердика,2023-01-13,5.6,-1.1,3.1,42.705,23.305
Сердика,2023-01-14,5.8,-1.5,2.0,42.705,23.305
Сердика,2023-01-15,7.5,0.5,3.4,42.705,23.305
Сердика,2023-01-16,6.9,-0.7,1.8,42.705,23.305
Сердика,2023-01-17,13.6,0.1,5.8,42.705,23.305
Сердика,2023-01-18,15.7,5.8,9.4,42.705,23.305
Сердика,2023-01-19,17.7,4.7,10.1,42.705,23.305
Сердика,2023-01-20,9.6,0.6,5.8,42.705,23.305
Сердика,2023-01-21,9.1,-2.4,3.5,42.705,23.305
Сердика,2023-01-22,9.5,3.4,6.2,42.705,23.305
Сердика,2023-01-23,8.1,5.3,7.1,42.705,23.305
Сердика,2023-01-24,4.9,0.5,2.3,42.705,23.305
Сердика,2023-01-25,2.6,-0.2,0.8,42.705,23.305
Сердика,2023-01-26,1.7,-1.4,-0.1,42.705,23.305
Сердика,2023-01-27,4.1,-0.1,1.1,42.705,23.305
Сердика,2023-01-28,3.1,-0.6,0.6,42.705,23.305
Сердика,2023-01-29,1.9,-1.1,0.1,42.705,23.305
Сердика,2023-01-30,1.8,-3.3,-1.1,42.705,23.305
Сердика,2023-01-31,3.3,-2.2,0.1,42.705,23.305
Сердика,2023-02-01,6.2,-2.3,1.0,42.705,23.305
Сердика,2023-02-02,7.4,-2.0,1.9,42.705,23.305
Сердика,2023-02-03,4.1,-1.4,0.9,42.705,23.305
Сердика,2023-02-04,4.1,-0.9,1.7,42.705,23.305
Сердика,2023-02-05,-1.0,-5.0,-3.2,42.705,23.305
Сердика,2023-02-06,-1.5,-8.2,-4.5,42.705,23.305
Сердика,2023-02-07,-0.2,-6.2,-3.7,42.705,23.305
Сердика,2023-02-08,-1.2,-7.2,-4.1,42.705,23.305
Сердика,2023-02-09,1.0,-7.5,-4.3,42.705,23.305
Сердика,2023-02-10,3.7,-7.7,-2.9,42.705,23.305
Сердика,2023-02-11,4.3,-7.3,-2.6,42.705,23.305
Сердика,2023-02-12,4.2,-4.1,-0.1,42.705,23.305
Сердика,2023-02-13,6.3,-4.5,0.2,42.705,23.305
Сердика,2023-02-14,5.1,-3.0,0.4,42.705,23.305
Сердика,2023-02-15,6.6,-3.0,1.5,42.705,23.305
Сердика,2023-02-16,11.9,-4.7,1.4,42.705,23.305
Сердика,2023-02-17,14.0,-3.4,3.3,42.705,23.305
Сердика,2023-02-18,15.3,-3.1,4.3,42.705,23.305
Сердика,2023-02-19,17.2,0.3,7.5,42.705,23.305
Сердика,2023-02-20,12.0,2.5,7.0,42.705,23.305
Сердика,2023-02-21,17.9,0.9,7.0,42.705,23.305
Сердика,2023-02-22,16.2,-0.5,6.5,42.705,23.305
Сердика,2023-02-23,15.6,-0.2,6.8,42.705,23.305
Сердика,2023-02-24,12.2,3.9,7.1,42.705,23.305
Сердика,2023-02-25,15.8,1.5,9.5,42.705,23.305
Сердика,2023-02-26,18.7,5.5,11.6,42.705,23.305
Сердика,2023-02-27,12.9,4.7,7.5,42.705,23.305
Сердика,2023-02-28,11.1,3.7,6.9,42.705,23.305
Сердика,2023-03-01,7.4,3.8,5.4,42.705,23.305
Сердика,2023-03-02,7.4,4.0,5.3,42.705,23.305
Сердика,2023-03-03,6.3,2.6,4.3,42.705,23.305
Сердика,2023-03-04,9.6,-0.0,4.1,42.705,23.305
Сердика,2023-03-05,10.0,1.4,5.1,42.705,23.305
Сердика,2023-03-06,12.5,-2.4,4.5,42.705,23.305
Сердика,2023-03-07,14.6,2.6,7.7,42.705,23.305
Сердика,2023-03-08,14.3,1.0,8.2,42.705,23.305
Сердика,2023-03-09,18.7,2.4,9.9,42.705,23.305
Сердика,2023-03-10,16.7,5.7,9.6,42.705,23.305
Сердика,2023-03-11,14.7,5.0,9.4,42.705,23.305
Сердика,2023-03-12,8.2,-0.6,3.5,42.705,23.305
Сердика,2023-03-13,10.2,-4.3,2.5,42.705,23.305
Сердика,2023-03-14,15.0,-2.9,4.7,42.705,23.305
Сердика,2023-03-15,13.5,0.4,5.9,42.705,23.305
Сердика,2023-03-16,5.9,0.9,2.8,42.705,23.305
Сердика,2023-03-17,8.4,0.5,3.7,42.705,23.305
Сердика,2023-03-18,8.6,-4.1,2.6,42.705,23.305
Сердика,2023-03-19,14.7,-4.0,5.1,42.705,23.305
Сердика,2023-03-20,18.9,-0.7,9.5,42.705,23.305
Сердика,2023-03-21,16.8,4.8,10.7,42.705,23.305
Сердика,2023-03-22,13.1,4.8,8.8,42.705,23.305
Сердика,2023-03-23,15.4,0.9,7.5,42.705,23.305
Сердика,2023-03-24,18.5,2.1,10.2,42.705,23.305
Сердика,2023-03-25,19.7,3.3,11.2,42.705,23.305
Сердика,2023-03-26,15.8,6.2,10.2,42.705,23.305
Сердика,2023-03-27,14.6,2.8,8.2,42.705,23.305
Сердика,2023-03-28,5.7,-0.0,2.6,42.705,23.305
Сердика,2023-03-29,7.3,-2.0,2.1,42.705,23.305
Сердика,2023-03-30,13.9,0.6,6.5,42.705,23.305
Сердика,2023-03-31,17.2,3.8,10.5,42.705,23.305
Сердика,2023-04-01,16.4,5.6,10.7,42.705,23.305
Сердика,2023-04-02,15.4,3.4,8.9,42.705,23.305
Сердика,2023-04-03,14.5,1.3,7.2,42.705,23.305
Сердика,2023-04-04,8.8,0.8,5.7,42.705,23.305
Сердика,2023-04-05,5.3,-0.8,1.7,42.705,23.305
Сердика,2023-04-06,6.2,-1.8,1.8,42.705,23.305
Сердика,2023-04-07,8.0,-2.8,3.1,42.705,23.305
Сердика,2023-04-08,11.8,-0.1,5.7,42.705,23.305
Сердика,2023-04-09,12.0,2.4,6.8,42.705,23.305
Сердика,2023-04-10,11.0,3.3,7.3,42.705,23.305
Сердика,2023-04-11,12.7,3.5,7.8,42.705,23.305
Сердика,2023-04-12,12.7,4.0,8.4,42.705,23.305
Сердика,2023-04-13,19.6,-0.9,9.4,42.705,23.305
Сердика,2023-04-14,21.3,3.7,10.5,42.705,23.305
Сердика,2023-04-15,16.6,3.0,10.3,42.705,23.305
Сердика,2023-04-16,16.7,5.5,10.7,42.705,23.305
Сердика,2023-04-17,15.3,6.6,10.0,42.705,23.305
Сердика,2023-04-18,14.3,8.1,10.2,42.705,23.305
Сердика,2023-04-19,14.9,6.5,9.9,42.705,23.305
Сердика,2023-04-20,13.7,5.1,9.2,42.705,23.305
Сердика,2023-04-21,15.6,4.3,10.0,42.705,23.305
Сердика,2023-04-22,15.8,3.6,9.7,42.705,23.305
Сердика,2023-04-23,17.0,3.8,10.3,42.705,23.305
Сердика,2023-04-24,19.5,5.5,10.8,42.705,23.305
Сердика,2023-04-25,14.8,7.8,11.3,42.705,23.305
Сердика,2023-04-26,15.0,4.0,9.6,42.705,23.305
Сердика,2023-04-27,11.9,3.5,8.4,42.705,23.305
Сердика,2023-04-28,15.6,1.0,7.8,42.705,23.305
Сердика,2023-04-29,15.2,3.6,9.5,42.705,23.305
Сердика,2023-04-30,17.4,4.6,11.4,42.705,23.305
Сердика,2023-05-01,18.9,5.3,12.0,42.705,23.305
Сердика,2023-05-02,19.4,7.9,13.4,42.705,23.305
Сердика,2023-05-03,17.7,9.3,12.1,42.705,23.305
Сердика,2023-05-04,14.3,8.5,11.1,42.705,23.305
Сердика,2023-05-05,17.2,5.1,11.7,42.705,23.305
Сердика,2023-05-06,18.3,5.5,12.4,42.705,23.305
Сердика,2023-05-07,21.5,7.2,14.4,42.705,23.305
Сердика,2023-05-08,19.8,9.0,14.0,42.705,23.305
Сердика,2023-05-09,14.3,9.5,11.5,42.705,23.305
Сердика,2023-05-10,10.3,7.3,8.7,42.705,23.305
Сердика,2023-05-11,12.9,7.1,10.1,42.705,23.305
Сердика,2023-05-12,14.7,6.2,9.8,42.705,23.305
Сердика,2023-05-13,18.7,6.9,12.6,42.705,23.305
Сердика,2023-05-14,13.9,10.1,11.4,42.705,23.305
Сердика,2023-05-15,15.9,8.6,12.1,42.705,23.305
Сердика,2023-05-16,20.1,11.5,15.0,42.705,23.305
Сердика,2023-05-17,19.6,11.1,14.5,42.705,23.305
Сердика,2023-05-18,15.6,11.3,12.7,42.705,23.305
Сердика,2023-05-19,19.7,6.9,14.1,42.705,23.305
Сердика,2023-05-20,20.2,9.4,15.2,42.705,23.305
Сердика,2023-05-21,20.3,9.7,15.0,42.705,23.305
Сердика,2023-05-22,19.1,10.5,15.2,42.705,23.305
Сердика,2023-05-23,21.2,7.1,15.2,42.705,23.305
Сердика,2023-05-24,23.2,7.4,16.1,42.705,23.305
Сердика,2023-05-25,21.1,10.3,16.0,42.705,23.305
Сердика,2023-05-26,21.3,9.7,15.6,42.705,23.305
Сердика,2023-05-27,21.1,8.4,15.5,42.705,23.305
Сердика,2023-05-28,19.1,10.6,15.4,42.705,23.305
Сердика,2023-05-29,20.6,12.8,16.4,42.705,23.305
Сердика,2023-05-30,21.8,10.2,16.8,42.705,23.305
Сердика,2023-05-31,22.1,12.1,17.0,42.705,23.305
Сердика,2023-06-01,23.5,11.4,17.1,42.705,23.305
Сердика,2023-06-02,23.4,12.2,18.0,42.705,23.305
Сердика,2023-06-03,21.0,11.8,16.8,42.705,23.305
Сердика,2023-06-04,20.5,12.9,16.6,42.705,23.305
Сердика,2023-06-05,22.3,11.7,17.2,42.705,23.305
Сердика,2023-06-06,23.5,12.2,17.7,42.705,23.305
Сердика,2023-06-07,23.3,12.2,17.9,42.705,23.305
Сердика,2023-06-08,24.9,12.9,18.8,42.705,23.305
Сердика,2023-06-09,25.1,11.7,18.8,42.705,23.305
Сердика,2023-06-10,23.5,13.6,18.5,42.705,23.305
Сердика,2023-06-11,24.0,13.5,18.8,42.705,23.305
Сердика,2023-06-12,24.2,13.5,18.1,42.705,23.305
Сердика,2023-06-13,20.7,14.8,17.0,42.705,23.305
Сердика,2023-06-14,22.5,13.7,18.3,42.705,23.305
Сердика,2023-06-15,21.1,14.3,18.1,42.705,23.305
Сердика,2023-06-16,22.6,15.6,18.3,42.705,23.305
Сердика,2023-06-17,19.5,14.6,16.6,42.705,23.305
Сердика,2023-06-18,21.5,14.1,17.2,42.705,23.305
Сердика,2023-06-19,24.9,12.1,18.4,42.705,23.305
Сердика,2023-06-20,25.0,10.9,19.0,42.705,23.305
Сердика,2023-06-21,27.5,12.6,20.4,42.705,23.305
Сердика,2023-06-22,28.9,14.2,21.6,42.705,23.305
Сердика,2023-06-23,29.5,16.1,22.9,42.705,23.305
Сердика,2023-06-24,29.1,16.2,22.8,42.705,23.305
Сердика,2023-06-25,24.8,15.8,19.7,42.705,23.305
Сердика,2023-06-26,24.1,15.6,20.0,42.705,23.305
Сердика,2023-06-27,25.9,12.0,19.6,42.705,23.305
Сердика,2023-06-28,24.9,13.7,18.7,42.705,23.305
Сердика,2023-06-29,21.1,12.1,16.8,42.705,23.305
Сердика,2023-06-30,25.5,9.9,18.3,42.705,23.305
Сердика,2023-07-01,27.8,14.0,20.9,42.705,23.305
Сердика,2023-07-02,23.6,15.2,19.5,42.705,23.305
Сердика,2023-07-03,27.2,14.2,20.8,42.705,23.305
Сердика,2023-07-04,28.5,13.9,21.6,42.705,23.305
Сердика,2023-07-05,26.3,15.7,20.9,42.705,23.305
Сердика,2023-07-06,25.3,15.5,20.4,42.705,23.305
Сердика,2023-07-07,26.7,16.3,20.7,42.705,23.305
Сердика,2023-07-08,24.9,15.4,20.2,42.705,23.305
Сердика,2023-07-09,26.6,11.8,19.7,42.705,23.305
Сердика,2023-07-10,28.0,12.4,20.9,42.705,23.305
Сердика,2023-07-11,29.4,13.4,21.8,42.705,23.305
Сердика,2023-07-12,32.5,15.9,24.6,42.705,23.305
Сердика,2023-07-13,36.2,16.8,26.8,42.705,23.305
Сердика,2023-07-14,31.9,18.8,25.6,42.705,23.305
Сердика,2023-07-15,31.9,16.9,24.6,42.705,23.305
Сердика,2023-07-16,32.0,19.3,25.9,42.705,23.305
Сердика,2023-07-17,33.2,19.9,26.4,42.705,23.305
Сердика,2023-07-18,33.3,18.4,25.9,42.705,23.305
Сердика,2023-07-19,33.4,17.3,25.8,42.705,23.305
Сердика,2023-07-20,31.3,17.6,24.8,42.705,23.305
Сердика,2023-07-21,32.6,17.8,24.8,42.705,23.305
Сердика,2023-07-22,35.0,19.5,26.5,42.705,23.305
Сердика,2023-07-23,30.6,19.3,24.5,42.705,23.305
Сердика,2023-07-24,32.9,15.5,24.5,42.705,23.305
Сердика,2023-07-25,38.4,18.0,27.8,42.705,23.305
Сердика,2023-07-26,34.8,20.0,27.2,42.705,23.305
Сердика,2023-07-27,22.5,15.6,19.1,42.705,23.305
Сердика,2023-07-28,28.8,9.8,19.7,42.705,23.305
Сердика,2023-07-29,30.7,13.6,22.4,42.705,23.305
Сердика,2023-07-30,31.6,15.2,23.9,42.705,23.305
Сердика,2023-07-31,27.3,18.5,22.8,42.705,23.305
Сердика,2023-08-01,29.8,14.0,22.5,42.705,23.305
Сердика,2023-08-02,30.9,18.0,24.3,42.705,23.305
Сердика,2023-08-03,34.9,18.4,26.5,42.705,23.305
Сердика,2023-08-04,35.2,19.7,28.0,42.705,23.305
Сердика,2023-08-05,33.6,20.1,27.6,42.705,23.305
Сердика,2023-08-06,25.9,17.1,21.5,42.705,23.305
Сердика,2023-08-07,25.4,14.5,19.4,42.705,23.305
Сердика,2023-08-08,22.5,14.2,18.1,42.705,23.305
Сердика,2023-08-09,26.6,9.0,17.9,42.705,23.305
Сердика,2023-08-10,21.7,16.4,18.6,42.705,23.305
Сердика,2023-08-11,25.3,11.4,18.4,42.705,23.305
Сердика,2023-08-12,26.7,11.5,19.7,42.705,23.305
Сердика,2023-08-13,27.4,15.1,21.5,42.705,23.305
Сердика,2023-08-14,28.6,16.5,23.1,42.705,23.305
Сердика,2023-08-15,25.7,18.8,21.6,42.705,23.305
Сердика,2023-08-16,28.0,17.9,22.6,42.705,23.305
Сердика,2023-08-17,30.8,16.7,24.5,42.705,23.305
Сердика,2023-08-18,32.4,18.6,25.9,42.705,23.305
Сердика,2023-08-19,31.0,18.9,25.2,42.705,23.305
Сердика,2023-08-20,31.8,16.6,25.0,42.705,23.305
Сердика,2023-08-21,33.1,17.2,25.9,42.705,23.305
Сердика,2023-08-22,32.9,17.7,25.7,42.705,23.305
Сердика,2023-08-23,33.1,19.5,26.4,42.705,23.305
Сердика,2023-08-24,31.3,18.3,25.3,42.705,23.305
Сердика,2023-08-25,32.5,17.2,24.5,42.705,23.305
Сердика,2023-08-26,33.2,17.3,25.3,42.705,23.305
Сердика,2023-08-27,32.9,19.2,25.7,42.705,23.305
Сердика,2023-08-28,34.0,18.4,25.9,42.705,23.305
Сердика,2023-08-29,29.2,19.2,23.7,42.705,23.305
Сердика,2023-08-30,29.2,16.9,22.1,42.705,23.305
Сердика,2023-08-31,26.9,14.6,20.6,42.705,23.305
Сердика,2023-09-01,26.8,12.8,19.9,42.705,23.305
Сердика,2023-09-02,27.7,13.0,20.5,42.705,23.305
Сердика,2023-09-03,28.5,12.6,20.6,42.705,23.305
Сердика,2023-09-04,19.3,14.8,15.9,42.705,23.305
Сердика,2023-09-05,21.5,14.9,17.8,42.705,23.305
Сердика,2023-09-06,23.9,14.7,19.4,42.705,23.305
Сердика,2023-09-07,24.2,16.7,20.4,42.705,23.305
Сердика,2023-09-08,24.8,12.4,20.0,42.705,23.305
Сердика,2023-09-09,25.7,12.3,18.8,42.705,23.305
Сердика,2023-09-10,26.0,12.6,19.0,42.705,23.305
Сердика,2023-09-11,25.9,11.4,18.3,42.705,23.305
Сердика,2023-09-12,28.1,11.5,19.2,42.705,23.305
Сердика,2023-09-13,30.8,14.0,21.3,42.705,23.305
Сердика,2023-09-14,30.0,16.1,22.4,42.705,23.305
Сердика,2023-09-15,27.6,14.8,20.9,42.705,23.305
Сердика,2023-09-16,22.9,15.3,18.8,42.705,23.305
Сердика,2023-09-17,24.2,14.6,18.9,42.705,23.305
Сердика,2023-09-18,24.8,14.7,19.4,42.705,23.305
Сердика,2023-09-19,23.8,11.6,18.0,42.705,23.305
Сердика,2023-09-20,26.2,13.8,19.1,42.705,23.305
Сердика,2023-09-21,27.0,14.0,20.0,42.705,23.305
Сердика,2023-09-22,30.1,14.2,21.6,42.705,23.305
Сердика,2023-09-23,32.4,18.0,23.5,42.705,23.305
Сердика,2023-09-24,28.2,16.8,21.8,42.705,23.305
Сердика,2023-09-25,23.7,16.9,19.9,42.705,23.305
Сердика,2023-09-26,23.4,15.9,19.5,42.705,23.305
Сердика,2023-09-27,23.4,13.9,18.6,42.705,23.305
Сердика,2023-09-28,23.4,14.2,18.7,42.705,23.305
Сердика,2023-09-29,24.5,10.4,17.3,42.705,23.305
Сердика,2023-09-30,25.4,9.1,17.0,42.705,23.305
Сердика,2023-10-01,23.8,9.9,16.4,42.705,23.305
Сердика,2023-10-02,22.2,11.7,16.1,42.705,23.305
Сердика,2023-10-03,22.3,7.3,14.6,42.705,23.305
Сердика,2023-10-04,26.0,9.7,16.5,42.705,23.305
Сердика,2023-10-05,24.2,11.0,16.5,42.705,23.305
Сердика,2023-10-06,22.4,10.0,15.7,42.705,23.305
Сердика,2023-10-07,23.3,5.8,13.9,42.705,23.305
Сердика,2023-10-08,24.3,7.1,15.7,42.705,23.305
Сердика,2023-10-09,20.1,10.6,15.1,42.705,23.305
Сердика,2023-10-10,20.9,10.4,15.1,42.705,23.305
Сердика,2023-10-11,21.4,9.6,14.6,42.705,23.305
Сердика,2023-10-12,23.0,7.3,14.9,42.705,23.305
Сердика,2023-10-13,26.1,7.1,16.3,42.705,23.305
Сердика,2023-10-14,25.6,9.0,16.5,42.705,23.305
Сердика,2023-10-15,25.4,9.1,16.9,42.705,23.305
Сердика,2023-10-16,15.5,7.4,11.1,42.705,23.305
Сердика,2023-10-17,12.1,4.0,7.9,42.705,23.305
Сердика,2023-10-18,14.8,6.4,10.2,42.705,23.305
Сердика,2023-10-19,19.6,4.4,10.3,42.705,23.305
Сердика,2023-10-20,27.2,8.8,17.0,42.705,23.305
Сердика,2023-10-21,28.4,10.7,18.2,42.705,23.305
Сердика,2023-10-22,26.0,12.8,18.6,42.705,23.305
Сердика,2023-10-23,23.3,12.2,17.0,42.705,23.305
Сердика,2023-10-24,23.9,9.0,15.4,42.705,23.305
Сердика,2023-10-25,25.4,10.8,17.3,42.705,23.305
Сердика,2023-10-26,22.9,13.2,17.3,42.705,23.305
Сердика,2023-10-27,24.6,13.2,18.7,42.705,23.305
Сердика,2023-10-28,24.9,12.6,17.9,42.705,23.305
Сердика,2023-10-29,22.2,8.7,14.5,42.705,23.305
Сердика,2023-10-30,22.2,9.3,14.1,42.705,23.305
Сердика,2023-10-31,22.6,8.3,14.4,42.705,23.305
Сердика,2023-11-01,18.0,8.8,13.7,42.705,23.305
Сердика,2023-11-02,17.9,7.8,11.9,42.705,23.305
Сердика,2023-11-03,18.1,8.2,12.0,42.705,23.305
Сердика,2023-11-04,13.6,9.0,11.4,42.705,23.305
Сердика,2023-11-05,19.0,5.8,11.6,42.705,23.305
Сердика,2023-11-06,20.9,8.1,14.5,42.705,23.305
Сердика,2023-11-07,18.5,6.9,11.0,42.705,23.305
Сердика,2023-11-08,14.4,7.5,10.3,42.705,23.305
Сердика,2023-11-09,11.9,3.2,7.2,42.705,23.305
Сердика,2023-11-10,12.7,0.7,5.6,42.705,23.305
Сердика,2023-11-11,13.7,5.3,8.9,42.705,23.305
Сердика,2023-11-12,9.2,2.0,6.4,42.705,23.305
Сердика,2023-11-13,12.7,3.2,6.7,42.705,23.305
Сердика,2023-11-14,18.6,1.7,8.2,42.705,23.305
Сердика,2023-11-15,16.0,4.6,9.0,42.705,23.305
Сердика,2023-11-16,11.9,3.3,7.7,42.705,23.305
Сердика,2023-11-17,11.8,1.9,6.3,42.705,23.305
Сердика,2023-11-18,7.2,2.2,3.7,42.705,23.305
Сердика,2023-11-19,4.6,1.1,2.7,42.705,23.305
Сердика,2023-11-20,12.8,-2.0,4.1,42.705,23.305
Сердика,2023-11-21,10.3,-0.6,3.5,42.705,23.305
Сердика,2023-11-22,10.9,1.6,6.5,42.705,23.305
Сердика,2023-11-23,9.7,5.9,7.9,42.705,23.305
Сердика,2023-11-24,13.5,5.6,9.0,42.705,23.305
Сердика,2023-11-25,10.0,0.1,4.1,42.705,23.305
Сердика,2023-11-26,-0.1,-3.7,-1.8,42.705,23.305
Сердика,2023-11-27,1.3,-4.3,-2.1,42.705,23.305
Сердика,2023-11-28,1.5,-4.8,-0.8,42.705,23.305
Сердика,2023-11-29,5.0,-2.0,2.3,42.705,23.305
Сердика,2023-11-30,6.0,-3.9,-0.0,42.705,23.305
Сердика,2023-12-01,17.4,-0.9,8.3,42.705,23.305
Сердика,2023-12-02,14.8,4.8,10.4,42.705,23.305
Сердика,2023-12-03,9.3,0.9,5.8,42.705,23.305
Сердика,2023-12-04,2.9,-3.6,-0.9,42.705,23.305
Сердика,2023-12-05,3.7,-1.3,0.9,42.705,23.305
Сердика,2023-12-06,4.6,1.4,3.2,42.705,23.305
Сердика,2023-12-07,4.6,1.2,2.8,42.705,23.305
Сердика,2023-12-08,3.1,-0.8,1.1,42.705,23.305
Сердика,2023-12-09,3.2,-3.3,0.6,42.705,23.305
Сердика,2023-12-10,6.0,-4.3,0.0,42.705,23.305
Сердика,2023-12-11,8.6,-0.6,2.7,42.705,23.305
Сердика,2023-12-12,10.5,-0.8,3.8,42.705,23.305
Сердика,2023-12-13,11.2,0.8,4.5,42.705,23.305
Сердика,2023-12-14,13.1,2.7,6.4,42.705,23.305
Сердика,2023-12-15,6.4,2.1,4.7,42.705,23.305
Сердика,2023-12-16,2.1,0.2,1.1,42.705,23.305
Сердика,2023-12-17,3.9,-4.0,-0.6,42.705,23.305
Сердика,2023-12-18,9.5,-4.4,-0.3,42.705,23.305
Сердика,2023-12-19,9.8,-4.9,1.0,42.705,23.305
Сердика,2023-12-20,11.2,-5.2,0.7,42.705,23.305
Сердика,2023-12-21,6.0,-3.9,0.6,42.705,23.305
Сердика,2023-12-22,5.4,-3.3,1.8,42.705,23.305
Сердика,2023-12-23,6.8,-1.4,2.2,42.705,23.305
Сердика,2023-12-24,12.9,2.4,5.9,42.705,23.305
Сердика,2023-12-25,13.6,0.1,4.3,42.705,23.305
Сердика,2023-12-26,14.0,-1.9,3.3,42.705,23.305
Сердика,2023-12-27,11.9,-0.8,3.1,42.705,23.305
Сердика,2023-12-28,11.2,-3.3,2.5,42.705,23.305
Сердика,2023-12-29,11.0,-3.7,2.5,42.705,23.305
Сердика,2023-12-30,10.3,-3.2,1.2,42.705,23.305
Сердика,2023-12-31,8.1,-2.6,2.0,42.705,23.305
Слатина,2023-01-01,10.6,4.0,6.5,42.689,23.372
Слатина,2023-01-02,10.6,2.8,6.3,42.689,23.372
Слатина,2023-01-03,12.4,0.9,5.9,42.689,23.372
Слатина,2023-01-04,8.1,0.5,4.7,42.689,23.372
Слатина,2023-01-05,12.4,1.2,5.7,42.689,23.372
Слатина,2023-01-06,10.4,1.1,5.4,42.689,23.372
Слатина,2023-01-07,9.9,-0.1,4.2,42.689,23.372
Слатина,2023-01-08,8.4,-2.0,2.7,42.689,23.372
Слатина,2023-01-09,5.2,-2.1,0.7,42.689,23.372
Слатина,2023-01-10,4.8,0.3,2.7,42.689,23.372
Слатина,2023-01-11,5.1,-1.2,2.3,42.689,23.372
Слатина,2023-01-12,5.2,2.4,3.6,42.689,23.372
Слатина,2023-01-13,5.6,0.9,3.5,42.689,23.372
Слатина,2023-01-14,5.0,-1.4,1.9,42.689,23.372
Слатина,2023-01-15,7.8,-0.1,3.9,42.689,23.372
Слатина,2023-01-16,6.4,-1.1,1.9,42.689,23.372
Слатина,2023-01-17,14.4,1.8,6.5,42.689,23.372
Слатина,2023-01-18,17.0,5.8,10.1,42.689,23.372
Слатина,2023-01-19,18.5,5.2,10.8,42.689,23.372
Слатина,2023-01-20,10.2,1.8,6.5,42.689,23.372
Слатина,2023-01-21,9.2,-1.6,4.0,42.689,23.372
Слатина,2023-01-22,9.4,4.2,6.8,42.689,23.372
Слатина,2023-01-23,8.2,5.1,7.1,42.689,23.372
Слатина,2023-01-24,4.8,1.0,2.7,42.689,23.372
Слатина,2023-01-25,2.8,0.3,1.1,42.689,23.372
Слатина,2023-01-26,2.3,-1.1,0.2,42.689,23.372
Слатина,2023-01-27,3.4,0.1,1.2,42.689,23.372
Слатина,2023-01-28,3.4,-0.7,0.8,42.689,23.372
Слатина,2023-01-29,2.2,-1.1,0.4,42.689,23.372
Слатина,2023-01-30,2.5,-3.5,-0.8,42.689,23.372
Слатина,2023-01-31,3.3,-2.7,0.6,42.689,23.372
Слатина,2023-02-01,6.6,-1.9,1.4,42.689,23.372
Слатина,2023-02-02,7.7,-1.8,2.1,42.689,23.372
Слатина,2023-02-03,4.5,-2.6,1.1,42.689,23.372
Слатина,2023-02-04,4.7,-0.8,1.8,42.689,23.372
Слатина,2023-02-05,-0.6,-4.8,-3.1,42.689,23.372
Слатина,2023-02-06,-1.6,-7.7,-4.3,42.689,23.372
Слатина,2023-02-07,-0.1,-6.1,-3.6,42.689,23.372
Слатина,2023-02-08,-1.2,-7.4,-4.1,42.689,23.372
Слатина,2023-02-09,1.4,-7.6,-4.2,42.689,23.372
Слатина,2023-02-10,4.0,-7.4,-2.7,42.689,23.372
Слатина,2023-02-11,4.8,-6.4,-1.9,42.689,23.372
Слатина,2023-02-12,4.5,-4.1,0.5,42.689,23.372
Слатина,2023-02-13,6.7,-4.2,0.6,42.689,23.372
Слатина,2023-02-14,4.7,-2.0,0.9,42.689,23.372
Слатина,2023-02-15,7.0,-1.7,2.0,42.689,23.372
Слатина,2023-02-16,12.4,-2.3,3.5,42.689,23.372
Слатина,2023-02-17,14.4,-0.1,4.9,42.689,23.372
Слатина,2023-02-18,16.1,0.3,6.4,42.689,23.372
Слатина,2023-02-19,17.5,2.0,8.5,42.689,23.372
Слатина,2023-02-20,12.4,1.6,7.4,42.689,23.372
Слатина,2023-02-21,17.7,0.8,7.2,42.689,23.372
Слатина,2023-02-22,16.2,2.8,8.7,42.689,23.372
Слатина,2023-02-23,15.6,4.4,8.1,42.689,23.372
Слатина,2023-02-24,12.6,4.2,7.1,42.689,23.372
Слатина,2023-02-25,16.3,0.0,8.1,42.689,23.372
Слатина,2023-02-26,19.9,5.9,12.0,42.689,23.372
Слатина,2023-02-27,12.9,3.4,7.9,42.689,23.372
Слатина,2023-02-28,11.2,3.8,7.3,42.689,23.372
Слатина,2023-03-01,8.2,4.2,5.9,42.689,23.372
Слатина,2023-03-02,7.1,4.2,5.3,42.689,23.372
Слатина,2023-03-03,6.2,3.5,4.5,42.689,23.372
Слатина,2023-03-04,9.0,1.1,4.7,42.689,23.372
Слатина,2023-03-05,10.2,1.8,5.5,42.689,23.372
Слатина,2023-03-06,12.4,-2.6,5.3,42.689,23.372
Слатина,2023-03-07,14.5,-0.3,6.5,42.689,23.372
Слатина,2023-03-08,14.6,2.2,8.1,42.689,23.372
Слатина,2023-03-09,18.6,4.4,10.1,42.689,23.372
Слатина,2023-03-10,16.8,6.3,9.8,42.689,23.372
Слатина,2023-03-11,15.2,5.4,9.5,42.689,23.372
Слатина,2023-03-12,8.3,0.2,4.1,42.689,23.372
Слатина,2023-03-13,10.8,-3.5,3.7,42.689,23.372
Слатина,2023-03-14,15.4,-2.5,5.3,42.689,23.372
Слатина,2023-03-15,12.6,0.3,5.9,42.689,23.372
Слатина,2023-03-16,6.4,1.1,3.0,42.689,23.372
Слатина,2023-03-17,8.8,0.8,3.8,42.689,23.372
Слатина,2023-03-18,8.9,-2.4,3.5,42.689,23.372
Слатина,2023-03-19,15.1,-0.6,6.2,42.689,23.372
Слатина,2023-03-20,19.4,3.3,10.1,42.689,23.372
Слатина,2023-03-21,16.2,7.2,11.1,42.689,23.372
Слатина,2023-03-22,13.1,6.4,9.3,42.689,23.372
Слатина,2023-03-23,15.4,2.5,8.4,42.689,23.372
Слатина,2023-03-24,18.9,4.5,10.5,42.689,23.372
Слатина,2023-03-25,20.2,7.6,12.4,42.689,23.372
Слатина,2023-03-26,15.9,6.2,10.4,42.689,23.372
Слатина,2023-03-27,16.5,3.2,8.6,42.689,23.372
Слатина,2023-03-28,6.2,0.4,3.1,42.689,23.372
Слатина,2023-03-29,7.8,-1.5,2.6,42.689,23.372
Слатина,2023-03-30,14.0,0.2,7.1,42.689,23.372
Слатина,2023-03-31,17.7,5.5,10.9,42.689,23.372
Слатина,2023-04-01,17.2,6.6,10.6,42.689,23.372
Слатина,2023-04-02,15.8,3.8,9.5,42.689,23.372
Слатина,2023-04-03,15.2,4.1,8.5,42.689,23.372
Слатина,2023-04-04,8.6,1.3,6.0,42.689,23.372
Слатина,2023-04-05,5.3,-0.3,2.1,42.689,23.372
Слатина,2023-04-06,6.5,-1.4,2.2,42.689,23.372
Слатина,2023-04-07,9.0,-2.5,3.6,42.689,23.372
Слатина,2023-04-08,11.6,0.7,6.1,42.689,23.372
Слатина,2023-04-09,12.1,4.5,7.7,42.689,23.372
Слатина,2023-04-10,10.6,4.2,7.4,42.689,23.372
Слатина,2023-04-11,13.1,4.5,8.3,42.689,23.372
Слатина,2023-04-12,12.9,5.2,9.0,42.689,23.372
Слатина,2023-04-13,20.3,3.1,10.7,42.689,23.372
Слатина,2023-04-14,20.8,6.4,11.1,42.689,23.372
Слатина,2023-04-15,17.3,3.3,10.7,42.689,23.372
Слатина,2023-04-16,17.4,5.6,11.3,42.689,23.372
Слатина,2023-04-17,15.9,7.4,10.4,42.689,23.372
Слатина,2023-04-18,13.7,8.6,10.4,42.689,23.372
Слатина,2023-04-19,14.9,6.1,10.1,42.689,23.372
Слатина,2023-04-20,14.1,4.9,9.4,42.689,23.372
Слатина,2023-04-21,15.7,4.1,10.5,42.689,23.372
Слатина,2023-04-22,15.9,6.4,10.9,42.689,23.372
Слатина,2023-04-23,16.6,4.5,10.5,42.689,23.372
Слатина,2023-04-24,19.9,5.1,11.3,42.689,23.372
Слатина,2023-04-25,15.3,7.5,11.4,42.689,23.372
Слатина,2023-04-26,14.8,5.4,10.1,42.689,23.372
Слатина,2023-04-27,12.4,4.2,8.8,42.689,23.372
Слатина,2023-04-28,15.9,2.5,8.4,42.689,23.372
Слатина,2023-04-29,15.6,4.4,10.0,42.689,23.372
Слатина,2023-04-30,17.5,7.5,12.6,42.689,23.372
Слатина,2023-05-01,18.8,6.4,12.7,42.689,23.372
Слатина,2023-05-02,19.5,6.8,13.2,42.689,23.372
Слатина,2023-05-03,17.6,9.5,12.3,42.689,23.372
Слатина,2023-05-04,14.6,9.0,11.4,42.689,23.372
Слатина,2023-05-05,17.3,6.1,12.0,42.689,23.372
Слатина,2023-05-06,18.1,6.8,12.9,42.689,23.372
Слатина,2023-05-07,21.5,9.1,14.6,42.689,23.372
Слатина,2023-05-08,20.0,8.9,14.0,42.689,23.372
Слатина,2023-05-09,13.7,9.8,11.6,42.689,23.372
Слатина,2023-05-10,10.7,7.7,9.0,42.689,23.372
Слатина,2023-05-11,13.6,7.4,10.4,42.689,23.372
Слатина,2023-05-12,14.9,6.8,10.1,42.689,23.372
Слатина,2023-05-13,18.5,7.6,12.8,42.689,23.372
Слатина,2023-05-14,14.5,10.8,12.0,42.689,23.372
Слатина,2023-05-15,17.1,9.2,12.8,42.689,23.372
Слатина,2023-05-16,20.5,12.2,15.3,42.689,23.372
Слатина,2023-05-17,19.6,11.4,14.8,42.689,23.372
Слатина,2023-05-18,15.1,11.1,12.7,42.689,23.372
Слатина,2023-05-19,19.9,8.1,14.2,42.689,23.372
Слатина,2023-05-20,20.2,10.8,15.4,42.689,23.372
Слатина,2023-05-21,20.4,11.3,15.3,42.689,23.372
Слатина,2023-05-22,19.8,10.4,15.1,42.689,23.372
Слатина,2023-05-23,21.5,8.2,15.9,42.689,23.372
Слатина,2023-05-24,23.4,7.9,17.1,42.689,23.372
Слатина,2023-05-25,20.8,11.6,16.7,42.689,23.372
Слатина,2023-05-26,20.7,10.1,16.4,42.689,23.372
Слатина,2023-05-27,20.6,9.6,16.1,42.689,23.372
Слатина,2023-05-28,18.9,10.2,15.4,42.689,23.372
Слатина,2023-05-29,20.7,12.8,16.4,42.689,23.372
Слатина,2023-05-30,21.8,12.2,17.1,42.689,23.372
Слатина,2023-05-31,22.3,12.7,17.6,42.689,23.372
Слатина,2023-06-01,23.7,12.8,17.6,42.689,23.372
Слатина,2023-06-02,23.8,13.1,18.4,42.689,23.372
Слатина,2023-06-03,20.8,13.1,17.2,42.689,23.372
Слатина,2023-06-04,20.8,14.0,16.8,42.689,23.372
Слатина,2023-06-05,22.5,11.2,17.2,42.689,23.372
Слатина,2023-06-06,23.3,12.4,17.6,42.689,23.372
Слатина,2023-06-07,22.6,12.4,18.0,42.689,23.372
Слатина,2023-06-08,24.7,12.6,18.8,42.689,23.372
Слатина,2023-06-09,25.0,12.4,18.7,42.689,23.372
Слатина,2023-06-10,23.7,14.7,18.6,42.689,23.372
Слатина,2023-06-11,23.8,14.1,19.0,42.689,23.372
Слатина,2023-06-12,24.6,14.3,18.4,42.689,23.372
Слатина,2023-06-13,19.8,14.3,17.1,42.689,23.372
Слатина,2023-06-14,22.6,14.4,18.5,42.689,23.372
Слатина,2023-06-15,21.5,14.8,18.3,42.689,23.372
Слатина,2023-06-16,23.0,15.7,18.5,42.689,23.372
Слатина,2023-06-17,20.2,14.9,16.7,42.689,23.372
Слатина,2023-06-18,21.6,14.2,17.4,42.689,23.372
Слатина,2023-06-19,25.2,12.5,19.0,42.689,23.372
Слатина,2023-06-20,25.4,12.9,20.0,42.689,23.372
Слатина,2023-06-21,27.3,15.9,21.6,42.689,23.372
Слатина,2023-06-22,28.4,15.8,22.3,42.689,23.372
Слатина,2023-06-23,29.6,17.8,23.4,42.689,23.372
Слатина,2023-06-24,29.2,16.1,22.7,42.689,23.372
Слатина,2023-06-25,25.0,16.9,20.0,42.689,23.372
Слатина,2023-06-26,24.5,16.0,20.3,42.689,23.372
Слатина,2023-06-27,25.7,14.4,20.4,42.689,23.372
Слатина,2023-06-28,25.3,14.7,19.4,42.689,23.372
Слатина,2023-06-29,21.5,12.9,17.2,42.689,23.372
Слатина,2023-06-30,26.0,13.4,19.1,42.689,23.372
Слатина,2023-07-01,27.2,14.8,21.0,42.689,23.372
Слатина,2023-07-02,23.5,15.9,20.0,42.689,23.372
Слатина,2023-07-03,27.1,15.4,21.6,42.689,23.372
Слатина,2023-07-04,28.9,16.6,23.0,42.689,23.372
Слатина,2023-07-05,26.8,19.1,22.1,42.689,23.372
Слатина,2023-07-06,25.8,16.1,21.0,42.689,23.372
Слатина,2023-07-07,26.7,16.8,21.0,42.689,23.372
Слатина,2023-07-08,25.4,16.1,20.8,42.689,23.372
Слатина,2023-07-09,27.1,13.6,20.6,42.689,23.372
Слатина,2023-07-10,28.1,14.5,22.0,42.689,23.372
Слатина,2023-07-11,29.6,15.8,23.4,42.689,23.372
Слатина,2023-07-12,33.2,19.6,26.1,42.689,23.372
Слатина,2023-07-13,36.0,20.6,27.9,42.689,23.372
Слатина,2023-07-14,32.5,19.5,26.5,42.689,23.372
Слатина,2023-07-15,32.2,20.0,25.9,42.689,23.372
Слатина,2023-07-16,32.5,19.5,26.5,42.689,23.372
Слатина,2023-07-17,33.8,21.0,27.9,42.689,23.372
Слатина,2023-07-18,33.5,21.5,27.8,42.689,23.372
Слатина,2023-07-19,33.4,19.0,26.6,42.689,23.372
Слатина,2023-07-20,32.0,18.6,25.5,42.689,23.372
Слатина,2023-07-21,33.4,18.5,25.7,42.689,23.372
Слатина,2023-07-22,36.0,19.1,27.3,42.689,23.372
Слатина,2023-07-23,31.1,20.8,26.0,42.689,23.372
Слатина,2023-07-24,33.5,18.7,26.0,42.689,23.372
Слатина,2023-07-25,38.3,20.2,29.2,42.689,23.372
Слатина,2023-07-26,35.3,20.8,27.4,42.689,23.372
Слатина,2023-07-27,23.0,16.5,19.8,42.689,23.372
Слатина,2023-07-28,29.6,12.9,20.8,42.689,23.372
Слатина,2023-07-29,31.3,16.6,24.4,42.689,23.372
Слатина,2023-07-30,32.0,18.6,25.6,42.689,23.372
Слатина,2023-07-31,28.0,19.3,23.5,42.689,23.372
Слатина,2023-08-01,30.1,16.0,23.2,42.689,23.372
Слатина,2023-08-02,31.6,18.9,25.2,42.689,23.372
Слатина,2023-08-03,35.7,20.0,27.9,42.689,23.372
Слатина,2023-08-04,36.0,22.2,29.5,42.689,23.372
Слатина,2023-08-05,34.0,22.1,28.1,42.689,23.372
Слатина,2023-08-06,26.5,17.5,22.1,42.689,23.372
Слатина,2023-08-07,27.0,15.1,20.2,42.689,23.372
Слатина,2023-08-08,23.1,15.1,18.6,42.689,23.372
Слатина,2023-08-09,27.0,11.2,18.6,42.689,23.372
Слатина,2023-08-10,21.8,16.0,18.5,42.689,23.372
Слатина,2023-08-11,25.6,12.8,19.1,42.689,23.372
Слатина,2023-08-12,27.0,12.6,20.4,42.689,23.372
Слатина,2023-08-13,27.2,18.1,22.5,42.689,23.372
Слатина,2023-08-14,28.5,15.5,22.8,42.689,23.372
Слатина,2023-08-15,25.2,19.2,22.0,42.689,23.372
Слатина,2023-08-16,27.9,18.6,22.9,42.689,23.372
Слатина,2023-08-17,32.0,17.1,24.7,42.689,23.372
Слатина,2023-08-18,33.1,18.2,25.9,42.689,23.372
Слатина,2023-08-19,31.5,18.3,25.0,42.689,23.372
Слатина,2023-08-20,31.9,18.2,25.2,42.689,23.372
Слатина,2023-08-21,33.0,18.5,26.7,42.689,23.372
Слатина,2023-08-22,33.0,19.0,26.5,42.689,23.372
Слатина,2023-08-23,33.2,21.9,27.7,42.689,23.372
Слатина,2023-08-24,31.1,19.2,26.3,42.689,23.372
Слатина,2023-08-25,32.6,19.2,25.4,42.689,23.372
Слатина,2023-08-26,33.5,20.7,26.4,42.689,23.372
Слатина,2023-08-27,33.0,18.5,25.7,42.689,23.372
Слатина,2023-08-28,34.1,17.9,25.6,42.689,23.372
Слатина,2023-08-29,29.5,19.5,23.7,42.689,23.372
Слатина,2023-08-30,28.4,17.1,22.3,42.689,23.372
Слатина,2023-08-31,27.5,16.0,21.3,42.689,23.372
Слатина,2023-09-01,27.8,14.0,20.7,42.689,23.372
Слатина,2023-09-02,28.2,15.1,22.0,42.689,23.372
Слатина,2023-09-03,28.8,16.4,22.3,42.689,23.372
Слатина,2023-09-04,21.1,14.8,16.4,42.689,23.372
Слатина,2023-09-05,22.0,15.5,18.1,42.689,23.372
Слатина,2023-09-06,24.0,13.9,19.5,42.689,23.372
Слатина,2023-09-07,24.6,16.7,20.7,42.689,23.372
Слатина,2023-09-08,24.9,14.1,20.2,42.689,23.372
Слатина,2023-09-09,25.9,14.1,19.4,42.689,23.372
Слатина,2023-09-10,26.1,13.9,19.9,42.689,23.372
Слатина,2023-09-11,26.0,11.0,19.0,42.689,23.372
Слатина,2023-09-12,28.1,13.1,19.8,42.689,23.372
Слатина,2023-09-13,30.6,13.4,21.1,42.689,23.372
Слатина,2023-09-14,30.0,15.9,22.4,42.689,23.372
Слатина,2023-09-15,27.5,15.4,21.0,42.689,23.372
Слатина,2023-09-16,23.5,16.5,19.3,42.689,23.372
Слатина,2023-09-17,24.2,15.9,19.4,42.689,23.372
Слатина,2023-09-18,24.9,15.8,19.8,42.689,23.372
Слатина,2023-09-19,24.3,12.2,18.3,42.689,23.372
Слатина,2023-09-20,26.4,15.0,20.1,42.689,23.372
Слатина,2023-09-21,27.4,15.4,20.5,42.689,23.372
Слатина,2023-09-22,29.5,14.6,21.0,42.689,23.372
Слатина,2023-09-23,32.2,15.6,22.6,42.689,23.372
Слатина,2023-09-24,28.2,17.4,22.2,42.689,23.372
Слатина,2023-09-25,24.1,17.6,20.6,42.689,23.372
Слатина,2023-09-26,23.2,14.2,19.2,42.689,23.372
Слатина,2023-09-27,23.6,13.4,18.3,42.689,23.372
Слатина,2023-09-28,23.4,12.9,18.5,42.689,23.372
Слатина,2023-09-29,24.8,12.4,18.4,42.689,23.372
Слатина,2023-09-30,25.0,10.9,18.3,42.689,23.372
Слатина,2023-10-01,24.0,10.9,17.1,42.689,23.372
Слатина,2023-10-02,22.1,12.6,16.6,42.689,23.372
Слатина,2023-10-03,22.4,9.5,15.6,42.689,23.372
Слатина,2023-10-04,26.0,10.0,17.4,42.689,23.372
Слатина,2023-10-05,24.4,12.0,17.6,42.689,23.372
Слатина,2023-10-06,22.5,11.1,16.9,42.689,23.372
Слатина,2023-10-07,24.0,8.6,15.1,42.689,23.372
Слатина,2023-10-08,24.6,7.8,16.4,42.689,23.372
Слатина,2023-10-09,20.7,11.9,16.3,42.689,23.372
Слатина,2023-10-10,21.4,11.5,16.1,42.689,23.372
Слатина,2023-10-11,21.5,9.3,15.1,42.689,23.372
Слатина,2023-10-12,23.0,6.8,14.3,42.689,23.372
Слатина,2023-10-13,26.2,11.8,17.6,42.689,23.372
Слатина,2023-10-14,25.9,11.8,17.4,42.689,23.372
Слатина,2023-10-15,26.4,12.6,17.8,42.689,23.372
Слатина,2023-10-16,15.7,7.7,11.5,42.689,23.372
Слатина,2023-10-17,12.1,4.8,8.3,42.689,23.372
Слатина,2023-10-18,15.1,5.7,10.5,42.689,23.372
Слатина,2023-10-19,18.6,4.1,10.2,42.689,23.372
Слатина,2023-10-20,27.8,8.1,16.4,42.689,23.372
Слатина,2023-10-21,29.1,9.9,17.7,42.689,23.372
Слатина,2023-10-22,26.6,12.6,18.9,42.689,23.372
Слатина,2023-10-23,23.8,14.6,18.4,42.689,23.372
Слатина,2023-10-24,23.5,12.1,16.6,42.689,23.372
Слатина,2023-10-25,25.9,10.5,17.2,42.689,23.372
Слатина,2023-10-26,23.6,11.6,16.9,42.689,23.372
Слатина,2023-10-27,25.0,12.1,17.8,42.689,23.372
Слатина,2023-10-28,25.3,13.7,18.3,42.689,23.372
Слатина,2023-10-29,22.5,12.1,16.2,42.689,23.372
Слатина,2023-10-30,21.9,10.1,14.5,42.689,23.372
Слатина,2023-10-31,22.7,7.4,14.4,42.689,23.372
Слатина,2023-11-01,18.9,9.9,14.1,42.689,23.372
Слатина,2023-11-02,17.4,9.1,12.6,42.689,23.372
Слатина,2023-11-03,18.7,8.3,12.8,42.689,23.372
Слатина,2023-11-04,13.1,9.6,11.7,42.689,23.372
Слатина,2023-11-05,19.5,4.9,11.4,42.689,23.372
Слатина,2023-11-06,20.8,9.2,14.2,42.689,23.372
Слатина,2023-11-07,18.0,8.1,12.6,42.689,23.372
Слатина,2023-11-08,14.4,7.6,10.6,42.689,23.372
Слатина,2023-11-09,11.9,2.8,7.5,42.689,23.372
Слатина,2023-11-10,12.8,0.9,5.9,42.689,23.372
Слатина,2023-11-11,15.2,5.7,9.6,42.689,23.372
Слатина,2023-11-12,9.1,4.1,6.8,42.689,23.372
Слатина,2023-11-13,12.9,3.6,7.7,42.689,23.372
Слатина,2023-11-14,19.0,4.4,10.5,42.689,23.372
Слатина,2023-11-15,16.6,6.1,10.1,42.689,23.372
Слатина,2023-11-16,12.4,4.4,8.6,42.689,23.372
Слатина,2023-11-17,12.3,2.5,6.9,42.689,23.372
Слатина,2023-11-18,7.6,2.7,4.1,42.689,23.372
Слатина,2023-11-19,5.6,1.4,3.2,42.689,23.372
Слатина,2023-11-20,13.6,0.7,5.9,42.689,23.372
Слатина,2023-11-21,11.0,2.8,5.5,42.689,23.372
Слатина,2023-11-22,11.1,2.0,7.0,42.689,23.372
Слатина,2023-11-23,10.2,5.8,8.1,42.689,23.372
Слатина,2023-11-24,13.1,5.2,8.5,42.689,23.372
Слатина,2023-11-25,8.6,0.4,4.1,42.689,23.372
Слатина,2023-11-26,0.2,-2.7,-1.2,42.689,23.372
Слатина,2023-11-27,3.0,-3.9,-1.0,42.689,23.372
Слатина,2023-11-28,2.4,-5.3,-0.2,42.689,23.372
Слатина,2023-11-29,5.4,-2.0,3.0,42.689,23.372
Слатина,2023-11-30,6.4,-2.6,0.6,42.689,23.372
Слатина,2023-12-01,16.5,0.8,7.8,42.689,23.372
Слатина,2023-12-02,12.4,5.3,8.5,42.689,23.372
Слатина,2023-12-03,8.8,1.5,5.8,42.689,23.372
Слатина,2023-12-04,2.9,-2.5,-0.4,42.689,23.372
Слатина,2023-12-05,4.4,-0.8,1.6,42.689,23.372
Слатина,2023-12-06,4.7,1.8,3.4,42.689,23.372
Слатина,2023-12-07,4.8,1.5,3.1,42.689,23.372
Слатина,2023-12-08,3.2,0.2,1.6,42.689,23.372
Слатина,2023-12-09,3.7,-3.2,1.0,42.689,23.372
Слатина,2023-12-10,5.3,-3.2,0.4,42.689,23.372
Слатина,2023-12-11,8.9,0.2,3.7,42.689,23.372
Слатина,2023-12-12,11.1,1.5,5.3,42.689,23.372
Слатина,2023-12-13,10.2,0.6,5.0,42.689,23.372
Слатина,2023-12-14,13.4,3.5,6.6,42.689,23.372
Слатина,2023-12-15,6.6,2.2,5.2,42.689,23.372
Слатина,2023-12-16,2.7,-0.6,1.5,42.689,23.372
Слатина,2023-12-17,4.3,-3.6,-0.3,42.689,23.372
Слатина,2023-12-18,9.6,-3.0,1.0,42.689,23.372
Слатина,2023-12-19,10.0,-2.8,3.0,42.689,23.372
Слатина,2023-12-20,9.4,-0.3,3.3,42.689,23.372
Слатина,2023-12-21,6.8,-2.5,1.7,42.689,23.372
Слатина,2023-12-22,5.8,-1.2,2.3,42.689,23.372
Слатина,2023-12-23,7.6,-1.6,2.3,42.689,23.372
Слатина,2023-12-24,13.5,2.3,6.9,42.689,23.372
Слатина,2023-12-25,13.7,2.5,7.3,42.689,23.372
Слатина,2023-12-26,13.1,0.8,7.4,42.689,23.372
Слатина,2023-12-27,12.1,0.0,4.2,42.689,23.372
Слатина,2023-12-28,10.3,1.0,5.2,42.689,23.372
Слатина,2023-12-29,10.2,1.6,5.8,42.689,23.372
Слатина,2023-12-30,10.4,1.0,4.1,42.689,23.372
Слатина,2023-12-31,7.8,1.8,4.2,42.689,23.372
Средец,2023-01-01,10.3,3.7,6.3,42.6977,23.3219
Средец,2023-01-02,10.3,2.5,6.1,42.6977,23.3219
Средец,2023-01-03,12.1,0.6,5.6,42.6977,23.3219
Средец,2023-01-04,7.8,0.2,4.5,42.6977,23.3219
Средец,2023-01-05,12.1,1.0,5.4,42.6977,23.3219
Средец,2023-01-06,10.2,0.8,5.2,42.6977,23.3219
Средец,2023-01-07,9.7,-0.4,3.9,42.6977,23.3219
Средец,2023-01-08,8.1,-2.2,2.4,42.6977,23.3219
Средец,2023-01-09,4.9,-2.4,0.4,42.6977,23.3219
Средец,2023-01-10,4.6,0.0,2.4,42.6977,23.3219
Средец,2023-01-11,4.8,-1.5,2.1,42.6977,23.3219
Средец,2023-01-12,5.0,2.1,3.3,42.6977,23.3219
Средец,2023-01-13,5.3,0.6,3.2,42.6977,23.3219
Средец,2023-01-14,4.7,-1.6,1.7,42.6977,23.3219
Средец,2023-01-15,7.6,-0.3,3.6,42.6977,23.3219
Средец,2023-01-16,6.2,-1.4,1.6,42.6977,23.3219
Средец,2023-01-17,14.1,1.5,6.2,42.6977,23.3219
Средец,2023-01-18,16.7,5.5,9.9,42.6977,23.3219
Средец,2023-01-19,18.2,5.0,10.5,42.6977,23.3219
Средец,2023-01-20,9.9,1.5,6.3,42.6977,23.3219
Средец,2023-01-21,8.9,-1.9,3.8,42.6977,23.3219
Средец,2023-01-22,9.1,3.9,6.6,42.6977,23.3219
Средец,2023-01-23,8.0,4.8,6.9,42.6977,23.3219
Средец,2023-01-24,4.5,0.7,2.4,42.6977,23.3219
Средец,2023-01-25,2.5,0.1,0.9,42.6977,23.3219
Средец,2023-01-26,2.0,-1.4,-0.1,42.6977,23.3219
Средец,2023-01-27,3.1,-0.2,1.0,42.6977,23.3219
Средец,2023-01-28,3.1,-1.0,0.5,42.6977,23.3219
Средец,2023-01-29,2.0,-1.4,0.2,42.6977,23.3219
Средец,2023-01-30,2.2,-3.8,-1.0,42.6977,23.3219
Средец,2023-01-31,3.1,-2.9,0.4,42.6977,23.3219
Средец,2023-02-01,6.3,-2.2,1.2,42.6977,23.3219
Средец,2023-02-02,7.4,-2.0,1.9,42.6977,23.3219
Средец,2023-02-03,4.2,-2.9,0.9,42.6977,23.3219
Средец,2023-02-04,4.4,-1.0,1.5,42.6977,23.3219
Средец,2023-02-05,-0.9,-5.1,-3.4,42.6977,23.3219
Средец,2023-02-06,-1.9,-8.0,-4.6,42.6977,23.3219
Средец,2023-02-07,-0.3,-6.4,-3.8,42.6977,23.3219
Средец,2023-02-08,-1.5,-7.7,-4.4,42.6977,23.3219
Средец,2023-02-09,1.1,-7.8,-4.5,42.6977,23.3219
Средец,2023-02-10,3.7,-7.7,-2.9,42.6977,23.3219
Средец,2023-02-11,4.5,-6.7,-2.2,42.6977,23.3219
Средец,2023-02-12,4.2,-4.4,0.2,42.6977,23.3219
Средец,2023-02-13,6.4,-4.4,0.4,42.6977,23.3219
Средец,2023-02-14,4.4,-2.2,0.6,42.6977,23.3219
Средец,2023-02-15,6.7,-2.0,1.7,42.6977,23.3219
Средец,2023-02-16,12.1,-2.6,3.3,42.6977,23.3219
Средец,2023-02-17,14.2,-0.4,4.6,42.6977,23.3219
Средец,2023-02-18,15.8,0.1,6.1,42.6977,23.3219
Средец,2023-02-19,17.2,1.8,8.2,42.6977,23.3219
Средец,2023-02-20,12.1,1.3,7.2,42.6977,23.3219
Средец,2023-02-21,17.4,0.5,7.0,42.6977,23.3219
Средец,2023-02-22,15.9,2.6,8.4,42.6977,23.3219
Средец,2023-02-23,15.4,4.1,7.8,42.6977,23.3219
Средец,2023-02-24,12.4,3.9,6.8,42.6977,23.3219
Средец,2023-02-25,16.0,-0.3,7.8,42.6977,23.3219
Средец,2023-02-26,19.6,5.7,11.7,42.6977,23.3219
Средец,2023-02-27,12.7,3.1,7.6,42.6977,23.3219
Средец,2023-02-28,10.9,3.6,7.1,42.6977,23.3219
Средец,2023-03-01,7.9,3.9,5.6,42.6977,23.3219
Средец,2023-03-02,6.8,3.9,5.0,42.6977,23.3219
Средец,2023-03-03,5.9,3.2,4.3,42.6977,23.3219
Средец,2023-03-04,8.7,0.8,4.5,42.6977,23.3219
Средец,2023-03-05,9.9,1.5,5.2,42.6977,23.3219
Средец,2023-03-06,12.2,-2.9,5.0,42.6977,23.3219
Средец,2023-03-07,14.2,-0.6,6.2,42.6977,23.3219
Средец,2023-03-08,14.4,1.9,7.9,42.6977,23.3219
Средец,2023-03-09,18.4,4.2,9.9,42.6977,23.3219
Средец,2023-03-10,16.5,6.1,9.5,42.6977,23.3219
Средец,2023-03-11,15.0,5.1,9.2,42.6977,23.3219
Средец,2023-03-12,8.0,-0.1,3.9,42.6977,23.3219
Средец,2023-03-13,10.5,-3.7,3.4,42.6977,23.3219
Средец,2023-03-14,15.2,-2.8,5.1,42.6977,23.3219
Средец,2023-03-15,12.3,0.1,5.7,42.6977,23.3219
Средец,2023-03-16,6.2,0.9,2.7,42.6977,23.3219
Средец,2023-03-17,8.5,0.5,3.5,42.6977,23.3219
Средец,2023-03-18,8.6,-2.7,3.2,42.6977,23.3219
Средец,2023-03-19,14.8,-0.9,6.0,42.6977,23.3219
Средец,2023-03-20,19.1,3.1,9.9,42.6977,23.3219
Средец,2023-03-21,15.9,6.9,10.8,42.6977,23.3219
Средец,2023-03-22,12.9,6.1,9.1,42.6977,23.3219
Средец,2023-03-23,15.1,2.2,8.1,42.6977,23.3219
Средец,2023-03-24,18.6,4.2,10.3,42.6977,23.3219
Средец,2023-03-25,19.9,7.3,12.1,42.6977,23.3219
Средец,2023-03-26,15.7,6.0,10.1,42.6977,23.3219
Средец,2023-03-27,16.3,2.9,8.3,42.6977,23.3219
Средец,2023-03-28,5.9,0.1,2.8,42.6977,23.3219
Средец,2023-03-29,7.5,-1.7,2.3,42.6977,23.3219
Средец,2023-03-30,13.7,-0.0,6.8,42.6977,23.3219
Средец,2023-03-31,17.4,5.2,10.7,42.6977,23.3219
Средец,2023-04-01,16.9,6.3,10.4,42.6977,23.3219
Средец,2023-04-02,15.5,3.6,9.3,42.6977,23.3219
Средец,2023-04-03,15.0,3.8,8.3,42.6977,23.3219
Средец,2023-04-04,8.4,1.0,5.8,42.6977,23.3219
Средец,2023-04-05,5.1,-0.6,1.9,42.6977,23.3219
Средец,2023-04-06,6.2,-1.7,1.9,42.6977,23.3219
Средец,2023-04-07,8.7,-2.7,3.3,42.6977,23.3219
Средец,2023-04-08,11.3,0.4,5.9,42.6977,23.3219
Средец,2023-04-09,11.9,4.2,7.4,42.6977,23.3219
Средец,2023-04-10,10.3,4.0,7.1,42.6977,23.3219
Средец,2023-04-11,12.8,4.2,8.1,42.6977,23.3219
Средец,2023-04-12,12.7,4.9,8.7,42.6977,23.3219
Средец,2023-04-13,20.0,2.8,10.4,42.6977,23.3219
Средец,2023-04-14,20.5,6.1,10.9,42.6977,23.3219
Средец,2023-04-15,17.0,3.1,10.5,42.6977,23.3219
Средец,2023-04-16,17.1,5.3,11.1,42.6977,23.3219
Средец,2023-04-17,15.6,7.1,10.2,42.6977,23.3219
Средец,2023-04-18,13.4,8.3,10.1,42.6977,23.3219
Средец,2023-04-19,14.7,5.8,9.8,42.6977,23.3219
Средец,2023-04-20,13.8,4.6,9.2,42.6977,23.3219
Средец,2023-04-21,15.4,3.8,10.3,42.6977,23.3219
Средец,2023-04-22,15.6,6.2,10.6,42.6977,23.3219
Средец,2023-04-23,16.4,4.2,10.3,42.6977,23.3219
Средец,2023-04-24,19.6,4.8,11.0,42.6977,23.3219
Средец,2023-04-25,15.0,7.2,11.1,42.6977,23.3219
Средец,2023-04-26,14.5,5.2,9.8,42.6977,23.3219
Средец,2023-04-27,12.1,3.9,8.5,42.6977,23.3219
Средец,2023-04-28,15.6,2.2,8.1,42.6977,23.3219
Средец,2023-04-29,15.3,4.1,9.8,42.6977,23.3219
Средец,2023-04-30,17.2,7.2,12.3,42.6977,23.3219
Средец,2023-05-01,18.5,6.1,12.5,42.6977,23.3219
Средец,2023-05-02,19.2,6.5,12.9,42.6977,23.3219
Средец,2023-05-03,17.3,9.2,12.1,42.6977,23.3219
Средец,2023-05-04,14.3,8.7,11.1,42.6977,23.3219
Средец,2023-05-05,17.0,5.8,11.8,42.6977,23.3219
Средец,2023-05-06,17.9,6.6,12.7,42.6977,23.3219
Средец,2023-05-07,21.2,8.8,14.3,42.6977,23.3219
Средец,2023-05-08,19.8,8.6,13.7,42.6977,23.3219
Средец,2023-05-09,13.4,9.5,11.3,42.6977,23.3219
Средец,2023-05-10,10.4,7.4,8.7,42.6977,23.3219
Средец,2023-05-11,13.3,7.2,10.2,42.6977,23.3219
Средец,2023-05-12,14.6,6.5,9.9,42.6977,23.3219
Средец,2023-05-13,18.3,7.3,12.5,42.6977,23.3219
Средец,2023-05-14,14.2,10.5,11.7,42.6977,23.3219
Средец,2023-05-15,16.9,8.9,12.6,42.6977,23.3219
Средец,2023-05-16,20.2,11.9,15.0,42.6977,23.3219
Средец,2023-05-17,19.4,11.2,14.5,42.6977,23.3219
Средец,2023-05-18,14.8,10.8,12.5,42.6977,23.3219
Средец,2023-05-19,19.6,7.8,14.0,42.6977,23.3219
Средец,2023-05-20,19.9,10.5,15.1,42.6977,23.3219
Средец,2023-05-21,20.1,11.0,15.1,42.6977,23.3219
Средец,2023-05-22,19.5,10.1,14.9,42.6977,23.3219
Средец,2023-05-23,21.2,7.9,15.6,42.6977,23.3219
Средец,2023-05-24,23.1,7.6,16.8,42.6977,23.3219
Средец,2023-05-25,20.5,11.3,16.5,42.6977,23.3219
Средец,2023-05-26,20.4,9.9,16.2,42.6977,23.3219
Средец,2023-05-27,20.3,9.3,15.9,42.6977,23.3219
Средец,2023-05-28,18.6,9.9,15.2,42.6977,23.3219
Средец,2023-05-29,20.4,12.5,16.1,42.6977,23.3219
Средец,2023-05-30,21.5,11.9,16.8,42.6977,23.3219
Средец,2023-05-31,22.0,12.4,17.3,42.6977,23.3219
Средец,2023-06-01,23.4,12.5,17.4,42.6977,23.3219
Средец,2023-06-02,23.5,12.9,18.1,42.6977,23.3219
Средец,2023-06-03,20.5,12.8,16.9,42.6977,23.3219
Средец,2023-06-04,20.5,13.7,16.6,42.6977,23.3219
Средец,2023-06-05,22.3,10.9,17.0,42.6977,23.3219
Средец,2023-06-06,23.0,12.1,17.4,42.6977,23.3219
Средец,2023-06-07,22.3,12.2,17.7,42.6977,23.3219
Средец,2023-06-08,24.4,12.3,18.5,42.6977,23.3219
Средец,2023-06-09,24.8,12.1,18.5,42.6977,23.3219
Средец,2023-06-10,23.4,14.4,18.4,42.6977,23.3219
Средец,2023-06-11,23.5,13.8,18.7,42.6977,23.3219
Средец,2023-06-12,24.4,14.0,18.1,42.6977,23.3219
Средец,2023-06-13,19.5,14.0,16.8,42.6977,23.3219
Средец,2023-06-14,22.3,14.1,18.2,42.6977,23.3219
Средец,2023-06-15,21.3,14.5,18.0,42.6977,23.3219
Средец,2023-06-16,22.7,15.4,18.2,42.6977,23.3219
Средец,2023-06-17,19.9,14.6,16.4,42.6977,23.3219
Средец,2023-06-18,21.3,14.0,17.2,42.6977,23.3219
Средец,2023-06-19,25.0,12.2,18.7,42.6977,23.3219
Средец,2023-06-20,25.1,12.6,19.8,42.6977,23.3219
Средец,2023-06-21,27.0,15.6,21.4,42.6977,23.3219
Средец,2023-06-22,28.1,15.5,22.1,42.6977,23.3219
Средец,2023-06-23,29.4,17.5,23.1,42.6977,23.3219
Средец,2023-06-24,29.0,15.9,22.5,42.6977,23.3219
Средец,2023-06-25,24.7,16.6,19.8,42.6977,23.3219
Средец,2023-06-26,24.2,15.7,20.0,42.6977,23.3219
Средец,2023-06-27,25.4,14.2,20.1,42.6977,23.3219
Средец,2023-06-28,25.0,14.4,19.1,42.6977,23.3219
Средец,2023-06-29,21.2,12.6,16.9,42.6977,23.3219
Средец,2023-06-30,25.7,13.1,18.8,42.6977,23.3219
Средец,2023-07-01,26.9,14.5,20.8,42.6977,23.3219
Средец,2023-07-02,23.2,15.6,19.7,42.6977,23.3219
Средец,2023-07-03,26.9,15.1,21.3,42.6977,23.3219
Средец,2023-07-04,28.6,16.4,22.7,42.6977,23.3219
Средец,2023-07-05,26.5,18.9,21.8,42.6977,23.3219
Средец,2023-07-06,25.5,15.9,20.8,42.6977,23.3219
Средец,2023-07-07,26.4,16.5,20.8,42.6977,23.3219
Средец,2023-07-08,25.1,15.8,20.6,42.6977,23.3219
Средец,2023-07-09,26.8,13.3,20.3,42.6977,23.3219
Средец,2023-07-10,27.8,14.2,21.7,42.6977,23.3219
Средец,2023-07-11,29.4,15.5,23.1,42.6977,23.3219
Средец,2023-07-12,32.9,19.4,25.8,42.6977,23.3219
Средец,2023-07-13,35.7,20.4,27.6,42.6977,23.3219
Средец,2023-07-14,32.3,19.2,26.3,42.6977,23.3219
Средец,2023-07-15,31.9,19.7,25.7,42.6977,23.3219
Средец,2023-07-16,32.2,19.2,26.2,42.6977,23.3219
Средец,2023-07-17,33.5,20.7,27.6,42.6977,23.3219
Средец,2023-07-18,33.3,21.3,27.6,42.6977,23.3219
Средец,2023-07-19,33.1,18.7,26.4,42.6977,23.3219
Средец,2023-07-20,31.7,18.4,25.2,42.6977,23.3219
Средец,2023-07-21,33.1,18.3,25.4,42.6977,23.3219
Средец,2023-07-22,35.8,18.9,27.0,42.6977,23.3219
Средец,2023-07-23,30.9,20.5,25.7,42.6977,23.3219
Средец,2023-07-24,33.2,18.4,25.7,42.6977,23.3219
Средец,2023-07-25,38.1,19.9,28.9,42.6977,23.3219
Средец,2023-07-26,35.0,20.5,27.1,42.6977,23.3219
Средец,2023-07-27,22.8,16.2,19.5,42.6977,23.3219
Средец,2023-07-28,29.4,12.6,20.5,42.6977,23.3219
Средец,2023-07-29,31.0,16.3,24.2,42.6977,23.3219
Средец,2023-07-30,31.7,18.3,25.3,42.6977,23.3219
Средец,2023-07-31,27.7,19.0,23.3,42.6977,23.3219
Средец,2023-08-01,29.8,15.7,23.0,42.6977,23.3219
Средец,2023-08-02,31.4,18.6,25.0,42.6977,23.3219
Средец,2023-08-03,35.4,19.8,27.7,42.6977,23.3219
Средец,2023-08-04,35.8,21.9,29.2,42.6977,23.3219
Средец,2023-08-05,33.7,21.9,27.9,42.6977,23.3219
Средец,2023-08-06,26.3,17.2,21.8,42.6977,23.3219
Средец,2023-08-07,26.8,14.8,19.9,42.6977,23.3219
Средец,2023-08-08,22.8,14.8,18.3,42.6977,23.3219
Средец,2023-08-09,26.7,11.0,18.4,42.6977,23.3219
Средец,2023-08-10,21.5,15.8,18.2,42.6977,23.3219
Средец,2023-08-11,25.4,12.5,18.9,42.6977,23.3219
Средец,2023-08-12,26.7,12.3,20.1,42.6977,23.3219
Средец,2023-08-13,27.0,17.9,22.2,42.6977,23.3219
Средец,2023-08-14,28.2,15.2,22.6,42.6977,23.3219
Средец,2023-08-15,24.9,19.0,21.8,42.6977,23.3219
Средец,2023-08-16,27.6,18.3,22.7,42.6977,23.3219
Средец,2023-08-17,31.8,16.8,24.4,42.6977,23.3219
Средец,2023-08-18,32.8,18.0,25.7,42.6977,23.3219
Средец,2023-08-19,31.2,18.0,24.7,42.6977,23.3219
Средец,2023-08-20,31.6,18.0,24.9,42.6977,23.3219
Средец,2023-08-21,32.8,18.2,26.4,42.6977,23.3219
Средец,2023-08-22,32.7,18.8,26.2,42.6977,23.3219
Средец,2023-08-23,32.9,21.6,27.5,42.6977,23.3219
Средец,2023-08-24,30.8,18.9,26.0,42.6977,23.3219
Средец,2023-08-25,32.3,18.9,25.1,42.6977,23.3219
Средец,2023-08-26,33.2,20.4,26.2,42.6977,23.3219
Средец,2023-08-27,32.7,18.2,25.4,42.6977,23.3219
Средец,2023-08-28,33.8,17.6,25.3,42.6977,23.3219
Средец,2023-08-29,29.3,19.3,23.5,42.6977,23.3219
Средец,2023-08-30,28.1,16.8,22.1,42.6977,23.3219
Средец,2023-08-31,27.2,15.8,21.0,42.6977,23.3219
Средец,2023-09-01,27.5,13.7,20.5,42.6977,23.3219
Средец,2023-09-02,28.0,14.8,21.7,42.6977,23.3219
Средец,2023-09-03,28.5,16.1,22.1,42.6977,23.3219
Средец,2023-09-04,20.8,14.5,16.1,42.6977,23.3219
Средец,2023-09-05,21.7,15.2,17.8,42.6977,23.3219
Средец,2023-09-06,23.8,13.6,19.2,42.6977,23.3219
Средец,2023-09-07,24.3,16.4,20.4,42.6977,23.3219
Средец,2023-09-08,24.6,13.8,19.9,42.6977,23.3219
Средец,2023-09-09,25.6,13.8,19.2,42.6977,23.3219
Средец,2023-09-10,25.9,13.6,19.6,42.6977,23.3219
Средец,2023-09-11,25.7,10.7,18.7,42.6977,23.3219
Средец,2023-09-12,27.9,12.8,19.5,42.6977,23.3219
Средец,2023-09-13,30.3,13.2,20.8,42.6977,23.3219
Средец,2023-09-14,29.8,15.6,22.1,42.6977,23.3219
Средец,2023-09-15,27.2,15.1,20.7,42.6977,23.3219
Средец,2023-09-16,23.2,16.2,19.1,42.6977,23.3219
Средец,2023-09-17,24.0,15.6,19.1,42.6977,23.3219
Средец,2023-09-18,24.6,15.5,19.5,42.6977,23.3219
Средец,2023-09-19,24.0,12.0,18.0,42.6977,23.3219
Средец,2023-09-20,26.1,14.7,19.9,42.6977,23.3219
Средец,2023-09-21,27.1,15.2,20.2,42.6977,23.3219
Средец,2023-09-22,29.2,14.3,20.8,42.6977,23.3219
Средец,2023-09-23,31.9,15.3,22.3,42.6977,23.3219
Средец,2023-09-24,27.9,17.1,21.9,42.6977,23.3219
Средец,2023-09-25,23.9,17.4,20.3,42.6977,23.3219
Средец,2023-09-26,23.0,13.9,18.9,42.6977,23.3219
Средец,2023-09-27,23.3,13.2,18.1,42.6977,23.3219
Средец,2023-09-28,23.1,12.7,18.3,42.6977,23.3219
Средец,2023-09-29,24.5,12.2,18.1,42.6977,23.3219
Средец,2023-09-30,24.7,10.7,18.0,42.6977,23.3219
Средец,2023-10-01,23.8,10.7,16.9,42.6977,23.3219
Средец,2023-10-02,21.9,12.3,16.3,42.6977,23.3219
Средец,2023-10-03,22.1,9.2,15.4,42.6977,23.3219
Средец,2023-10-04,25.8,9.7,17.2,42.6977,23.3219
Средец,2023-10-05,24.1,11.7,17.4,42.6977,23.3219
Средец,2023-10-06,22.2,10.8,16.6,42.6977,23.3219
Средец,2023-10-07,23.7,8.4,14.9,42.6977,23.3219
Средец,2023-10-08,24.3,7.5,16.1,42.6977,23.3219
Средец,2023-10-09,20.4,11.6,16.0,42.6977,23.3219
Средец,2023-10-10,21.1,11.2,15.9,42.6977,23.3219
Средец,2023-10-11,21.2,9.0,14.9,42.6977,23.3219
Средец,2023-10-12,22.7,6.5,14.0,42.6977,23.3219
Средец,2023-10-13,25.9,11.5,17.4,42.6977,23.3219
Средец,2023-10-14,25.6,11.5,17.2,42.6977,23.3219
Средец,2023-10-15,26.1,12.4,17.6,42.6977,23.3219
Средец,2023-10-16,15.4,7.4,11.3,42.6977,23.3219
Средец,2023-10-17,11.8,4.5,8.0,42.6977,23.3219
Средец,2023-10-18,14.8,5.4,10.2,42.6977,23.3219
Средец,2023-10-19,18.4,3.8,9.9,42.6977,23.3219
Средец,2023-10-20,27.5,7.8,16.1,42.6977,23.3219
Средец,2023-10-21,28.9,9.7,17.4,42.6977,23.3219
Средец,2023-10-22,26.3,12.4,18.7,42.6977,23.3219
Средец,2023-10-23,23.5,14.3,18.1,42.6977,23.3219
Средец,2023-10-24,23.2,11.9,16.3,42.6977,23.3219
Средец,2023-10-25,25.6,10.2,16.9,42.6977,23.3219
Средец,2023-10-26,23.3,11.3,16.6,42.6977,23.3219
Средец,2023-10-27,24.8,11.9,17.5,42.6977,23.3219
Средец,2023-10-28,25.0,13.4,18.0,42.6977,23.3219
Средец,2023-10-29,22.2,11.8,16.0,42.6977,23.3219
Средец,2023-10-30,21.6,9.8,14.2,42.6977,23.3219
Средец,2023-10-31,22.4,7.1,14.2,42.6977,23.3219
Средец,2023-11-01,18.6,9.7,13.9,42.6977,23.3219
Средец,2023-11-02,17.1,8.8,12.3,42.6977,23.3219
Средец,2023-11-03,18.4,8.0,12.5,42.6977,23.3219
Средец,2023-11-04,12.9,9.3,11.4,42.6977,23.3219
Средец,2023-11-05,19.2,4.6,11.2,42.6977,23.3219
Средец,2023-11-06,20.5,9.0,14.0,42.6977,23.3219
Средец,2023-11-07,17.7,7.8,12.3,42.6977,23.3219
Средец,2023-11-08,14.1,7.3,10.3,42.6977,23.3219
Средец,2023-11-09,11.6,2.5,7.3,42.6977,23.3219
Средец,2023-11-10,12.5,0.6,5.7,42.6977,23.3219
Средец,2023-11-11,15.0,5.4,9.3,42.6977,23.3219
Средец,2023-11-12,8.8,3.8,6.5,42.6977,23.3219
Средец,2023-11-13,12.6,3.3,7.5,42.6977,23.3219
Средец,2023-11-14,18.7,4.2,10.2,42.6977,23.3219
Средец,2023-11-15,16.4,5.8,9.9,42.6977,23.3219
Средец,2023-11-16,12.2,4.1,8.3,42.6977,23.3219
Средец,2023-11-17,12.0,2.2,6.6,42.6977,23.3219
Средец,2023-11-18,7.3,2.4,3.9,42.6977,23.3219
Средец,2023-11-19,5.3,1.1,3.0,42.6977,23.3219
Средец,2023-11-20,13.4,0.4,5.6,42.6977,23.3219
Средец,2023-11-21,10.7,2.5,5.3,42.6977,23.3219
Средец,2023-11-22,10.9,1.7,6.7,42.6977,23.3219
Средец,2023-11-23,10.0,5.6,7.8,42.6977,23.3219
Средец,2023-11-24,12.8,5.0,8.3,42.6977,23.3219
Средец,2023-11-25,8.3,0.2,3.8,42.6977,23.3219
Средец,2023-11-26,-0.1,-3.0,-1.5,42.6977,23.3219
Средец,2023-11-27,2.8,-4.2,-1.3,42.6977,23.3219
Средец,2023-11-28,2.1,-5.6,-0.5,42.6977,23.3219
Средец,2023-11-29,5.1,-2.3,2.7,42.6977,23.3219
Средец,2023-11-30,6.2,-2.9,0.4,42.6977,23.3219
Средец,2023-12-01,16.2,0.5,7.6,42.6977,23.3219
Средец,2023-12-02,12.1,5.0,8.2,42.6977,23.3219
Средец,2023-12-03,8.5,1.2,5.6,42.6977,23.3219
Средец,2023-12-04,2.6,-2.7,-0.7,42.6977,23.3219
Средец,2023-12-05,4.2,-1.0,1.3,42.6977,23.3219
Средец,2023-12-06,4.4,1.5,3.1,42.6977,23.3219
Средец,2023-12-07,4.5,1.2,2.9,42.6977,23.3219
Средец,2023-12-08,3.0,-0.0,1.3,42.6977,23.3219
Средец,2023-12-09,3.4,-3.4,0.7,42.6977,23.3219
Средец,2023-12-10,5.1,-3.5,0.1,42.6977,23.3219
Средец,2023-12-11,8.6,-0.1,3.4,42.6977,23.3219
Средец,2023-12-12,10.8,1.2,5.1,42.6977,23.3219
Средец,2023-12-13,9.9,0.3,4.7,42.6977,23.3219
Средец,2023-12-14,13.1,3.2,6.4,42.6977,23.3219
Средец,2023-12-15,6.3,2.0,4.9,42.6977,23.3219
Средец,2023-12-16,2.4,-0.9,1.2,42.6977,23.3219
Средец,2023-12-17,4.0,-3.9,-0.6,42.6977,23.3219
Средец,2023-12-18,9.3,-3.3,0.7,42.6977,23.3219
Средец,2023-12-19,9.7,-3.1,2.8,42.6977,23.3219
Средец,2023-12-20,9.1,-0.6,3.1,42.6977,23.3219
Средец,2023-12-21,6.5,-2.7,1.4,42.6977,23.3219
Средец,2023-12-22,5.5,-1.5,2.1,42.6977,23.3219
Средец,2023-12-23,7.3,-1.9,2.0,42.6977,23.3219
Средец,2023-12-24,13.2,2.0,6.6,42.6977,23.3219
Средец,2023-12-25,13.4,2.3,7.1,42.6977,23.3219
Средец,2023-12-26,12.8,0.5,7.2,42.6977,23.3219
Средец,2023-12-27,11.8,-0.3,4.0,42.6977,23.3219
Средец,2023-12-28,10.0,0.7,5.0,42.6977,23.3219
Средец,2023-12-29,9.9,1.3,5.5,42.6977,23.3219
Средец,2023-12-30,10.1,0.8,3.8,42.6977,23.3219
Средец,2023-12-31,7.5,1.5,3.9,42.6977,23.3219
Студентски,2023-01-01,12.4,5.1,9.4,42.649,23.353
Студентски,2023-01-02,13.1,7.7,10.6,42.649,23.353
Студентски,2023-01-03,14.1,7.6,10.9,42.649,23.353
Студентски,2023-01-04,8.2,5.9,7.0,42.649,23.353
Студентски,2023-01-05,12.1,5.2,7.0,42.649,23.353
Студентски,2023-01-06,9.8,4.4,6.9,42.649,23.353
Студентски,2023-01-07,10.3,1.4,5.3,42.649,23.353
Студентски,2023-01-08,9.6,2.6,6.2,42.649,23.353
Студентски,2023-01-09,8.4,-1.4,4.1,42.649,23.353
Студентски,2023-01-10,5.1,2.6,3.9,42.649,23.353
Студентски,2023-01-11,4.1,-1.2,2.0,42.649,23.353
Студентски,2023-01-12,4.2,1.9,2.8,42.649,23.353
Студентски,2023-01-13,4.8,0.8,2.9,42.649,23.353
Студентски,2023-01-14,5.6,-0.4,2.2,42.649,23.353
Студентски,2023-01-15,8.0,-0.5,3.5,42.649,23.353
Студентски,2023-01-16,7.6,-0.9,3.3,42.649,23.353
Студентски,2023-01-17,13.8,4.8,8.0,42.649,23.353
Студентски,2023-01-18,15.3,7.0,10.6,42.649,23.353
Студентски,2023-01-19,16.9,5.2,10.5,42.649,23.353
Студентски,2023-01-20,9.7,2.9,6.4,42.649,23.353
Студентски,2023-01-21,8.3,-0.1,4.3,42.649,23.353
Студентски,2023-01-22,9.0,5.1,6.7,42.649,23.353
Студентски,2023-01-23,7.4,4.2,6.3,42.649,23.353
Студентски,2023-01-24,3.9,0.6,2.3,42.649,23.353
Студентски,2023-01-25,2.5,-0.1,0.7,42.649,23.353
Студентски,2023-01-26,1.3,-1.8,-0.4,42.649,23.353
Студентски,2023-01-27,2.4,-0.4,0.7,42.649,23.353
Студентски,2023-01-28,2.2,-1.4,-0.2,42.649,23.353
Студентски,2023-01-29,1.3,-1.8,-0.3,42.649,23.353
Студентски,2023-01-30,2.0,-2.9,-1.2,42.649,23.353
Студентски,2023-01-31,2.4,-1.6,0.3,42.649,23.353
Студентски,2023-02-01,5.6,-1.7,0.9,42.649,23.353
Студентски,2023-02-02,6.6,-0.4,2.5,42.649,23.353
Студентски,2023-02-03,3.5,-1.6,0.7,42.649,23.353
Студентски,2023-02-04,4.0,-1.9,1.4,42.649,23.353
Студентски,2023-02-05,-1.9,-6.3,-4.7,42.649,23.353
Студентски,2023-02-06,-3.5,-8.0,-6.0,42.649,23.353
Студентски,2023-02-07,-2.6,-11.2,-6.1,42.649,23.353
Студентски,2023-02-08,-2.2,-12.9,-6.1,42.649,23.353
Студентски,2023-02-09,0.6,-8.2,-5.0,42.649,23.353
Студентски,2023-02-10,3.2,-7.5,-2.8,42.649,23.353
Студентски,2023-02-11,4.3,-4.9,-1.2,42.649,23.353
Студентски,2023-02-12,2.6,-2.6,-0.3,42.649,23.353
Студентски,2023-02-13,5.8,-4.7,0.7,42.649,23.353
Студентски,2023-02-14,3.4,-0.8,0.8,42.649,23.353
Студентски,2023-02-15,6.4,-1.2,2.0,42.649,23.353
Студентски,2023-02-16,12.2,-1.1,4.1,42.649,23.353
Студентски,2023-02-17,13.1,1.9,6.4,42.649,23.353
Студентски,2023-02-18,15.6,2.5,7.7,42.649,23.353
Студентски,2023-02-19,16.7,4.7,9.5,42.649,23.353
Студентски,2023-02-20,11.1,3.7,7.6,42.649,23.353
Студентски,2023-02-21,16.9,2.5,8.7,42.649,23.353
Студентски,2023-02-22,15.4,5.9,9.8,42.649,23.353
Студентски,2023-02-23,14.9,5.6,9.5,42.649,23.353
Студентски,2023-02-24,12.1,5.1,7.5,42.649,23.353
Студентски,2023-02-25,14.8,3.3,9.1,42.649,23.353
Студентски,2023-02-26,18.3,6.9,12.1,42.649,23.353
Студентски,2023-02-27,12.6,5.1,8.4,42.649,23.353
Студентски,2023-02-28,10.8,5.4,7.4,42.649,23.353
Студентски,2023-03-01,7.6,4.1,5.6,42.649,23.353
Студентски,2023-03-02,6.6,3.7,4.9,42.649,23.353
Студентски,2023-03-03,6.0,3.2,4.5,42.649,23.353
Студентски,2023-03-04,8.0,1.6,4.7,42.649,23.353
Студентски,2023-03-05,8.9,1.9,5.3,42.649,23.353
Студентски,2023-03-06,11.0,-1.3,4.6,42.649,23.353
Студентски,2023-03-07,13.1,0.9,6.4,42.649,23.353
Студентски,2023-03-08,13.7,2.4,7.7,42.649,23.353
Студентски,2023-03-09,16.8,4.1,9.8,42.649,23.353
Студентски,2023-03-10,15.9,6.8,10.1,42.649,23.353
Студентски,2023-03-11,13.9,4.9,9.3,42.649,23.353
Студентски,2023-03-12,6.1,-0.4,3.1,42.649,23.353
Студентски,2023-03-13,9.9,-2.1,3.4,42.649,23.353
Студентски,2023-03-14,15.5,1.2,7.0,42.649,23.353
Студентски,2023-03-15,11.8,2.4,6.8,42.649,23.353
Студентски,2023-03-16,5.5,0.7,2.2,42.649,23.353
Студентски,2023-03-17,7.2,-0.0,2.6,42.649,23.353
Студентски,2023-03-18,7.2,-1.4,2.8,42.649,23.353
Студентски,2023-03-19,14.3,0.3,6.7,42.649,23.353
Студентски,2023-03-20,18.7,4.2,11.5,42.649,23.353
Студентски,2023-03-21,14.4,8.7,12.0,42.649,23.353
Студентски,2023-03-22,11.4,5.7,8.4,42.649,23.353
Студентски,2023-03-23,14.0,3.8,8.4,42.649,23.353
Студентски,2023-03-24,18.0,5.1,11.4,42.649,23.353
Студентски,2023-03-25,19.6,6.9,12.4,42.649,23.353
Студентски,2023-03-26,14.9,6.6,10.3,42.649,23.353
Студентски,2023-03-27,16.0,4.8,9.1,42.649,23.353
Студентски,2023-03-28,5.4,-0.5,2.1,42.649,23.353
Студентски,2023-03-29,6.4,-2.3,1.7,42.649,23.353
Студентски,2023-03-30,13.0,2.3,7.0,42.649,23.353
Студентски,2023-03-31,16.4,5.7,10.6,42.649,23.353
Студентски,2023-04-01,17.1,6.4,10.7,42.649,23.353
Студентски,2023-04-02,14.5,4.6,9.5,42.649,23.353
Студентски,2023-04-03,13.8,4.4,8.0,42.649,23.353
Студентски,2023-04-04,7.8,0.2,4.9,42.649,23.353
Студентски,2023-04-05,4.7,-1.0,1.5,42.649,23.353
Студентски,2023-04-06,5.5,-2.1,1.3,42.649,23.353
Студентски,2023-04-07,8.0,-1.3,3.2,42.649,23.353
Студентски,2023-04-08,10.8,0.2,5.8,42.649,23.353
Студентски,2023-04-09,10.5,4.7,7.0,42.649,23.353
Студентски,2023-04-10,8.9,4.0,6.3,42.649,23.353
Студентски,2023-04-11,11.5,4.3,7.5,42.649,23.353
Студентски,2023-04-12,12.0,5.8,8.3,42.649,23.353
Студентски,2023-04-13,18.6,3.1,10.4,42.649,23.353
Студентски,2023-04-14,20.5,5.5,11.4,42.649,23.353
Студентски,2023-04-15,16.3,4.3,10.2,42.649,23.353
Студентски,2023-04-16,16.3,8.2,11.3,42.649,23.353
Студентски,2023-04-17,14.5,8.2,10.0,42.649,23.353
Студентски,2023-04-18,11.1,8.2,9.3,42.649,23.353
Студентски,2023-04-19,13.8,7.0,9.4,42.649,23.353
Студентски,2023-04-20,13.2,6.1,9.3,42.649,23.353
Студентски,2023-04-21,14.5,6.5,10.5,42.649,23.353
Студентски,2023-04-22,14.9,6.8,10.6,42.649,23.353
Студентски,2023-04-23,15.9,5.2,10.5,42.649,23.353
Студентски,2023-04-24,18.6,5.7,11.5,42.649,23.353
Студентски,2023-04-25,14.8,7.9,11.4,42.649,23.353
Студентски,2023-04-26,13.1,5.5,9.2,42.649,23.353
Студентски,2023-04-27,11.1,4.1,7.7,42.649,23.353
Студентски,2023-04-28,13.9,3.3,7.8,42.649,23.353
Студентски,2023-04-29,14.7,5.2,10.3,42.649,23.353
Студентски,2023-04-30,16.0,7.2,11.8,42.649,23.353
Студентски,2023-05-01,17.1,7.2,12.1,42.649,23.353
Студентски,2023-05-02,18.2,8.3,13.1,42.649,23.353
Студентски,2023-05-03,17.0,8.9,11.8,42.649,23.353
Студентски,2023-05-04,13.2,8.6,10.6,42.649,23.353
Студентски,2023-05-05,15.6,6.1,11.0,42.649,23.353
Студентски,2023-05-06,17.0,7.6,12.4,42.649,23.353
Студентски,2023-05-07,20.3,9.0,14.5,42.649,23.353
Студентски,2023-05-08,19.6,10.6,14.4,42.649,23.353
Студентски,2023-05-09,12.4,9.1,10.8,42.649,23.353
Студентски,2023-05-10,9.9,7.5,8.5,42.649,23.353
Студентски,2023-05-11,13.7,7.2,10.1,42.649,23.353
Студентски,2023-05-12,13.9,7.5,10.0,42.649,23.353
Студентски,2023-05-13,17.7,8.5,12.4,42.649,23.353
Студентски,2023-05-14,15.0,10.9,12.4,42.649,23.353
Студентски,2023-05-15,19.1,10.1,14.3,42.649,23.353
Студентски,2023-05-16,20.0,13.3,15.6,42.649,23.353
Студентски,2023-05-17,18.5,11.9,14.6,42.649,23.353
Студентски,2023-05-18,13.4,10.7,11.8,42.649,23.353
Студентски,2023-05-19,18.6,8.8,13.6,42.649,23.353
Студентски,2023-05-20,18.5,11.4,15.0,42.649,23.353
Студентски,2023-05-21,19.1,11.0,14.8,42.649,23.353
Студентски,2023-05-22,18.3,9.8,14.4,42.649,23.353
Студентски,2023-05-23,20.0,9.8,15.4,42.649,23.353
Студентски,2023-05-24,21.8,11.1,17.2,42.649,23.353
Студентски,2023-05-25,20.2,12.6,16.6,42.649,23.353
Студентски,2023-05-26,19.8,11.4,15.8,42.649,23.353
Студентски,2023-05-27,19.9,10.5,15.7,42.649,23.353
Студентски,2023-05-28,16.9,11.2,14.7,42.649,23.353
Студентски,2023-05-29,19.5,12.7,15.5,42.649,23.353
Студентски,2023-05-30,21.1,12.0,16.5,42.649,23.353
Студентски,2023-05-31,21.3,12.3,17.1,42.649,23.353
Студентски,2023-06-01,22.1,13.1,17.2,42.649,23.353
Студентски,2023-06-02,21.9,14.0,18.0,42.649,23.353
Студентски,2023-06-03,19.8,13.8,17.0,42.649,23.353
Студентски,2023-06-04,19.9,12.8,16.2,42.649,23.353
Студентски,2023-06-05,21.5,12.5,17.1,42.649,23.353
Студентски,2023-06-06,22.3,12.5,17.4,42.649,23.353
Студентски,2023-06-07,21.5,13.0,17.6,42.649,23.353
Студентски,2023-06-08,23.4,12.5,18.4,42.649,23.353
Студентски,2023-06-09,23.2,13.4,18.6,42.649,23.353
Студентски,2023-06-10,22.3,15.5,17.8,42.649,23.353
Студентски,2023-06-11,22.6,13.8,18.2,42.649,23.353
Студентски,2023-06-12,23.0,14.3,17.7,42.649,23.353
Студентски,2023-06-13,18.8,14.6,16.5,42.649,23.353
Студентски,2023-06-14,21.7,14.5,17.8,42.649,23.353
Студентски,2023-06-15,20.7,15.1,17.9,42.649,23.353
Студентски,2023-06-16,22.0,15.8,17.9,42.649,23.353
Студентски,2023-06-17,19.4,14.5,15.9,42.649,23.353
Студентски,2023-06-18,20.1,13.8,16.7,42.649,23.353
Студентски,2023-06-19,23.7,14.7,19.1,42.649,23.353
Студентски,2023-06-20,23.7,14.4,19.6,42.649,23.353
Студентски,2023-06-21,26.0,16.1,21.5,42.649,23.353
Студентски,2023-06-22,26.7,17.1,22.3,42.649,23.353
Студентски,2023-06-23,28.2,18.7,23.5,42.649,23.353
Студентски,2023-06-24,28.4,18.0,22.7,42.649,23.353
Студентски,2023-06-25,23.7,17.2,19.9,42.649,23.353
Студентски,2023-06-26,23.0,16.1,19.5,42.649,23.353
Студентски,2023-06-27,24.9,14.4,20.2,42.649,23.353
Студентски,2023-06-28,24.5,15.2,19.1,42.649,23.353
Студентски,2023-06-29,21.1,13.0,16.7,42.649,23.353
Студентски,2023-06-30,25.0,12.9,19.0,42.649,23.353
Студентски,2023-07-01,26.4,16.3,21.6,42.649,23.353
Студентски,2023-07-02,23.4,16.4,19.7,42.649,23.353
Студентски,2023-07-03,25.6,16.4,21.1,42.649,23.353
Студентски,2023-07-04,27.6,17.3,22.7,42.649,23.353
Студентски,2023-07-05,25.8,19.2,21.8,42.649,23.353
Студентски,2023-07-06,24.6,17.4,20.8,42.649,23.353
Студентски,2023-07-07,25.0,17.7,20.9,42.649,23.353
Студентски,2023-07-08,23.6,16.1,20.0,42.649,23.353
Студентски,2023-07-09,25.1,15.1,20.5,42.649,23.353
Студентски,2023-07-10,26.5,15.4,21.6,42.649,23.353
Студентски,2023-07-11,28.6,16.6,23.1,42.649,23.353
Студентски,2023-07-12,32.0,20.1,26.0,42.649,23.353
Студентски,2023-07-13,34.6,22.4,28.6,42.649,23.353
Студентски,2023-07-14,31.3,22.1,26.4,42.649,23.353
Студентски,2023-07-15,30.6,21.7,25.9,42.649,23.353
Студентски,2023-07-16,31.2,20.4,26.1,42.649,23.353
Студентски,2023-07-17,31.9,22.5,27.0,42.649,23.353
Студентски,2023-07-18,32.0,22.7,27.7,42.649,23.353
Студентски,2023-07-19,32.3,20.0,26.4,42.649,23.353
Студентски,2023-07-20,30.7,20.0,25.6,42.649,23.353
Студентски,2023-07-21,32.4,19.8,25.7,42.649,23.353
Студентски,2023-07-22,34.9,20.0,27.0,42.649,23.353
Студентски,2023-07-23,30.0,21.8,25.7,42.649,23.353
Студентски,2023-07-24,32.6,20.2,26.0,42.649,23.353
Студентски,2023-07-25,36.9,21.0,28.6,42.649,23.353
Студентски,2023-07-26,34.0,20.7,27.3,42.649,23.353
Студентски,2023-07-27,21.8,15.9,18.7,42.649,23.353
Студентски,2023-07-28,28.5,12.1,20.2,42.649,23.353
Студентски,2023-07-29,29.6,17.5,23.8,42.649,23.353
Студентски,2023-07-30,30.6,20.5,25.4,42.649,23.353
Студентски,2023-07-31,26.0,18.8,22.2,42.649,23.353
Студентски,2023-08-01,29.1,16.8,22.7,42.649,23.353
Студентски,2023-08-02,30.7,19.2,24.8,42.649,23.353
Студентски,2023-08-03,34.3,21.3,27.7,42.649,23.353
Студентски,2023-08-04,34.3,23.3,28.9,42.649,23.353
Студентски,2023-08-05,32.8,21.4,27.0,42.649,23.353
Студентски,2023-08-06,25.9,17.8,21.5,42.649,23.353
Студентски,2023-08-07,26.6,14.9,19.3,42.649,23.353
Студентски,2023-08-08,21.4,14.5,17.5,42.649,23.353
Студентски,2023-08-09,25.4,11.6,18.3,42.649,23.353
Студентски,2023-08-10,20.0,15.8,17.7,42.649,23.353
Студентски,2023-08-11,23.8,13.2,18.2,42.649,23.353
Студентски,2023-08-12,25.3,14.0,19.8,42.649,23.353
Студентски,2023-08-13,25.3,17.2,21.4,42.649,23.353
Студентски,2023-08-14,27.2,16.4,22.1,42.649,23.353
Студентски,2023-08-15,23.9,18.6,21.1,42.649,23.353
Студентски,2023-08-16,26.0,18.7,22.0,42.649,23.353
Студентски,2023-08-17,30.8,18.9,24.1,42.649,23.353
Студентски,2023-08-18,31.0,19.7,24.9,42.649,23.353
Студентски,2023-08-19,29.2,18.6,23.7,42.649,23.353
Студентски,2023-08-20,29.8,18.4,24.4,42.649,23.353
Студентски,2023-08-21,30.8,20.7,26.3,42.649,23.353
Студентски,2023-08-22,31.0,20.6,26.1,42.649,23.353
Студентски,2023-08-23,31.7,21.1,27.0,42.649,23.353
Студентски,2023-08-24,29.7,20.5,26.1,42.649,23.353
Студентски,2023-08-25,31.1,20.1,25.0,42.649,23.353
Студентски,2023-08-26,31.9,20.7,26.0,42.649,23.353
Студентски,2023-08-27,31.2,20.3,25.8,42.649,23.353
Студентски,2023-08-28,32.9,20.0,25.8,42.649,23.353
Студентски,2023-08-29,28.6,19.8,23.5,42.649,23.353
Студентски,2023-08-30,27.8,16.8,22.0,42.649,23.353
Студентски,2023-08-31,26.0,17.1,20.9,42.649,23.353
Студентски,2023-09-01,26.1,15.3,20.4,42.649,23.353
Студентски,2023-09-02,27.1,16.8,21.8,42.649,23.353
Студентски,2023-09-03,27.0,18.0,22.4,42.649,23.353
Студентски,2023-09-04,20.8,14.6,15.7,42.649,23.353
Студентски,2023-09-05,20.6,14.7,17.0,42.649,23.353
Студентски,2023-09-06,22.9,14.7,18.7,42.649,23.353
Студентски,2023-09-07,23.5,16.6,19.9,42.649,23.353
Студентски,2023-09-08,24.0,14.9,19.7,42.649,23.353
Студентски,2023-09-09,24.3,14.6,18.9,42.649,23.353
Студентски,2023-09-10,24.7,13.8,19.0,42.649,23.353
Студентски,2023-09-11,24.5,12.7,18.6,42.649,23.353
Студентски,2023-09-12,27.0,14.9,20.5,42.649,23.353
Студентски,2023-09-13,29.6,16.8,22.3,42.649,23.353
Студентски,2023-09-14,28.5,18.3,23.1,42.649,23.353
Студентски,2023-09-15,25.9,16.7,20.5,42.649,23.353
Студентски,2023-09-16,22.7,16.5,19.0,42.649,23.353
Студентски,2023-09-17,23.2,16.0,19.0,42.649,23.353
Студентски,2023-09-18,23.6,16.0,19.1,42.649,23.353
Студентски,2023-09-19,23.7,13.5,18.5,42.649,23.353
Студентски,2023-09-20,24.7,15.8,19.4,42.649,23.353
Студентски,2023-09-21,26.2,17.7,21.3,42.649,23.353
Студентски,2023-09-22,29.1,15.3,21.5,42.649,23.353
Студентски,2023-09-23,31.2,17.3,23.3,42.649,23.353
Студентски,2023-09-24,27.1,18.8,22.4,42.649,23.353
Студентски,2023-09-25,23.8,17.0,19.9,42.649,23.353
Студентски,2023-09-26,22.6,14.8,18.5,42.649,23.353
Студентски,2023-09-27,22.3,13.8,17.7,42.649,23.353
Студентски,2023-09-28,21.8,13.7,17.7,42.649,23.353
Студентски,2023-09-29,23.0,13.6,18.0,42.649,23.353
Студентски,2023-09-30,23.3,13.1,18.2,42.649,23.353
Студентски,2023-10-01,22.2,13.7,17.2,42.649,23.353
Студентски,2023-10-02,20.6,12.5,15.7,42.649,23.353
Студентски,2023-10-03,21.6,10.1,15.6,42.649,23.353
Студентски,2023-10-04,24.0,13.8,18.5,42.649,23.353
Студентски,2023-10-05,23.1,13.7,17.6,42.649,23.353
Студентски,2023-10-06,20.5,13.4,16.8,42.649,23.353
Студентски,2023-10-07,23.0,9.5,15.3,42.649,23.353
Студентски,2023-10-08,23.6,10.9,17.2,42.649,23.353
Студентски,2023-10-09,19.7,11.7,15.6,42.649,23.353
Студентски,2023-10-10,19.8,12.6,16.1,42.649,23.353
Студентски,2023-10-11,19.8,10.6,14.6,42.649,23.353
Студентски,2023-10-12,22.2,9.5,15.2,42.649,23.353
Студентски,2023-10-13,24.2,15.5,18.9,42.649,23.353
Студентски,2023-10-14,24.9,15.0,19.2,42.649,23.353
Студентски,2023-10-15,25.1,13.6,18.6,42.649,23.353
Студентски,2023-10-16,14.0,7.9,10.6,42.649,23.353
Студентски,2023-10-17,12.0,4.9,8.5,42.649,23.353
Студентски,2023-10-18,14.6,7.1,10.3,42.649,23.353
Студентски,2023-10-19,19.0,6.4,11.8,42.649,23.353
Студентски,2023-10-20,26.6,10.3,17.0,42.649,23.353
Студентски,2023-10-21,27.8,13.1,19.3,42.649,23.353
Студентски,2023-10-22,25.2,13.9,19.3,42.649,23.353
Студентски,2023-10-23,23.0,14.3,18.0,42.649,23.353
Студентски,2023-10-24,22.9,14.2,17.6,42.649,23.353
Студентски,2023-10-25,24.2,12.6,18.0,42.649,23.353
Студентски,2023-10-26,22.5,12.4,16.7,42.649,23.353
Студентски,2023-10-27,23.7,12.4,17.5,42.649,23.353
Студентски,2023-10-28,23.8,12.0,17.2,42.649,23.353
Студентски,2023-10-29,21.1,12.6,16.0,42.649,23.353
Студентски,2023-10-30,21.7,12.0,16.2,42.649,23.353
Студентски,2023-10-31,22.8,7.6,14.9,42.649,23.353
Студентски,2023-11-01,18.6,11.3,14.5,42.649,23.353
Студентски,2023-11-02,17.3,9.7,13.6,42.649,23.353
Студентски,2023-11-03,21.0,8.7,14.4,42.649,23.353
Студентски,2023-11-04,15.2,7.8,12.3,42.649,23.353
Студентски,2023-11-05,18.7,5.3,11.5,42.649,23.353
Студентски,2023-11-06,19.8,9.6,14.1,42.649,23.353
Студентски,2023-11-07,18.2,10.7,14.3,42.649,23.353
Студентски,2023-11-08,15.0,9.3,12.0,42.649,23.353
Студентски,2023-11-09,12.0,3.2,7.4,42.649,23.353
Студентски,2023-11-10,13.9,3.5,8.3,42.649,23.353
Студентски,2023-11-11,14.8,8.5,10.6,42.649,23.353
Студентски,2023-11-12,9.0,3.5,6.9,42.649,23.353
Студентски,2023-11-13,12.8,5.7,8.4,42.649,23.353
Студентски,2023-11-14,18.6,4.9,10.7,42.649,23.353
Студентски,2023-11-15,17.3,7.1,10.4,42.649,23.353
Студентски,2023-11-16,12.0,4.5,8.2,42.649,23.353
Студентски,2023-11-17,13.2,5.0,8.6,42.649,23.353
Студентски,2023-11-18,8.4,1.7,3.5,42.649,23.353
Студентски,2023-11-19,5.4,0.9,2.9,42.649,23.353
Студентски,2023-11-20,13.8,2.9,7.1,42.649,23.353
Студентски,2023-11-21,11.9,4.7,8.1,42.649,23.353
Студентски,2023-11-22,10.7,5.1,8.5,42.649,23.353
Студентски,2023-11-23,11.0,7.4,8.5,42.649,23.353
Студентски,2023-11-24,12.8,6.5,9.6,42.649,23.353
Студентски,2023-11-25,10.1,0.3,4.4,42.649,23.353
Студентски,2023-11-26,-0.1,-4.5,-2.0,42.649,23.353
Студентски,2023-11-27,3.3,-4.3,-1.9,42.649,23.353
Студентски,2023-11-28,6.1,-4.5,2.5,42.649,23.353
Студентски,2023-11-29,5.6,-1.9,3.0,42.649,23.353
Студентски,2023-11-30,5.8,-3.3,2.3,42.649,23.353
Студентски,2023-12-01,15.9,2.4,9.0,42.649,23.353
Студентски,2023-12-02,15.5,5.8,10.8,42.649,23.353
Студентски,2023-12-03,11.6,1.4,6.9,42.649,23.353
Студентски,2023-12-04,3.5,-2.4,-0.1,42.649,23.353
Студентски,2023-12-05,6.1,0.7,2.9,42.649,23.353
Студентски,2023-12-06,4.8,2.4,3.9,42.649,23.353
Студентски,2023-12-07,4.5,1.0,3.3,42.649,23.353
Студентски,2023-12-08,1.8,-0.3,0.8,42.649,23.353
Студентски,2023-12-09,3.3,-0.6,0.7,42.649,23.353
Студентски,2023-12-10,6.0,-1.7,2.1,42.649,23.353
Студентски,2023-12-11,8.5,0.7,3.5,42.649,23.353
Студентски,2023-12-12,11.0,1.1,5.3,42.649,23.353
Студентски,2023-12-13,11.8,2.4,7.2,42.649,23.353
Студентски,2023-12-14,15.1,5.9,9.8,42.649,23.353
Студентски,2023-12-15,5.6,1.9,4.6,42.649,23.353
Студентски,2023-12-16,2.0,-1.1,0.5,42.649,23.353
Студентски,2023-12-17,4.5,-3.4,-0.9,42.649,23.353
Студентски,2023-12-18,6.4,-2.0,1.7,42.649,23.353
Студентски,2023-12-19,11.1,1.1,5.8,42.649,23.353
Студентски,2023-12-20,10.9,1.1,6.8,42.649,23.353
Студентски,2023-12-21,6.8,-0.3,2.6,42.649,23.353
Студентски,2023-12-22,6.7,-0.3,3.4,42.649,23.353
Студентски,2023-12-23,9.0,0.4,3.0,42.649,23.353
Студентски,2023-12-24,12.7,3.6,7.7,42.649,23.353
Студентски,2023-12-25,15.1,3.4,8.0,42.649,23.353
Студентски,2023-12-26,14.6,4.5,8.8,42.649,23.353
Студентски,2023-12-27,11.5,3.9,6.9,42.649,23.353
Студентски,2023-12-28,12.2,3.1,8.0,42.649,23.353
Студентски,2023-12-29,11.8,4.9,9.2,42.649,23.353
Студентски,2023-12-30,10.9,2.9,6.6,42.649,23.353
Студентски,2023-12-31,9.9,1.5,5.8,42.649,23.353
Триадица,2023-01-01,11.6,1.7,6.5,42.6772,23.3089
Триадица,2023-01-02,12.4,4.6,7.3,42.6772,23.3089
Триадица,2023-01-03,14.0,3.0,7.3,42.6772,23.3089
Триадица,2023-01-04,7.8,4.4,5.7,42.6772,23.3089
Триадица,2023-01-05,11.9,4.5,6.4,42.6772,23.3089
Триадица,2023-01-06,9.9,3.2,6.4,42.6772,23.3089
Триадица,2023-01-07,10.4,0.3,4.8,42.6772,23.3089
Триадица,2023-01-08,8.9,1.3,4.9,42.6772,23.3089
Триадица,2023-01-09,6.8,-1.5,2.0,42.6772,23.3089
Триадица,2023-01-10,3.9,0.1,2.5,42.6772,23.3089
Триадица,2023-01-11,4.1,-0.8,2.2,42.6772,23.3089
Триадица,2023-01-12,4.5,1.9,3.0,42.6772,23.3089
Триадица,2023-01-13,4.7,0.2,2.7,42.6772,23.3089
Триадица,2023-01-14,5.1,-1.3,2.2,42.6772,23.3089
Триадица,2023-01-15,7.9,0.4,3.4,42.6772,23.3089
Триадица,2023-01-16,7.1,0.5,2.8,42.6772,23.3089
Триадица,2023-01-17,13.2,0.7,6.3,42.6772,23.3089
Триадица,2023-01-18,14.9,4.7,9.3,42.6772,23.3089
Триадица,2023-01-19,16.8,4.4,11.0,42.6772,23.3089
Триадица,2023-01-20,9.2,1.3,6.0,42.6772,23.3089
Триадица,2023-01-21,9.0,-1.5,3.9,42.6772,23.3089
Триадица,2023-01-22,9.2,3.2,6.0,42.6772,23.3089
Триадица,2023-01-23,7.6,4.6,6.6,42.6772,23.3089
Триадица,2023-01-24,4.4,0.4,2.2,42.6772,23.3089
Триадица,2023-01-25,2.6,-0.5,0.6,42.6772,23.3089
Триадица,2023-01-26,1.6,-1.9,-0.5,42.6772,23.3089
Триадица,2023-01-27,3.0,-0.4,0.6,42.6772,23.3089
Триадица,2023-01-28,2.4,-1.0,0.0,42.6772,23.3089
Триадица,2023-01-29,1.5,-1.6,-0.2,42.6772,23.3089
Триадица,2023-01-30,1.7,-2.7,-1.2,42.6772,23.3089
Триадица,2023-01-31,3.0,-1.6,0.3,42.6772,23.3089
Триадица,2023-02-01,5.8,-1.9,1.3,42.6772,23.3089
Триадица,2023-02-02,7.0,-1.3,2.6,42.6772,23.3089
Триадица,2023-02-03,3.7,-1.0,1.0,42.6772,23.3089
Триадица,2023-02-04,4.0,-1.1,1.8,42.6772,23.3089
Триадица,2023-02-05,-1.4,-5.7,-4.0,42.6772,23.3089
Триадица,2023-02-06,-2.6,-8.2,-5.2,42.6772,23.3089
Триадица,2023-02-07,-1.2,-6.8,-4.5,42.6772,23.3089
Триадица,2023-02-08,-1.7,-8.1,-4.8,42.6772,23.3089
Триадица,2023-02-09,0.4,-7.7,-4.9,42.6772,23.3089
Триадица,2023-02-10,3.1,-7.4,-3.0,42.6772,23.3089
Триадица,2023-02-11,4.1,-5.7,-1.8,42.6772,23.3089
Триадица,2023-02-12,3.5,-2.3,0.1,42.6772,23.3089
Триадица,2023-02-13,6.0,-2.8,0.7,42.6772,23.3089
Триадица,2023-02-14,3.6,-1.2,0.6,42.6772,23.3089
Триадица,2023-02-15,6.1,-1.1,1.8,42.6772,23.3089
Триадица,2023-02-16,12.4,-2.2,3.2,42.6772,23.3089
Триадица,2023-02-17,13.8,-0.1,5.3,42.6772,23.3089
Триадица,2023-02-18,15.3,1.0,6.6,42.6772,23.3089
Триадица,2023-02-19,17.1,2.8,8.9,42.6772,23.3089
Триадица,2023-02-20,11.4,4.5,7.5,42.6772,23.3089
Триадица,2023-02-21,17.5,2.0,8.5,42.6772,23.3089
Триадица,2023-02-22,15.9,4.2,9.1,42.6772,23.3089
Триадица,2023-02-23,15.3,2.8,8.0,42.6772,23.3089
Триадица,2023-02-24,12.6,4.8,7.7,42.6772,23.3089
Триадица,2023-02-25,15.2,3.2,9.3,42.6772,23.3089
Триадица,2023-02-26,17.9,7.7,12.2,42.6772,23.3089
Триадица,2023-02-27,13.2,3.6,8.4,42.6772,23.3089
Триадица,2023-02-28,11.2,4.0,7.1,42.6772,23.3089
Триадица,2023-03-01,7.5,3.8,5.4,42.6772,23.3089
Триадица,2023-03-02,7.2,3.9,5.1,42.6772,23.3089
Триадица,2023-03-03,6.2,3.1,4.4,42.6772,23.3089
Триадица,2023-03-04,9.2,1.0,4.6,42.6772,23.3089
Триадица,2023-03-05,9.4,1.9,5.2,42.6772,23.3089
Триадица,2023-03-06,11.6,-1.4,4.7,42.6772,23.3089
Триадица,2023-03-07,13.9,1.5,7.2,42.6772,23.3089
Триадица,2023-03-08,13.9,1.7,7.9,42.6772,23.3089
Триадица,2023-03-09,17.9,3.4,10.1,42.6772,23.3089
Триадица,2023-03-10,16.2,6.0,10.2,42.6772,23.3089
Триадица,2023-03-11,14.5,4.7,9.7,42.6772,23.3089
Триадица,2023-03-12,7.2,-0.5,3.2,42.6772,23.3089
Триадица,2023-03-13,10.1,-3.2,3.1,42.6772,23.3089
Триадица,2023-03-14,15.3,-0.5,6.8,42.6772,23.3089
Триадица,2023-03-15,12.8,1.9,6.4,42.6772,23.3089
Триадица,2023-03-16,5.4,0.6,2.3,42.6772,23.3089
Триадица,2023-03-17,7.7,-0.2,3.1,42.6772,23.3089
Триадица,2023-03-18,8.0,-1.7,3.1,42.6772,23.3089
Триадица,2023-03-19,14.9,-1.5,6.0,42.6772,23.3089
Триадица,2023-03-20,19.1,3.2,11.0,42.6772,23.3089
Триадица,2023-03-21,15.5,6.9,11.4,42.6772,23.3089
Триадица,2023-03-22,12.1,5.8,8.6,42.6772,23.3089
Триадица,2023-03-23,14.8,3.5,8.6,42.6772,23.3089
Триадица,2023-03-24,18.6,5.7,11.6,42.6772,23.3089
Триадица,2023-03-25,19.6,5.4,12.6,42.6772,23.3089
Триадица,2023-03-26,15.3,6.2,10.2,42.6772,23.3089
Триадица,2023-03-27,15.1,4.5,8.9,42.6772,23.3089
Триадица,2023-03-28,5.6,-0.3,2.3,42.6772,23.3089
Триадица,2023-03-29,6.9,-2.2,1.9,42.6772,23.3089
Триадица,2023-03-30,13.8,2.3,7.1,42.6772,23.3089
Триадица,2023-03-31,16.9,4.9,10.9,42.6772,23.3089
Триадица,2023-04-01,16.2,6.3,10.4,42.6772,23.3089
Триадица,2023-04-02,15.1,5.2,9.5,42.6772,23.3089
Триадица,2023-04-03,14.3,3.1,7.6,42.6772,23.3089
Триадица,2023-04-04,8.5,0.1,4.9,42.6772,23.3089
Триадица,2023-04-05,4.8,-0.7,1.5,42.6772,23.3089
Триадица,2023-04-06,5.7,-1.9,1.5,42.6772,23.3089
Триадица,2023-04-07,8.3,-0.4,3.6,42.6772,23.3089
Триадица,2023-04-08,11.1,1.7,6.2,42.6772,23.3089
Триадица,2023-04-09,10.8,4.1,6.9,42.6772,23.3089
Триадица,2023-04-10,10.0,3.7,6.9,42.6772,23.3089
Триадица,2023-04-11,11.7,3.5,7.5,42.6772,23.3089
Триадица,2023-04-12,12.2,5.9,8.5,42.6772,23.3089
Триадица,2023-04-13,19.0,1.1,10.2,42.6772,23.3089
Триадица,2023-04-14,20.8,6.5,11.0,42.6772,23.3089
Триадица,2023-04-15,16.3,3.6,10.2,42.6772,23.3089
Триадица,2023-04-16,16.6,6.9,10.8,42.6772,23.3089
Триадица,2023-04-17,14.6,7.5,9.9,42.6772,23.3089
Триадица,2023-04-18,13.2,7.6,9.7,42.6772,23.3089
Триадица,2023-04-19,14.3,6.3,9.5,42.6772,23.3089
Триадица,2023-04-20,13.2,6.0,9.3,42.6772,23.3089
Триадица,2023-04-21,15.2,6.3,10.6,42.6772,23.3089
Триадица,2023-04-22,15.4,4.9,10.5,42.6772,23.3089
Триадица,2023-04-23,16.7,6.0,10.6,42.6772,23.3089
Триадица,2023-04-24,19.0,7.1,11.7,42.6772,23.3089
Триадица,2023-04-25,14.7,8.0,11.4,42.6772,23.3089
Триадица,2023-04-26,13.9,5.9,9.4,42.6772,23.3089
Триадица,2023-04-27,11.3,3.9,7.9,42.6772,23.3089
Триадица,2023-04-28,14.7,2.7,7.9,42.6772,23.3089
Триадица,2023-04-29,14.9,4.0,9.9,42.6772,23.3089
Триадица,2023-04-30,16.7,5.9,11.4,42.6772,23.3089
Триадица,2023-05-01,17.9,6.4,12.2,42.6772,23.3089
Триадица,2023-05-02,19.0,6.8,13.0,42.6772,23.3089
Триадица,2023-05-03,17.6,8.9,11.9,42.6772,23.3089
Триадица,2023-05-04,13.7,7.9,10.7,42.6772,23.3089
Триадица,2023-05-05,16.3,6.0,11.3,42.6772,23.3089
Триадица,2023-05-06,17.4,6.5,12.5,42.6772,23.3089
Триадица,2023-05-07,20.9,9.9,15.0,42.6772,23.3089
Триадица,2023-05-08,20.3,11.0,14.6,42.6772,23.3089
Триадица,2023-05-09,13.4,9.2,11.1,42.6772,23.3089
Триадица,2023-05-10,10.2,7.5,8.7,42.6772,23.3089
Триадица,2023-05-11,13.2,7.4,10.3,42.6772,23.3089
Триадица,2023-05-12,14.3,6.9,10.1,42.6772,23.3089
Триадица,2023-05-13,18.2,7.6,12.6,42.6772,23.3089
Триадица,2023-05-14,15.2,10.4,12.1,42.6772,23.3089
Триадица,2023-05-15,17.7,9.5,13.0,42.6772,23.3089
Триадица,2023-05-16,20.0,11.6,15.1,42.6772,23.3089
Триадица,2023-05-17,18.9,11.3,14.3,42.6772,23.3089
Триадица,2023-05-18,14.6,10.9,12.2,42.6772,23.3089
Триадица,2023-05-19,18.9,7.8,13.6,42.6772,23.3089
Триадица,2023-05-20,19.4,10.7,15.4,42.6772,23.3089
Триадица,2023-05-21,19.3,10.1,14.6,42.6772,23.3089
Триадица,2023-05-22,18.5,9.3,14.3,42.6772,23.3089
Триадица,2023-05-23,20.5,8.8,15.4,42.6772,23.3089
Триадица,2023-05-24,22.4,9.1,16.7,42.6772,23.3089
Триадица,2023-05-25,20.2,11.8,16.5,42.6772,23.3089
Триадица,2023-05-26,20.3,10.7,15.7,42.6772,23.3089
Триадица,2023-05-27,20.6,9.3,15.4,42.6772,23.3089
Триадица,2023-05-28,18.0,10.8,15.1,42.6772,23.3089
Триадица,2023-05-29,19.7,12.5,15.7,42.6772,23.3089
Триадица,2023-05-30,21.2,12.4,16.5,42.6772,23.3089
Триадица,2023-05-31,21.6,11.7,17.0,42.6772,23.3089
Триадица,2023-06-01,21.9,12.9,17.0,42.6772,23.3089
Триадица,2023-06-02,22.6,12.7,18.2,42.6772,23.3089
Триадица,2023-06-03,20.1,12.4,16.7,42.6772,23.3089
Триадица,2023-06-04,20.0,13.4,16.2,42.6772,23.3089
Триадица,2023-06-05,21.7,12.5,17.1,42.6772,23.3089
Триадица,2023-06-06,22.5,11.4,17.1,42.6772,23.3089
Триадица,2023-06-07,21.7,12.1,17.2,42.6772,23.3089
Триадица,2023-06-08,24.1,12.0,18.3,42.6772,23.3089
Триадица,2023-06-09,24.8,12.6,18.5,42.6772,23.3089
Триадица,2023-06-10,22.9,15.0,18.1,42.6772,23.3089
Триадица,2023-06-11,22.9,13.6,18.5,42.6772,23.3089
Триадица,2023-06-12,23.0,15.0,18.0,42.6772,23.3089
Триадица,2023-06-13,19.8,13.8,16.4,42.6772,23.3089
Триадица,2023-06-14,22.1,14.1,17.9,42.6772,23.3089
Триадица,2023-06-15,20.6,14.1,17.8,42.6772,23.3089
Триадица,2023-06-16,21.5,15.3,17.8,42.6772,23.3089
Триадица,2023-06-17,18.9,14.3,16.0,42.6772,23.3089
Триадица,2023-06-18,20.6,13.9,16.8,42.6772,23.3089
Триадица,2023-06-19,24.2,14.1,19.0,42.6772,23.3089
Триадица,2023-06-20,24.2,14.2,19.8,42.6772,23.3089
Триадица,2023-06-21,26.6,16.1,21.6,42.6772,23.3089
Триадица,2023-06-22,28.1,16.0,22.2,42.6772,23.3089
Триадица,2023-06-23,28.9,17.6,23.1,42.6772,23.3089
Триадица,2023-06-24,28.7,18.3,22.9,42.6772,23.3089
Триадица,2023-06-25,23.9,16.8,19.7,42.6772,23.3089
Триадица,2023-06-26,23.5,15.8,19.8,42.6772,23.3089
Триадица,2023-06-27,25.3,13.8,20.2,42.6772,23.3089
Триадица,2023-06-28,24.7,15.2,19.0,42.6772,23.3089
Триадица,2023-06-29,21.4,12.5,16.7,42.6772,23.3089
Триадица,2023-06-30,25.7,11.9,18.8,42.6772,23.3089
Триадица,2023-07-01,27.5,15.7,21.2,42.6772,23.3089
Триадица,2023-07-02,23.5,15.6,19.8,42.6772,23.3089
Триадица,2023-07-03,26.4,16.0,21.2,42.6772,23.3089
Триадица,2023-07-04,28.1,15.6,22.1,42.6772,23.3089
Триадица,2023-07-05,26.0,17.0,21.5,42.6772,23.3089
Триадица,2023-07-06,24.7,16.5,20.6,42.6772,23.3089
Триадица,2023-07-07,25.8,17.4,20.8,42.6772,23.3089
Триадица,2023-07-08,24.2,15.9,20.0,42.6772,23.3089
Триадица,2023-07-09,25.6,14.4,20.4,42.6772,23.3089
Триадица,2023-07-10,27.5,14.4,21.4,42.6772,23.3089
Триадица,2023-07-11,29.1,15.3,22.8,42.6772,23.3089
Триадица,2023-07-12,32.7,18.4,25.3,42.6772,23.3089
Триадица,2023-07-13,35.1,19.5,27.3,42.6772,23.3089
Триадица,2023-07-14,31.5,20.6,26.0,42.6772,23.3089
Триадица,2023-07-15,31.4,20.2,25.4,42.6772,23.3089
Триадица,2023-07-16,31.7,20.8,26.3,42.6772,23.3089
Триадица,2023-07-17,32.2,21.4,27.2,42.6772,23.3089
Триадица,2023-07-18,32.7,21.2,27.3,42.6772,23.3089
Триадица,2023-07-19,32.8,18.8,26.3,42.6772,23.3089
Триадица,2023-07-20,31.2,18.7,25.0,42.6772,23.3089
Триадица,2023-07-21,33.2,19.0,25.5,42.6772,23.3089
Триадица,2023-07-22,35.2,19.6,27.0,42.6772,23.3089
Триадица,2023-07-23,30.3,20.9,25.2,42.6772,23.3089
Триадица,2023-07-24,33.0,18.1,25.7,42.6772,23.3089
Триадица,2023-07-25,37.5,20.2,28.2,42.6772,23.3089
Триадица,2023-07-26,34.1,20.9,27.3,42.6772,23.3089
Триадица,2023-07-27,22.1,15.7,18.9,42.6772,23.3089
Триадица,2023-07-28,29.0,11.3,20.3,42.6772,23.3089
Триадица,2023-07-29,30.2,16.8,23.7,42.6772,23.3089
Триадица,2023-07-30,31.4,17.5,24.7,42.6772,23.3089
Триадица,2023-07-31,26.7,18.6,22.5,42.6772,23.3089
Триадица,2023-08-01,29.9,16.0,22.9,42.6772,23.3089
Триадица,2023-08-02,31.1,19.1,25.0,42.6772,23.3089
Триадица,2023-08-03,34.3,19.6,27.2,42.6772,23.3089
Триадица,2023-08-04,34.1,22.2,28.7,42.6772,23.3089
Триадица,2023-08-05,33.2,20.4,26.8,42.6772,23.3089
Триадица,2023-08-06,26.1,17.6,21.6,42.6772,23.3089
Триадица,2023-08-07,26.0,15.0,19.4,42.6772,23.3089
Триадица,2023-08-08,22.0,14.5,17.7,42.6772,23.3089
Триадица,2023-08-09,25.7,11.1,18.0,42.6772,23.3089
Триадица,2023-08-10,20.8,15.6,18.0,42.6772,23.3089
Триадица,2023-08-11,24.2,12.3,18.2,42.6772,23.3089
Триадица,2023-08-12,26.0,13.2,19.7,42.6772,23.3089
Триадица,2023-08-13,26.1,16.0,21.3,42.6772,23.3089
Триадица,2023-08-14,27.5,15.8,22.3,42.6772,23.3089
Триадица,2023-08-15,25.1,18.4,21.1,42.6772,23.3089
Триадица,2023-08-16,27.0,17.8,22.3,42.6772,23.3089
Триадица,2023-08-17,30.4,17.1,23.8,42.6772,23.3089
Триадица,2023-08-18,31.9,18.1,25.0,42.6772,23.3089
Триадица,2023-08-19,30.3,17.7,24.2,42.6772,23.3089
Триадица,2023-08-20,30.9,18.3,24.5,42.6772,23.3089
Триадица,2023-08-21,32.3,19.5,26.4,42.6772,23.3089
Триадица,2023-08-22,31.8,19.6,25.9,42.6772,23.3089
Триадица,2023-08-23,32.3,21.4,26.9,42.6772,23.3089
Триадица,2023-08-24,30.5,18.9,25.8,42.6772,23.3089
Триадица,2023-08-25,32.2,18.8,25.1,42.6772,23.3089
Триадица,2023-08-26,33.1,18.9,26.0,42.6772,23.3089
Триадица,2023-08-27,31.9,20.0,25.7,42.6772,23.3089
Триадица,2023-08-28,33.4,18.7,25.7,42.6772,23.3089
Триадица,2023-08-29,28.8,18.7,23.3,42.6772,23.3089
Триадица,2023-08-30,29.3,16.9,22.2,42.6772,23.3089
Триадица,2023-08-31,27.1,15.5,21.1,42.6772,23.3089
Триадица,2023-09-01,26.4,14.8,20.5,42.6772,23.3089
Триадица,2023-09-02,27.8,15.2,21.4,42.6772,23.3089
Триадица,2023-09-03,28.0,16.5,21.9,42.6772,23.3089
Триадица,2023-09-04,19.2,14.9,15.8,42.6772,23.3089
Триадица,2023-09-05,21.1,14.9,17.4,42.6772,23.3089
Триадица,2023-09-06,23.4,14.7,19.0,42.6772,23.3089
Триадица,2023-09-07,23.7,16.7,20.1,42.6772,23.3089
Триадица,2023-09-08,24.2,14.2,19.6,42.6772,23.3089
Триадица,2023-09-09,25.2,14.4,19.0,42.6772,23.3089
Триадица,2023-09-10,25.6,15.3,19.8,42.6772,23.3089
Триадица,2023-09-11,25.3,12.1,18.7,42.6772,23.3089
Триадица,2023-09-12,27.4,13.8,19.9,42.6772,23.3089
Триадица,2023-09-13,30.6,16.1,22.5,42.6772,23.3089
Триадица,2023-09-14,29.3,18.3,22.9,42.6772,23.3089
Триадица,2023-09-15,26.8,16.5,20.8,42.6772,23.3089
Триадица,2023-09-16,23.1,15.9,19.1,42.6772,23.3089
Триадица,2023-09-17,23.9,15.5,19.0,42.6772,23.3089
Триадица,2023-09-18,24.4,15.1,19.2,42.6772,23.3089
Триадица,2023-09-19,23.8,14.1,18.1,42.6772,23.3089
Триадица,2023-09-20,25.6,15.0,19.3,42.6772,23.3089
Триадица,2023-09-21,26.8,15.2,20.4,42.6772,23.3089
Триадица,2023-09-22,30.6,14.7,21.9,42.6772,23.3089
Триадица,2023-09-23,32.0,16.1,23.0,42.6772,23.3089
Триадица,2023-09-24,27.8,16.8,21.9,42.6772,23.3089
Триадица,2023-09-25,23.4,17.0,19.9,42.6772,23.3089
Триадица,2023-09-26,22.9,15.4,19.0,42.6772,23.3089
Триадица,2023-09-27,23.1,13.7,18.2,42.6772,23.3089
Триадица,2023-09-28,22.8,12.9,18.1,42.6772,23.3089
Триадица,2023-09-29,24.1,12.8,18.1,42.6772,23.3089
Триадица,2023-09-30,24.6,11.8,18.3,42.6772,23.3089
Триадица,2023-10-01,23.0,13.2,17.2,42.6772,23.3089
Триадица,2023-10-02,21.7,12.3,16.3,42.6772,23.3089
Триадица,2023-10-03,22.1,8.6,15.5,42.6772,23.3089
Триадица,2023-10-04,24.8,12.6,18.0,42.6772,23.3089
Триадица,2023-10-05,24.2,13.1,17.4,42.6772,23.3089
Триадица,2023-10-06,21.6,12.5,16.4,42.6772,23.3089
Триадица,2023-10-07,23.5,7.9,15.1,42.6772,23.3089
Триадица,2023-10-08,24.1,10.1,17.0,42.6772,23.3089
Триадица,2023-10-09,20.2,11.5,15.5,42.6772,23.3089
Триадица,2023-10-10,20.6,11.3,15.7,42.6772,23.3089
Триадица,2023-10-11,20.3,10.1,14.7,42.6772,23.3089
Триадица,2023-10-12,23.3,9.7,15.6,42.6772,23.3089
Триадица,2023-10-13,25.1,10.9,17.9,42.6772,23.3089
Триадица,2023-10-14,25.4,12.7,17.8,42.6772,23.3089
Триадица,2023-10-15,25.5,12.0,17.9,42.6772,23.3089
Триадица,2023-10-16,14.7,8.0,10.9,42.6772,23.3089
Триадица,2023-10-17,11.8,4.4,8.1,42.6772,23.3089
Триадица,2023-10-18,14.9,7.7,10.4,42.6772,23.3089
Триадица,2023-10-19,19.7,6.6,11.8,42.6772,23.3089
Триадица,2023-10-20,26.7,11.4,18.2,42.6772,23.3089
Триадица,2023-10-21,27.8,15.8,20.1,42.6772,23.3089
Триадица,2023-10-22,25.4,15.3,19.8,42.6772,23.3089
Триадица,2023-10-23,23.2,13.5,17.4,42.6772,23.3089
Триадица,2023-10-24,23.9,10.7,16.4,42.6772,23.3089
Триадица,2023-10-25,24.9,13.6,18.6,42.6772,23.3089
Триадица,2023-10-26,22.8,13.3,17.3,42.6772,23.3089
Триадица,2023-10-27,24.1,13.9,18.7,42.6772,23.3089
Триадица,2023-10-28,24.4,13.0,18.3,42.6772,23.3089
Триадица,2023-10-29,22.1,10.3,15.8,42.6772,23.3089
Триадица,2023-10-30,22.4,11.3,15.5,42.6772,23.3089
Триадица,2023-10-31,22.8,7.1,15.8,42.6772,23.3089
Триадица,2023-11-01,18.3,9.9,14.4,42.6772,23.3089
Триадица,2023-11-02,18.4,8.9,12.9,42.6772,23.3089
Триадица,2023-11-03,20.2,9.5,13.6,42.6772,23.3089
Триадица,2023-11-04,13.9,10.1,12.2,42.6772,23.3089
Триадица,2023-11-05,18.7,5.9,12.7,42.6772,23.3089
Триадица,2023-11-06,20.6,11.0,14.9,42.6772,23.3089
Триадица,2023-11-07,19.1,8.4,12.5,42.6772,23.3089
Триадица,2023-11-08,14.7,9.0,12.1,42.6772,23.3089
Триадица,2023-11-09,12.2,4.3,8.0,42.6772,23.3089
Триадица,2023-11-10,13.7,3.8,7.8,42.6772,23.3089
Триадица,2023-11-11,14.0,6.4,9.7,42.6772,23.3089
Триадица,2023-11-12,8.8,2.7,6.8,42.6772,23.3089
Триадица,2023-11-13,13.0,4.6,7.6,42.6772,23.3089
Триадица,2023-11-14,18.8,2.9,9.5,42.6772,23.3089
Триадица,2023-11-15,17.5,5.9,9.8,42.6772,23.3089
Триадица,2023-11-16,12.1,3.5,8.1,42.6772,23.3089
Триадица,2023-11-17,12.7,4.6,7.9,42.6772,23.3089
Триадица,2023-11-18,7.9,2.1,3.6,42.6772,23.3089
Триадица,2023-11-19,5.1,0.9,2.9,42.6772,23.3089
Триадица,2023-11-20,13.6,0.6,5.8,42.6772,23.3089
Триадица,2023-11-21,11.2,3.9,6.7,42.6772,23.3089
Триадица,2023-11-22,10.5,5.9,7.8,42.6772,23.3089
Триадица,2023-11-23,10.3,6.1,8.0,42.6772,23.3089
Триадица,2023-11-24,13.4,6.1,9.4,42.6772,23.3089
Триадица,2023-11-25,9.2,0.0,4.0,42.6772,23.3089
Триадица,2023-11-26,-0.2,-3.5,-1.8,42.6772,23.3089
Триадица,2023-11-27,1.5,-3.0,-1.5,42.6772,23.3089
Триадица,2023-11-28,4.0,-2.0,1.3,42.6772,23.3089
Триадица,2023-11-29,4.1,-0.1,2.7,42.6772,23.3089
Триадица,2023-11-30,7.5,-1.5,2.1,42.6772,23.3089
Триадица,2023-12-01,17.0,1.9,9.9,42.6772,23.3089
Триадица,2023-12-02,15.7,7.6,11.8,42.6772,23.3089
Триадица,2023-12-03,11.0,0.6,6.0,42.6772,23.3089
Триадица,2023-12-04,3.0,-2.9,-0.6,42.6772,23.3089
Триадица,2023-12-05,4.7,-0.8,1.6,42.6772,23.3089
Триадица,2023-12-06,4.6,1.6,3.2,42.6772,23.3089
Триадица,2023-12-07,4.2,1.0,2.9,42.6772,23.3089
Триадица,2023-12-08,2.3,-0.7,0.8,42.6772,23.3089
Триадица,2023-12-09,2.9,-1.7,0.1,42.6772,23.3089
Триадица,2023-12-10,6.8,-2.0,1.3,42.6772,23.3089
Триадица,2023-12-11,9.1,-0.7,3.4,42.6772,23.3089
Триадица,2023-12-12,10.9,-0.4,4.4,42.6772,23.3089
Триадица,2023-12-13,11.9,0.9,6.1,42.6772,23.3089
Триадица,2023-12-14,14.2,4.7,7.8,42.6772,23.3089
Триадица,2023-12-15,5.8,1.9,4.4,42.6772,23.3089
Триадица,2023-12-16,1.9,-2.1,0.5,42.6772,23.3089
Триадица,2023-12-17,4.0,-3.2,-0.5,42.6772,23.3089
Триадица,2023-12-18,10.1,-2.6,1.8,42.6772,23.3089
Триадица,2023-12-19,10.7,-2.2,3.5,42.6772,23.3089
Триадица,2023-12-20,11.7,-0.3,3.8,42.6772,23.3089
Триадица,2023-12-21,6.5,-2.5,1.8,42.6772,23.3089
Триадица,2023-12-22,6.8,-2.5,2.8,42.6772,23.3089
Триадица,2023-12-23,8.6,0.2,3.3,42.6772,23.3089
Триадица,2023-12-24,13.0,3.1,7.8,42.6772,23.3089
Триадица,2023-12-25,14.7,1.6,6.0,42.6772,23.3089
Триадица,2023-12-26,14.9,1.2,5.7,42.6772,23.3089
Триадица,2023-12-27,11.6,2.6,5.7,42.6772,23.3089
Триадица,2023-12-28,12.3,0.9,5.7,42.6772,23.3089
Триадица,2023-12-29,11.7,-0.4,4.1,42.6772,23.3089
Триадица,2023-12-30,11.0,0.2,4.2,42.6772,23.3089
Триадица,2023-12-31,9.3,-0.1,4.5,42.6772,23.3089
Връбница,2023-01-01,10.3,-1.0,3.8,42.735,23.26
Връбница,2023-01-02,11.0,-1.1,3.9,42.735,23.26
Връбница,2023-01-03,12.6,-0.2,3.7,42.735,23.26
Връбница,2023-01-04,8.2,-0.5,4.1,42.735,23.26
Връбница,2023-01-05,11.5,2.2,5.5,42.735,23.26
Връбница,2023-01-06,10.0,0.5,5.1,42.735,23.26
Връбница,2023-01-07,10.1,-2.8,2.9,42.735,23.26
Връбница,2023-01-08,8.4,-2.2,2.3,42.735,23.26
Връбница,2023-01-09,4.7,-1.4,0.5,42.735,23.26
Връбница,2023-01-10,4.3,-0.7,2.1,42.735,23.26
Връбница,2023-01-11,5.2,-1.9,2.2,42.735,23.26
Връбница,2023-01-12,5.3,2.0,3.4,42.735,23.26
Връбница,2023-01-13,5.6,-1.1,3.1,42.735,23.26
Връбница,2023-01-14,5.8,-1.5,2.0,42.735,23.26
Връбница,2023-01-15,7.5,0.5,3.4,42.735,23.26
Връбница,2023-01-16,6.9,-0.7,1.8,42.735,23.26
Връбница,2023-01-17,13.6,0.1,5.8,42.735,23.26
Връбница,2023-01-18,15.7,5.8,9.4,42.735,23.26
Връбница,2023-01-19,17.7,4.7,10.2,42.735,23.26
Връбница,2023-01-20,9.6,0.6,5.8,42.735,23.26
Връбница,2023-01-21,9.1,-2.4,3.5,42.735,23.26
Връбница,2023-01-22,9.5,3.4,6.3,42.735,23.26
Връбница,2023-01-23,8.1,5.3,7.1,42.735,23.26
Връбница,2023-01-24,4.9,0.5,2.3,42.735,23.26
Връбница,2023-01-25,2.6,-0.2,0.8,42.735,23.26
Връбница,2023-01-26,1.7,-1.4,-0.1,42.735,23.26
Връбница,2023-01-27,4.1,-0.1,1.1,42.735,23.26
Връбница,2023-01-28,3.1,-0.6,0.6,42.735,23.26
Връбница,2023-01-29,1.9,-1.1,0.1,42.735,23.26
Връбница,2023-01-30,1.8,-3.3,-1.1,42.735,23.26
Връбница,2023-01-31,3.3,-2.2,0.1,42.735,23.26
Връбница,2023-02-01,6.2,-2.3,1.1,42.735,23.26
Връбница,2023-02-02,7.4,-2.0,1.9,42.735,23.26
Връбница,2023-02-03,4.1,-1.4,0.9,42.735,23.26
Връбница,2023-02-04,4.1,-0.9,1.7,42.735,23.26
Връбница,2023-02-05,-1.0,-5.0,-3.2,42.735,23.26
Връбница,2023-02-06,-1.5,-8.2,-4.5,42.735,23.26
Връбница,2023-02-07,-0.2,-6.2,-3.7,42.735,23.26
Връбница,2023-02-08,-1.2,-7.2,-4.0,42.735,23.26
Връбница,2023-02-09,1.0,-7.5,-4.3,42.735,23.26
Връбница,2023-02-10,3.7,-7.7,-2.9,42.735,23.26
Връбница,2023-02-11,4.3,-7.3,-2.6,42.735,23.26
Връбница,2023-02-12,4.2,-4.1,-0.1,42.735,23.26
Връбница,2023-02-13,6.3,-4.5,0.3,42.735,23.26
Връбница,2023-02-14,5.1,-3.0,0.5,42.735,23.26
Връбница,2023-02-15,6.6,-3.0,1.5,42.735,23.26
Връбница,2023-02-16,11.9,-4.7,1.4,42.735,23.26
Връбница,2023-02-17,14.0,-3.4,3.3,42.735,23.26
Връбница,2023-02-18,15.3,-3.1,4.3,42.735,23.26
Връбница,2023-02-19,17.2,0.3,7.5,42.735,23.26
Връбница,2023-02-20,12.0,2.5,7.0,42.735,23.26
Връбница,2023-02-21,17.9,0.9,7.1,42.735,23.26
Връбница,2023-02-22,16.2,-0.5,6.6,42.735,23.26
Връбница,2023-02-23,15.6,-0.2,6.8,42.735,23.26
Връбница,2023-02-24,12.2,3.9,7.1,42.735,23.26
Връбница,2023-02-25,15.8,1.5,9.6,42.735,23.26
Връбница,2023-02-26,18.7,5.5,11.6,42.735,23.26
Връбница,2023-02-27,12.9,4.7,7.5,42.735,23.26
Връбница,2023-02-28,11.1,3.7,6.9,42.735,23.26
Връбница,2023-03-01,7.4,3.8,5.4,42.735,23.26
Връбница,2023-03-02,7.4,4.0,5.3,42.735,23.26
Връбница,2023-03-03,6.3,2.6,4.4,42.735,23.26
Връбница,2023-03-04,9.6,-0.0,4.1,42.735,23.26
Връбница,2023-03-05,10.0,1.4,5.2,42.735,23.26
Връбница,2023-03-06,12.5,-2.4,4.5,42.735,23.26
Връбница,2023-03-07,14.6,2.6,7.8,42.735,23.26
Връбница,2023-03-08,14.3,1.0,8.2,42.735,23.26
Връбница,2023-03-09,18.7,2.4,9.9,42.735,23.26
Връбница,2023-03-10,16.7,5.7,9.6,42.735,23.26
Връбница,2023-03-11,14.7,5.0,9.4,42.735,23.26
Връбница,2023-03-12,8.2,-0.6,3.6,42.735,23.26
Връбница,2023-03-13,10.2,-4.3,2.5,42.735,23.26
Връбница,2023-03-14,15.0,-2.9,4.7,42.735,23.26
Връбница,2023-03-15,13.5,0.4,5.9,42.735,23.26
Връбница,2023-03-16,5.9,0.9,2.8,42.735,23.26
Връбница,2023-03-17,8.4,0.5,3.7,42.735,23.26
Връбница,2023-03-18,8.6,-4.1,2.6,42.735,23.26
Връбница,2023-03-19,14.7,-4.0,5.1,42.735,23.26
Връбница,2023-03-20,18.9,-0.7,9.5,42.735,23.26
Връбница,2023-03-21,16.8,4.8,10.7,42.735,23.26
Връбница,2023-03-22,13.1,4.8,8.8,42.735,23.26
Връбница,2023-03-23,15.4,0.9,7.5,42.735,23.26
Връбница,2023-03-24,18.5,2.1,10.2,42.735,23.26
Връбница,2023-03-25,19.7,3.3,11.2,42.735,23.26
Връбница,2023-03-26,15.8,6.2,10.2,42.735,23.26
Връбница,2023-03-27,14.6,2.8,8.2,42.735,23.26
Връбница,2023-03-28,5.7,-0.0,2.6,42.735,23.26
Връбница,2023-03-29,7.3,-2.0,2.1,42.735,23.26
Връбница,2023-03-30,13.9,0.6,6.5,42.735,23.26
Връбница,2023-03-31,17.2,3.8,10.5,42.735,23.26
Връбница,2023-04-01,16.4,5.6,10.7,42.735,23.26
Връбница,2023-04-02,15.4,3.4,8.9,42.735,23.26
Връбница,2023-04-03,14.5,1.3,7.2,42.735,23.26
Връбница,2023-04-04,8.8,0.8,5.7,42.735,23.26
Връбница,2023-04-05,5.3,-0.8,1.8,42.735,23.26
Връбница,2023-04-06,6.2,-1.8,1.9,42.735,23.26
Връбница,2023-04-07,8.0,-2.8,3.1,42.735,23.26
Връбница,2023-04-08,11.8,-0.1,5.7,42.735,23.26
Връбница,2023-04-09,12.0,2.4,6.9,42.735,23.26
Връбница,2023-04-10,11.0,3.3,7.3,42.735,23.26
Връбница,2023-04-11,12.7,3.5,7.9,42.735,23.26
Връбница,2023-04-12,12.7,4.0,8.4,42.735,23.26
Връбница,2023-04-13,19.6,-0.9,9.4,42.735,23.26
Връбница,2023-04-14,21.3,3.7,10.6,42.735,23.26
Връбница,2023-04-15,16.6,3.0,10.4,42.735,23.26
Връбница,2023-04-16,16.7,5.5,10.7,42.735,23.26
Връбница,2023-04-17,15.3,6.6,10.0,42.735,23.26
Връбница,2023-04-18,14.3,8.1,10.3,42.735,23.26
Връбница,2023-04-19,14.9,6.5,9.9,42.735,23.26
Връбница,2023-04-20,13.7,5.1,9.3,42.735,23.26
Връбница,2023-04-21,15.6,4.3,10.1,42.735,23.26
Връбница,2023-04-22,15.8,3.6,9.8,42.735,23.26
Връбница,2023-04-23,17.0,3.8,10.3,42.735,23.26
Връбница,2023-04-24,19.5,5.5,10.8,42.735,23.26
Връбница,2023-04-25,14.8,7.8,11.3,42.735,23.26
Връбница,2023-04-26,15.0,4.0,9.7,42.735,23.26
Връбница,2023-04-27,11.9,3.5,8.4,42.735,23.26
Връбница,2023-04-28,15.6,1.0,7.8,42.735,23.26
Връбница,2023-04-29,15.2,3.6,9.5,42.735,23.26
Връбница,2023-04-30,17.4,4.6,11.4,42.735,23.26
Връбница,2023-05-01,18.9,5.3,12.0,42.735,23.26
Връбница,2023-05-02,19.4,7.9,13.4,42.735,23.26
Връбница,2023-05-03,17.7,9.3,12.1,42.735,23.26
Връбница,2023-05-04,14.3,8.5,11.1,42.735,23.26
Връбница,2023-05-05,17.2,5.1,11.7,42.735,23.26
Връбница,2023-05-06,18.3,5.5,12.4,42.735,23.26
Връбница,2023-05-07,21.5,7.2,14.4,42.735,23.26
Връбница,2023-05-08,19.8,9.0,14.0,42.735,23.26
Връбница,2023-05-09,14.3,9.5,11.5,42.735,23.26
Връбница,2023-05-10,10.3,7.3,8.7,42.735,23.26
Връбница,2023-05-11,12.9,7.1,10.1,42.735,23.26
Връбница,2023-05-12,14.7,6.2,9.8,42.735,23.26
Връбница,2023-05-13,18.7,6.9,12.6,42.735,23.26
Връбница,2023-05-14,13.9,10.1,11.4,42.735,23.26
Връбница,2023-05-15,15.9,8.6,12.1,42.735,23.26
Връбница,2023-05-16,20.1,11.5,15.1,42.735,23.26
Връбница,2023-05-17,19.6,11.1,14.6,42.735,23.26
Връбница,2023-05-18,15.6,11.3,12.8,42.735,23.26
Връбница,2023-05-19,19.7,6.9,14.1,42.735,23.26
Връбница,2023-05-20,20.2,9.4,15.2,42.735,23.26
Връбница,2023-05-21,20.3,9.7,15.0,42.735,23.26
Връбница,2023-05-22,19.1,10.5,15.2,42.735,23.26
Връбница,2023-05-23,21.2,7.1,15.2,42.735,23.26
Връбница,2023-05-24,23.2,7.4,16.1,42.735,23.26
Връбница,2023-05-25,21.1,10.3,16.0,42.735,23.26
Връбница,2023-05-26,21.3,9.7,15.6,42.735,23.26
Връбница,2023-05-27,21.1,8.4,15.5,42.735,23.26
Връбница,2023-05-28,19.1,10.6,15.4,42.735,23.26
Връбница,2023-05-29,20.6,12.8,16.4,42.735,23.26
Връбница,2023-05-30,21.8,10.2,16.8,42.735,23.26
Връбница,2023-05-31,22.1,12.1,17.0,42.735,23.26
Връбница,2023-06-01,23.5,11.4,17.2,42.735,23.26
Връбница,2023-06-02,23.4,12.2,18.0,42.735,23.26
Връбница,2023-06-03,21.0,11.8,16.9,42.735,23.26
Връбница,2023-06-04,20.5,12.9,16.6,42.735,23.26
Връбница,2023-06-05,22.3,11.7,17.2,42.735,23.26
Връбница,2023-06-06,23.5,12.2,17.7,42.735,23.26
Връбница,2023-06-07,23.3,12.2,17.9,42.735,23.26
Връбница,2023-06-08,24.9,12.9,18.8,42.735,23.26
Връбница,2023-06-09,25.1,11.7,18.8,42.735,23.26
Връбница,2023-06-10,23.5,13.6,18.5,42.735,23.26
Връбница,2023-06-11,24.0,13.5,18.8,42.735,23.26
Връбница,2023-06-12,24.2,13.5,18.1,42.735,23.26
Връбница,2023-06-13,20.7,14.8,17.0,42.735,23.26
Връбница,2023-06-14,22.5,13.7,18.3,42.735,23.26
Връбница,2023-06-15,21.1,14.3,18.1,42.735,23.26
Връбница,2023-06-16,22.6,15.6,18.3,42.735,23.26
Връбница,2023-06-17,19.5,14.6,16.6,42.735,23.26
Връбница,2023-06-18,21.5,14.1,17.2,42.735,23.26
Връбница,2023-06-19,24.9,12.1,18.4,42.735,23.26
Връбница,2023-06-20,25.0,10.9,19.0,42.735,23.26
Връбница,2023-06-21,27.5,12.6,20.4,42.735,23.26
Връбница,2023-06-22,28.9,14.2,21.6,42.735,23.26
Връбница,2023-06-23,29.5,16.1,22.9,42.735,23.26
Връбница,2023-06-24,29.1,16.2,22.8,42.735,23.26
Връбница,2023-06-25,24.8,15.8,19.8,42.735,23.26
Връбница,2023-06-26,24.1,15.6,20.0,42.735,23.26
Връбница,2023-06-27,25.9,12.0,19.6,42.735,23.26
Връбница,2023-06-28,24.9,13.7,18.7,42.735,23.26
Връбница,2023-06-29,21.1,12.1,16.8,42.735,23.26
Връбница,2023-06-30,25.5,9.9,18.3,42.735,23.26
Връбница,2023-07-01,27.8,14.0,20.9,42.735,23.26
Връбница,2023-07-02,23.6,15.2,19.5,42.735,23.26
Връбница,2023-07-03,27.2,14.2,20.8,42.735,23.26
Връбница,2023-07-04,28.5,13.9,21.7,42.735,23.26
Връбница,2023-07-05,26.3,15.7,20.9,42.735,23.26
Връбница,2023-07-06,25.3,15.5,20.4,42.735,23.26
Връбница,2023-07-07,26.7,16.3,20.7,42.735,23.26
Връбница,2023-07-08,24.9,15.4,20.2,42.735,23.26
Връбница,2023-07-09,26.6,11.8,19.7,42.735,23.26
Връбница,2023-07-10,28.0,12.4,20.9,42.735,23.26
Връбница,2023-07-11,29.4,13.4,21.8,42.735,23.26
Връбница,2023-07-12,32.5,15.9,24.7,42.735,23.26
Връбница,2023-07-13,36.2,16.8,26.9,42.735,23.26
Връбница,2023-07-14,31.9,18.8,25.7,42.735,23.26
Връбница,2023-07-15,31.9,16.9,24.6,42.735,23.26
Връбница,2023-07-16,32.0,19.3,25.9,42.735,23.26
Връбница,2023-07-17,33.2,19.9,26.4,42.735,23.26
Връбница,2023-07-18,33.3,18.4,25.9,42.735,23.26
Връбница,2023-07-19,33.4,17.3,25.8,42.735,23.26
Връбница,2023-07-20,31.3,17.6,24.8,42.735,23.26
Връбница,2023-07-21,32.6,17.8,24.8,42.735,23.26
Връбница,2023-07-22,35.0,19.5,26.5,42.735,23.26
Връбница,2023-07-23,30.6,19.3,24.6,42.735,23.26
Връбница,2023-07-24,32.9,15.5,24.6,42.735,23.26
Връбница,2023-07-25,38.4,18.0,27.8,42.735,23.26
Връбница,2023-07-26,34.8,20.0,27.2,42.735,23.26
Връбница,2023-07-27,22.5,15.6,19.1,42.735,23.26
Връбница,2023-07-28,28.8,9.8,19.7,42.735,23.26
Връбница,2023-07-29,30.7,13.6,22.4,42.735,23.26
Връбница,2023-07-30,31.6,15.2,23.9,42.735,23.26
Връбница,2023-07-31,27.3,18.5,22.8,42.735,23.26
Връбница,2023-08-01,29.8,14.0,22.5,42.735,23.26
Връбница,2023-08-02,30.9,18.0,24.4,42.735,23.26
Връбница,2023-08-03,34.9,18.4,26.6,42.735,23.26
Връбница,2023-08-04,35.2,19.7,28.1,42.735,23.26
Връбница,2023-08-05,33.6,20.1,27.6,42.735,23.26
Връбница,2023-08-06,25.9,17.1,21.5,42.735,23.26
Връбница,2023-08-07,25.4,14.5,19.4,42.735,23.26
Връбница,2023-08-08,22.5,14.2,18.1,42.735,23.26
Връбница,2023-08-09,26.6,9.0,17.9,42.735,23.26
Връбница,2023-08-10,21.7,16.4,18.6,42.735,23.26
Връбница,2023-08-11,25.3,11.4,18.4,42.735,23.26
Връбница,2023-08-12,26.7,11.5,19.7,42.735,23.26
Връбница,2023-08-13,27.4,15.1,21.5,42.735,23.26
Връбница,2023-08-14,28.6,16.5,23.2,42.735,23.26
Връбница,2023-08-15,25.7,18.8,21.7,42.735,23.26
Връбница,2023-08-16,28.0,17.9,22.6,42.735,23.26
Връбница,2023-08-17,30.8,16.7,24.5,42.735,23.26
Връбница,2023-08-18,32.4,18.6,25.9,42.735,23.26
Връбница,2023-08-19,31.0,18.9,25.2,42.735,23.26
Връбница,2023-08-20,31.8,16.6,25.1,42.735,23.26
Връбница,2023-08-21,33.1,17.2,25.9,42.735,23.26
Връбница,2023-08-22,32.9,17.7,25.7,42.735,23.26
Връбница,2023-08-23,33.1,19.5,26.4,42.735,23.26
Връбница,2023-08-24,31.3,18.3,25.4,42.735,23.26
Връбница,2023-08-25,32.5,17.2,24.5,42.735,23.26
Връбница,2023-08-26,33.2,17.3,25.3,42.735,23.26
Връбница,2023-08-27,32.9,19.2,25.8,42.735,23.26
Връбница,2023-08-28,34.0,18.4,25.9,42.735,23.26
Връбница,2023-08-29,29.2,19.2,23.7,42.735,23.26
Връбница,2023-08-30,29.2,16.9,22.1,42.735,23.26
Връбница,2023-08-31,26.9,14.6,20.7,42.735,23.26
Връбница,2023-09-01,26.8,12.8,19.9,42.735,23.26
Връбница,2023-09-02,27.7,13.0,20.5,42.735,23.26
Връбница,2023-09-03,28.5,12.6,20.6,42.735,23.26
Връбница,2023-09-04,19.3,14.8,15.9,42.735,23.26
Връбница,2023-09-05,21.5,14.9,17.8,42.735,23.26
Връбница,2023-09-06,23.9,14.7,19.4,42.735,23.26
Връбница,2023-09-07,24.2,16.7,20.4,42.735,23.26
Връбница,2023-09-08,24.8,12.4,20.0,42.735,23.26
Връбница,2023-09-09,25.7,12.3,18.9,42.735,23.26
Връбница,2023-09-10,26.0,12.6,19.1,42.735,23.26
Връбница,2023-09-11,25.9,11.4,18.3,42.735,23.26
Връбница,2023-09-12,28.1,11.5,19.2,42.735,23.26
Връбница,2023-09-13,30.8,14.0,21.3,42.735,23.26
Връбница,2023-09-14,30.0,16.1,22.4,42.735,23.26
Връбница,2023-09-15,27.6,14.8,20.9,42.735,23.26
Връбница,2023-09-16,22.9,15.3,18.9,42.735,23.26
Връбница,2023-09-17,24.2,14.6,19.0,42.735,23.26
Връбница,2023-09-18,24.8,14.7,19.4,42.735,23.26
Връбница,2023-09-19,23.8,11.6,18.0,42.735,23.26
Връбница,2023-09-20,26.2,13.8,19.1,42.735,23.26
Връбница,2023-09-21,27.0,14.0,20.0,42.735,23.26
Връбница,2023-09-22,30.1,14.2,21.6,42.735,23.26
Връбница,2023-09-23,32.4,18.0,23.5,42.735,23.26
Връбница,2023-09-24,28.2,16.8,21.8,42.735,23.26
Връбница,2023-09-25,23.7,16.9,19.9,42.735,23.26
Връбница,2023-09-26,23.4,15.9,19.6,42.735,23.26
Връбница,2023-09-27,23.4,13.9,18.7,42.735,23.26
Връбница,2023-09-28,23.4,14.2,18.7,42.735,23.26
Връбница,2023-09-29,24.5,10.4,17.4,42.735,23.26
Връбница,2023-09-30,25.4,9.1,17.0,42.735,23.26
Връбница,2023-10-01,23.8,9.9,16.4,42.735,23.26
Връбница,2023-10-02,22.2,11.7,16.1,42.735,23.26
Връбница,2023-10-03,22.3,7.3,14.6,42.735,23.26
Връбница,2023-10-04,26.0,9.7,16.5,42.735,23.26
Връбница,2023-10-05,24.2,11.0,16.5,42.735,23.26
Връбница,2023-10-06,22.4,10.0,15.7,42.735,23.26
Връбница,2023-10-07,23.3,5.8,13.9,42.735,23.26
Връбница,2023-10-08,24.3,7.1,15.7,42.735,23.26
Връбница,2023-10-09,20.1,10.6,15.2,42.735,23.26
Връбница,2023-10-10,20.9,10.4,15.1,42.735,23.26
Връбница,2023-10-11,21.4,9.6,14.7,42.735,23.26
Връбница,2023-10-12,23.0,7.3,14.9,42.735,23.26
Връбница,2023-10-13,26.1,7.1,16.3,42.735,23.26
Връбница,2023-10-14,25.6,9.0,16.5,42.735,23.26
Връбница,2023-10-15,25.4,9.1,16.9,42.735,23.26
Връбница,2023-10-16,15.5,7.4,11.2,42.735,23.26
Връбница,2023-10-17,12.1,4.0,8.0,42.735,23.26
Връбница,2023-10-18,14.8,6.4,10.3,42.735,23.26
Връбница,2023-10-19,19.6,4.4,10.3,42.735,23.26
Връбница,2023-10-20,27.2,8.8,17.0,42.735,23.26
Връбница,2023-10-21,28.4,10.7,18.2,42.735,23.26
Връбница,2023-10-22,26.0,12.8,18.7,42.735,23.26
Връбница,2023-10-23,23.3,12.2,17.0,42.735,23.26
Връбница,2023-10-24,23.9,9.0,15.4,42.735,23.26
Връбница,2023-10-25,25.4,10.8,17.3,42.735,23.26
Връбница,2023-10-26,22.9,13.2,17.3,42.735,23.26
Връбница,2023-10-27,24.6,13.2,18.7,42.735,23.26
Връбница,2023-10-28,24.9,12.6,17.9,42.735,23.26
Връбница,2023-10-29,22.2,8.7,14.5,42.735,23.26
Връбница,2023-10-30,22.2,9.3,14.2,42.735,23.26
Връбница,2023-10-31,22.6,8.3,14.4,42.735,23.26
Връбница,2023-11-01,18.0,8.8,13.7,42.735,23.26
Връбница,2023-11-02,17.9,7.8,11.9,42.735,23.26
Връбница,2023-11-03,18.1,8.2,12.0,42.735,23.26
Връбница,2023-11-04,13.6,9.0,11.4,42.735,23.26
Връбница,2023-11-05,19.0,5.8,11.6,42.735,23.26
Връбница,2023-11-06,20.9,8.1,14.5,42.735,23.26
Връбница,2023-11-07,18.5,6.9,11.1,42.735,23.26
Връбница,2023-11-08,14.4,7.5,10.4,42.735,23.26
Връбница,2023-11-09,11.9,3.2,7.3,42.735,23.26
Връбница,2023-11-10,12.7,0.7,5.7,42.735,23.26
Връбница,2023-11-11,13.7,5.3,8.9,42.735,23.26
Връбница,2023-11-12,9.2,2.0,6.4,42.735,23.26
Връбница,2023-11-13,12.7,3.2,6.7,42.735,23.26
Връбница,2023-11-14,18.6,1.7,8.2,42.735,23.26
Връбница,2023-11-15,16.0,4.6,9.0,42.735,23.26
Връбница,2023-11-16,11.9,3.3,7.7,42.735,23.26
Връбница,2023-11-17,11.8,1.9,6.3,42.735,23.26
Връбница,2023-11-18,7.2,2.2,3.8,42.735,23.26
Връбница,2023-11-19,4.6,1.1,2.7,42.735,23.26
Връбница,2023-11-20,12.8,-2.0,4.1,42.735,23.26
Връбница,2023-11-21,10.3,-0.6,3.6,42.735,23.26
Връбница,2023-11-22,10.9,1.6,6.5,42.735,23.26
Връбница,2023-11-23,9.7,5.9,8.0,42.735,23.26
Връбница,2023-11-24,13.5,5.6,9.0,42.735,23.26
Връбница,2023-11-25,10.0,0.1,4.1,42.735,23.26
Връбница,2023-11-26,-0.1,-3.7,-1.7,42.735,23.26
Връбница,2023-11-27,1.3,-4.3,-2.0,42.735,23.26
Връбница,2023-11-28,1.5,-4.8,-0.7,42.735,23.26
Връбница,2023-11-29,5.0,-2.0,2.4,42.735,23.26
Връбница,2023-11-30,6.0,-3.9,-0.0,42.735,23.26
Връбница,2023-12-01,17.4,-0.9,8.3,42.735,23.26
Връбница,2023-12-02,14.8,4.8,10.4,42.735,23.26
Връбница,2023-12-03,9.3,0.9,5.8,42.735,23.26
Връбница,2023-12-04,2.9,-3.6,-0.9,42.735,23.26
Връбница,2023-12-05,3.7,-1.3,0.9,42.735,23.26
Връбница,2023-12-06,4.6,1.4,3.2,42.735,23.26
Връбница,2023-12-07,4.6,1.2,2.8,42.735,23.26
Връбница,2023-12-08,3.1,-0.8,1.1,42.735,23.26
Връбница,2023-12-09,3.2,-3.3,0.6,42.735,23.26
Връбница,2023-12-10,6.0,-4.3,0.1,42.735,23.26
Връбница,2023-12-11,8.6,-0.6,2.7,42.735,23.26
Връбница,2023-12-12,10.5,-0.8,3.9,42.735,23.26
Връбница,2023-12-13,11.2,0.8,4.5,42.735,23.26
Връбница,2023-12-14,13.1,2.7,6.4,42.735,23.26
Връбница,2023-12-15,6.4,2.1,4.7,42.735,23.26
Връбница,2023-12-16,2.1,0.2,1.2,42.735,23.26
Връбница,2023-12-17,3.9,-4.0,-0.6,42.735,23.26
Връбница,2023-12-18,9.5,-4.4,-0.3,42.735,23.26
Връбница,2023-12-19,9.8,-4.9,1.0,42.735,23.26
Връбница,2023-12-20,11.2,-5.2,0.7,42.735,23.26
Връбница,2023-12-21,6.0,-3.9,0.6,42.735,23.26
Връбница,2023-12-22,5.4,-3.3,1.8,42.735,23.26
Връбница,2023-12-23,6.8,-1.4,2.3,42.735,23.26
Връбница,2023-12-24,12.9,2.4,5.9,42.735,23.26
Връбница,2023-12-25,13.6,0.1,4.3,42.735,23.26
Връбница,2023-12-26,14.0,-1.9,3.3,42.735,23.26
Връбница,2023-12-27,11.9,-0.8,3.1,42.735,23.26
Връбница,2023-12-28,11.2,-3.3,2.5,42.735,23.26
Връбница,2023-12-29,11.0,-3.7,2.5,42.735,23.26
Връбница,2023-12-30,10.3,-3.2,1.2,42.735,23.26
Връбница,2023-12-31,8.1,-2.6,2.1,42.735,23.26
Бояна,2023-01-01,11.1,3.1,7.4,42.635,23.265
Бояна,2023-01-02,12.3,2.9,6.5,42.635,23.265
Бояна,2023-01-03,12.7,3.7,6.8,42.635,23.265
Бояна,2023-01-04,5.7,1.4,3.4,42.635,23.265
Бояна,2023-01-05,8.6,3.0,4.8,42.635,23.265
Бояна,2023-01-06,6.8,0.6,3.9,42.635,23.265
Бояна,2023-01-07,7.9,-0.3,3.4,42.635,23.265
Бояна,2023-01-08,8.0,0.4,3.8,42.635,23.265
Бояна,2023-01-09,7.0,-0.9,2.2,42.635,23.265
Бояна,2023-01-10,3.2,-0.4,1.4,42.635,23.265
Бояна,2023-01-11,0.9,-3.3,-0.8,42.635,23.265
Бояна,2023-01-12,1.1,-1.0,-0.5,42.635,23.265
Бояна,2023-01-13,1.3,-2.1,-0.5,42.635,23.265
Бояна,2023-01-14,2.8,-2.0,-0.0,42.635,23.265
Бояна,2023-01-15,4.8,-0.9,0.9,42.635,23.265
Бояна,2023-01-16,4.6,-2.5,1.2,42.635,23.265
Бояна,2023-01-17,9.4,1.5,5.5,42.635,23.265
Бояна,2023-01-18,10.9,5.9,7.7,42.635,23.265
Бояна,2023-01-19,12.6,5.3,8.7,42.635,23.265
Бояна,2023-01-20,6.0,0.3,3.6,42.635,23.265
Бояна,2023-01-21,5.8,-2.0,1.8,42.635,23.265
Бояна,2023-01-22,6.7,1.9,3.8,42.635,23.265
Бояна,2023-01-23,5.0,1.8,3.7,42.635,23.265
Бояна,2023-01-24,1.5,-2.1,-0.2,42.635,23.265
Бояна,2023-01-25,0.6,-3.0,-1.9,42.635,23.265
Бояна,2023-01-26,-1.4,-4.4,-3.0,42.635,23.265
Бояна,2023-01-27,0.2,-3.8,-2.4,42.635,23.265
Бояна,2023-01-28,-1.6,-6.4,-3.9,42.635,23.265
Бояна,2023-01-29,-2.4,-5.4,-3.8,42.635,23.265
Бояна,2023-01-30,-2.2,-10.4,-5.6,42.635,23.265
Бояна,2023-01-31,-0.6,-8.9,-4.3,42.635,23.265
Бояна,2023-02-01,2.3,-5.1,-1.9,42.635,23.265
Бояна,2023-02-02,3.2,-3.0,0.0,42.635,23.265
Бояна,2023-02-03,0.1,-5.1,-2.7,42.635,23.265
Бояна,2023-02-04,0.1,-5.2,-1.9,42.635,23.265
Бояна,2023-02-05,-5.2,-9.6,-8.0,42.635,23.265
Бояна,2023-02-06,-7.4,-12.8,-9.9,42.635,23.265
Бояна,2023-02-07,-6.1,-14.4,-9.5,42.635,23.265
Бояна,2023-02-08,-6.2,-11.1,-9.1,42.635,23.265
Бояна,2023-02-09,-3.5,-14.4,-9.7,42.635,23.265
Бояна,2023-02-10,-0.1,-12.8,-6.2,42.635,23.265
Бояна,2023-02-11,0.5,-10.2,-4.6,42.635,23.265
Бояна,2023-02-12,-0.9,-10.6,-5.2,42.635,23.265
Бояна,2023-02-13,2.4,-7.1,-2.6,42.635,23.265
Бояна,2023-02-14,-0.3,-9.1,-4.4,42.635,23.265
Бояна,2023-02-15,2.7,-7.2,-2.1,42.635,23.265
Бояна,2023-02-16,8.5,-7.1,0.8,42.635,23.265
Бояна,2023-02-17,9.9,0.1,3.8,42.635,23.265
Бояна,2023-02-18,11.7,3.7,7.0,42.635,23.265
Бояна,2023-02-19,13.3,5.8,8.6,42.635,23.265
Бояна,2023-02-20,7.9,1.9,4.6,42.635,23.265
Бояна,2023-02-21,13.2,3.3,7.5,42.635,23.265
Бояна,2023-02-22,12.5,4.2,8.5,42.635,23.265
Бояна,2023-02-23,12.1,4.3,8.0,42.635,23.265
Бояна,2023-02-24,9.6,3.6,5.6,42.635,23.265
Бояна,2023-02-25,11.1,4.4,7.4,42.635,23.265
Бояна,2023-02-26,13.3,5.2,9.2,42.635,23.265
Бояна,2023-02-27,9.9,3.0,6.3,42.635,23.265
Бояна,2023-02-28,9.6,2.2,5.0,42.635,23.265
Бояна,2023-03-01,5.6,1.4,3.1,42.635,23.265
Бояна,2023-03-02,4.9,1.4,2.7,42.635,23.265
Бояна,2023-03-03,3.8,0.8,2.0,42.635,23.265
Бояна,2023-03-04,5.5,0.2,2.5,42.635,23.265
Бояна,2023-03-05,5.8,-1.9,2.2,42.635,23.265
Бояна,2023-03-06,7.3,-2.6,2.2,42.635,23.265
Бояна,2023-03-07,9.4,2.2,5.2,42.635,23.265
Бояна,2023-03-08,10.0,2.3,5.9,42.635,23.265
Бояна,2023-03-09,13.2,4.4,8.1,42.635,23.265
Бояна,2023-03-10,12.5,6.4,8.4,42.635,23.265
Бояна,2023-03-11,10.6,1.6,6.5,42.635,23.265
Бояна,2023-03-12,2.8,-4.0,-0.4,42.635,23.265
Бояна,2023-03-13,7.1,-2.6,1.3,42.635,23.265
Бояна,2023-03-14,12.2,-0.7,5.7,42.635,23.265
Бояна,2023-03-15,8.6,0.7,4.1,42.635,23.265
Бояна,2023-03-16,2.1,-2.5,-1.1,42.635,23.265
Бояна,2023-03-17,3.9,-2.8,-0.6,42.635,23.265
Бояна,2023-03-18,4.2,-3.9,-0.0,42.635,23.265
Бояна,2023-03-19,11.7,-2.1,4.8,42.635,23.265
Бояна,2023-03-20,15.9,2.3,9.4,42.635,23.265
Бояна,2023-03-21,12.4,6.3,10.1,42.635,23.265
Бояна,2023-03-22,8.2,3.0,5.3,42.635,23.265
Бояна,2023-03-23,11.4,3.0,6.9,42.635,23.265
Бояна,2023-03-24,15.4,3.7,9.4,42.635,23.265
Бояна,2023-03-25,16.0,6.4,10.4,42.635,23.265
Бояна,2023-03-26,11.8,3.7,7.4,42.635,23.265
Бояна,2023-03-27,12.6,2.3,6.9,42.635,23.265
Бояна,2023-03-28,2.3,-3.9,-1.3,42.635,23.265
Бояна,2023-03-29,3.3,-5.5,-1.5,42.635,23.265
Бояна,2023-03-30,10.2,-0.1,4.3,42.635,23.265
Бояна,2023-03-31,12.9,5.0,8.6,42.635,23.265
Бояна,2023-04-01,12.8,3.7,8.4,42.635,23.265
Бояна,2023-04-02,11.1,3.1,6.8,42.635,23.265
Бояна,2023-04-03,10.6,4.0,6.4,42.635,23.265
Бояна,2023-04-04,5.0,-3.2,1.6,42.635,23.265
Бояна,2023-04-05,1.5,-4.1,-1.8,42.635,23.265
Бояна,2023-04-06,2.0,-5.2,-2.0,42.635,23.265
Бояна,2023-04-07,4.7,-3.7,0.2,42.635,23.265
Бояна,2023-04-08,7.5,-0.6,3.4,42.635,23.265
Бояна,2023-04-09,7.4,1.3,3.7,42.635,23.265
Бояна,2023-04-10,6.6,1.2,3.4,42.635,23.265
Бояна,2023-04-11,7.8,0.9,4.2,42.635,23.265
Бояна,2023-04-12,8.6,1.7,4.9,42.635,23.265
Бояна,2023-04-13,15.2,1.5,8.2,42.635,23.265
Бояна,2023-04-14,16.5,4.7,9.2,42.635,23.265
Бояна,2023-04-15,12.4,3.8,7.6,42.635,23.265
Бояна,2023-04-16,13.6,5.6,8.5,42.635,23.265
Бояна,2023-04-17,10.9,5.3,7.1,42.635,23.265
Бояна,2023-04-18,8.6,5.0,6.4,42.635,23.265
Бояна,2023-04-19,10.6,3.4,6.2,42.635,23.265
Бояна,2023-04-20,10.6,2.8,6.4,42.635,23.265
Бояна,2023-04-21,11.6,4.0,7.5,42.635,23.265
Бояна,2023-04-22,11.9,4.7,8.3,42.635,23.265
Бояна,2023-04-23,13.4,2.8,8.2,42.635,23.265
Бояна,2023-04-24,14.9,4.7,9.5,42.635,23.265
Бояна,2023-04-25,11.2,6.2,8.4,42.635,23.265
Бояна,2023-04-26,10.1,3.2,6.1,42.635,23.265
Бояна,2023-04-27,7.9,0.4,4.3,42.635,23.265
Бояна,2023-04-28,10.5,-1.3,4.5,42.635,23.265
Бояна,2023-04-29,11.5,3.0,7.8,42.635,23.265
Бояна,2023-04-30,12.9,4.8,9.3,42.635,23.265
Бояна,2023-05-01,14.4,5.7,10.3,42.635,23.265
Бояна,2023-05-02,15.4,4.8,10.3,42.635,23.265
Бояна,2023-05-03,14.8,6.1,9.2,42.635,23.265
Бояна,2023-05-04,10.7,5.4,7.9,42.635,23.265
Бояна,2023-05-05,12.5,3.7,7.7,42.635,23.265
Бояна,2023-05-06,13.8,4.8,9.3,42.635,23.265
Бояна,2023-05-07,17.4,6.1,12.0,42.635,23.265
Бояна,2023-05-08,16.8,7.8,11.7,42.635,23.265
Бояна,2023-05-09,10.4,6.4,8.2,42.635,23.265
Бояна,2023-05-10,7.7,5.3,6.3,42.635,23.265
Бояна,2023-05-11,11.0,4.4,7.9,42.635,23.265
Бояна,2023-05-12,11.3,5.7,7.9,42.635,23.265
Бояна,2023-05-13,15.0,6.1,10.1,42.635,23.265
Бояна,2023-05-14,13.9,8.4,10.5,42.635,23.265
Бояна,2023-05-15,17.5,8.2,12.4,42.635,23.265
Бояна,2023-05-16,17.9,10.7,13.3,42.635,23.265
Бояна,2023-05-17,15.3,9.6,11.8,42.635,23.265
Бояна,2023-05-18,10.9,7.4,8.9,42.635,23.265
Бояна,2023-05-19,15.5,6.3,10.9,42.635,23.265
Бояна,2023-05-20,15.4,7.6,12.0,42.635,23.265
Бояна,2023-05-21,15.9,9.1,12.1,42.635,23.265
Бояна,2023-05-22,14.9,7.9,11.4,42.635,23.265
Бояна,2023-05-23,16.9,8.6,12.8,42.635,23.265
Бояна,2023-05-24,18.6,9.7,14.7,42.635,23.265
Бояна,2023-05-25,17.2,10.9,14.5,42.635,23.265
Бояна,2023-05-26,17.2,10.1,13.6,42.635,23.265
Бояна,2023-05-27,16.9,10.0,13.0,42.635,23.265
Бояна,2023-05-28,14.4,8.1,11.8,42.635,23.265
Бояна,2023-05-29,16.4,9.7,12.6,42.635,23.265
Бояна,2023-05-30,18.0,9.0,13.5,42.635,23.265
Бояна,2023-05-31,18.4,9.5,14.1,42.635,23.265
Бояна,2023-06-01,18.0,11.1,14.4,42.635,23.265
Бояна,2023-06-02,18.9,10.9,14.9,42.635,23.265
Бояна,2023-06-03,16.9,11.5,14.2,42.635,23.265
Бояна,2023-06-04,17.5,10.8,13.4,42.635,23.265
Бояна,2023-06-05,18.5,9.9,14.4,42.635,23.265
Бояна,2023-06-06,19.5,10.1,14.9,42.635,23.265
Бояна,2023-06-07,18.4,10.2,14.9,42.635,23.265
Бояна,2023-06-08,20.5,10.1,15.5,42.635,23.265
Бояна,2023-06-09,20.5,11.4,16.0,42.635,23.265
Бояна,2023-06-10,19.0,12.6,15.1,42.635,23.265
Бояна,2023-06-11,19.4,10.9,15.4,42.635,23.265
Бояна,2023-06-12,19.4,11.6,14.8,42.635,23.265
Бояна,2023-06-13,16.7,11.3,13.6,42.635,23.265
Бояна,2023-06-14,18.8,11.9,14.9,42.635,23.265
Бояна,2023-06-15,18.0,11.6,15.1,42.635,23.265
Бояна,2023-06-16,18.0,12.8,15.0,42.635,23.265
Бояна,2023-06-17,15.3,11.5,12.8,42.635,23.265
Бояна,2023-06-18,17.0,10.9,13.6,42.635,23.265
Бояна,2023-06-19,20.4,10.6,15.7,42.635,23.265
Бояна,2023-06-20,20.5,11.9,16.8,42.635,23.265
Бояна,2023-06-21,23.4,14.8,19.6,42.635,23.265
Бояна,2023-06-22,24.4,16.6,20.6,42.635,23.265
Бояна,2023-06-23,25.2,16.0,21.0,42.635,23.265
Бояна,2023-06-24,25.1,17.5,20.7,42.635,23.265
Бояна,2023-06-25,20.7,14.7,17.3,42.635,23.265
Бояна,2023-06-26,19.5,13.3,16.2,42.635,23.265
Бояна,2023-06-27,22.0,14.4,18.2,42.635,23.265
Бояна,2023-06-28,21.2,11.6,16.4,42.635,23.265
Бояна,2023-06-29,18.3,9.6,13.6,42.635,23.265
Бояна,2023-06-30,22.2,11.2,16.7,42.635,23.265
Бояна,2023-07-01,24.1,14.1,19.2,42.635,23.265
Бояна,2023-07-02,21.0,14.3,17.4,42.635,23.265
Бояна,2023-07-03,22.2,12.4,17.6,42.635,23.265
Бояна,2023-07-04,24.2,15.2,20.0,42.635,23.265
Бояна,2023-07-05,23.0,16.5,19.1,42.635,23.265
Бояна,2023-07-06,21.4,14.9,18.0,42.635,23.265
Бояна,2023-07-07,21.9,15.3,17.9,42.635,23.265
Бояна,2023-07-08,20.3,13.1,16.7,42.635,23.265
Бояна,2023-07-09,21.8,12.9,17.5,42.635,23.265
Бояна,2023-07-10,23.4,13.9,18.9,42.635,23.265
Бояна,2023-07-11,25.5,15.4,21.0,42.635,23.265
Бояна,2023-07-12,29.0,18.5,23.7,42.635,23.265
Бояна,2023-07-13,31.0,21.0,25.9,42.635,23.265
Бояна,2023-07-14,27.9,21.0,24.1,42.635,23.265
Бояна,2023-07-15,27.5,18.6,22.8,42.635,23.265
Бояна,2023-07-16,28.0,18.9,23.3,42.635,23.265
Бояна,2023-07-17,28.2,20.1,24.1,42.635,23.265
Бояна,2023-07-18,28.5,22.2,25.0,42.635,23.265
Бояна,2023-07-19,29.0,18.6,24.3,42.635,23.265
Бояна,2023-07-20,27.5,18.8,23.1,42.635,23.265
Бояна,2023-07-21,29.6,18.5,23.3,42.635,23.265
Бояна,2023-07-22,31.8,18.0,24.7,42.635,23.265
Бояна,2023-07-23,26.2,19.5,22.6,42.635,23.265
Бояна,2023-07-24,29.1,18.3,23.5,42.635,23.265
Бояна,2023-07-25,33.5,21.1,26.6,42.635,23.265
Бояна,2023-07-26,30.5,17.3,25.1,42.635,23.265
Бояна,2023-07-27,17.9,12.4,15.1,42.635,23.265
Бояна,2023-07-28,24.6,10.6,17.4,42.635,23.265
Бояна,2023-07-29,26.0,18.8,21.5,42.635,23.265
Бояна,2023-07-30,27.4,18.1,22.5,42.635,23.265
Бояна,2023-07-31,22.2,15.5,18.5,42.635,23.265
Бояна,2023-08-01,26.1,14.4,19.7,42.635,23.265
Бояна,2023-08-02,27.5,18.2,22.2,42.635,23.265
Бояна,2023-08-03,30.4,18.5,24.2,42.635,23.265
Бояна,2023-08-04,29.8,21.5,25.3,42.635,23.265
Бояна,2023-08-05,29.4,17.6,23.3,42.635,23.265
Бояна,2023-08-06,22.5,15.1,18.3,42.635,23.265
Бояна,2023-08-07,22.9,12.7,16.2,42.635,23.265
Бояна,2023-08-08,17.9,11.1,14.1,42.635,23.265
Бояна,2023-08-09,21.6,9.8,15.4,42.635,23.265
Бояна,2023-08-10,16.6,12.7,14.6,42.635,23.265
Бояна,2023-08-11,19.8,10.9,15.1,42.635,23.265
Бояна,2023-08-12,21.6,12.2,17.0,42.635,23.265
Бояна,2023-08-13,21.7,13.8,17.6,42.635,23.265
Бояна,2023-08-14,23.4,14.1,18.6,42.635,23.265
Бояна,2023-08-15,21.0,15.3,17.5,42.635,23.265
Бояна,2023-08-16,22.6,15.2,18.6,42.635,23.265
Бояна,2023-08-17,26.5,15.6,20.5,42.635,23.265
Бояна,2023-08-18,27.0,16.7,21.4,42.635,23.265
Бояна,2023-08-19,25.4,15.2,20.2,42.635,23.265
Бояна,2023-08-20,25.9,16.7,21.0,42.635,23.265
Бояна,2023-08-21,27.3,17.3,22.1,42.635,23.265
Бояна,2023-08-22,27.3,17.6,22.8,42.635,23.265
Бояна,2023-08-23,28.4,18.9,23.1,42.635,23.265
Бояна,2023-08-24,26.0,19.8,22.8,42.635,23.265
Бояна,2023-08-25,27.5,18.0,22.0,42.635,23.265
Бояна,2023-08-26,28.4,17.9,22.7,42.635,23.265
Бояна,2023-08-27,27.1,18.2,22.6,42.635,23.265
Бояна,2023-08-28,29.3,17.5,22.8,42.635,23.265
Бояна,2023-08-29,24.9,16.9,20.5,42.635,23.265
Бояна,2023-08-30,25.2,13.6,19.0,42.635,23.265
Бояна,2023-08-31,23.0,14.9,18.4,42.635,23.265
Бояна,2023-09-01,22.0,12.1,17.5,42.635,23.265
Бояна,2023-09-02,23.5,15.1,18.6,42.635,23.265
Бояна,2023-09-03,23.4,14.2,19.0,42.635,23.265
Бояна,2023-09-04,17.0,11.3,12.4,42.635,23.265
Бояна,2023-09-05,16.9,11.6,13.7,42.635,23.265
Бояна,2023-09-06,19.2,12.1,15.5,42.635,23.265
Бояна,2023-09-07,19.9,13.6,16.6,42.635,23.265
Бояна,2023-09-08,20.3,12.5,16.3,42.635,23.265
Бояна,2023-09-09,21.0,12.1,15.9,42.635,23.265
Бояна,2023-09-10,21.0,12.1,16.2,42.635,23.265
Бояна,2023-09-11,21.0,11.4,15.7,42.635,23.265
Бояна,2023-09-12,23.4,13.1,17.9,42.635,23.265
Бояна,2023-09-13,26.4,13.4,19.8,42.635,23.265
Бояна,2023-09-14,25.1,15.9,19.6,42.635,23.265
Бояна,2023-09-15,22.6,14.1,17.5,42.635,23.265
Бояна,2023-09-16,20.5,12.9,16.0,42.635,23.265
Бояна,2023-09-17,20.2,13.1,16.0,42.635,23.265
Бояна,2023-09-18,20.4,13.1,15.9,42.635,23.265
Бояна,2023-09-19,21.0,12.2,16.2,42.635,23.265
Бояна,2023-09-20,21.2,13.1,16.6,42.635,23.265
Бояна,2023-09-21,22.5,15.4,18.4,42.635,23.265
Бояна,2023-09-22,26.5,15.1,20.1,42.635,23.265
Бояна,2023-09-23,27.9,18.0,22.1,42.635,23.265
Бояна,2023-09-24,24.6,14.9,20.6,42.635,23.265
Бояна,2023-09-25,19.9,14.1,16.6,42.635,23.265
Бояна,2023-09-26,18.9,12.2,15.3,42.635,23.265
Бояна,2023-09-27,18.5,11.2,14.6,42.635,23.265
Бояна,2023-09-28,18.5,11.1,14.4,42.635,23.265
Бояна,2023-09-29,19.4,11.6,15.1,42.635,23.265
Бояна,2023-09-30,19.9,11.6,15.5,42.635,23.265
Бояна,2023-10-01,18.3,11.2,14.3,42.635,23.265
Бояна,2023-10-02,17.4,8.4,12.3,42.635,23.265
Бояна,2023-10-03,18.0,8.1,12.9,42.635,23.265
Бояна,2023-10-04,20.9,9.9,15.1,42.635,23.265
Бояна,2023-10-05,20.3,11.3,15.2,42.635,23.265
Бояна,2023-10-06,17.0,10.6,13.7,42.635,23.265
Бояна,2023-10-07,19.1,7.9,13.0,42.635,23.265
Бояна,2023-10-08,19.9,9.8,14.7,42.635,23.265
Бояна,2023-10-09,16.0,8.1,12.3,42.635,23.265
Бояна,2023-10-10,16.0,10.2,13.3,42.635,23.265
Бояна,2023-10-11,16.1,8.2,11.9,42.635,23.265
Бояна,2023-10-12,19.5,7.2,12.9,42.635,23.265
Бояна,2023-10-13,21.0,10.4,15.1,42.635,23.265
Бояна,2023-10-14,21.2,12.9,16.5,42.635,23.265
Бояна,2023-10-15,21.0,11.6,15.4,42.635,23.265
Бояна,2023-10-16,10.8,4.7,7.2,42.635,23.265
Бояна,2023-10-17,8.9,3.3,6.0,42.635,23.265
Бояна,2023-10-18,11.4,5.6,7.8,42.635,23.265
Бояна,2023-10-19,16.1,5.6,10.5,42.635,23.265
Бояна,2023-10-20,22.4,12.1,16.6,42.635,23.265
Бояна,2023-10-21,23.5,16.4,18.9,42.635,23.265
Бояна,2023-10-22,20.9,14.6,17.5,42.635,23.265
Бояна,2023-10-23,19.4,13.8,15.9,42.635,23.265
Бояна,2023-10-24,20.2,11.5,15.3,42.635,23.265
Бояна,2023-10-25,20.2,14.0,16.4,42.635,23.265
Бояна,2023-10-26,18.4,12.7,14.6,42.635,23.265
Бояна,2023-10-27,19.5,12.8,15.6,42.635,23.265
Бояна,2023-10-28,19.7,12.7,15.7,42.635,23.265
Бояна,2023-10-29,17.9,10.3,13.8,42.635,23.265
Бояна,2023-10-30,19.1,10.1,14.2,42.635,23.265
Бояна,2023-10-31,19.3,9.6,14.3,42.635,23.265
Бояна,2023-11-01,14.8,9.5,12.0,42.635,23.265
Бояна,2023-11-02,14.9,9.4,11.3,42.635,23.265
Бояна,2023-11-03,18.8,9.5,12.8,42.635,23.265
Бояна,2023-11-04,12.6,7.4,10.0,42.635,23.265
Бояна,2023-11-05,14.7,6.8,10.7,42.635,23.265
Бояна,2023-11-06,16.2,11.1,13.2,42.635,23.265
Бояна,2023-11-07,16.2,8.2,11.5,42.635,23.265
Бояна,2023-11-08,13.7,5.9,10.7,42.635,23.265
Бояна,2023-11-09,9.9,0.6,4.9,42.635,23.265
Бояна,2023-11-10,11.2,2.6,6.7,42.635,23.265
Бояна,2023-11-11,10.6,6.1,7.9,42.635,23.265
Бояна,2023-11-12,6.4,3.5,5.1,42.635,23.265
Бояна,2023-11-13,9.9,2.8,6.3,42.635,23.265
Бояна,2023-11-14,15.0,6.9,10.1,42.635,23.265
Бояна,2023-11-15,14.8,6.0,9.4,42.635,23.265
Бояна,2023-11-16,8.7,3.3,5.5,42.635,23.265
Бояна,2023-11-17,10.4,4.8,6.7,42.635,23.265
Бояна,2023-11-18,5.8,-1.6,0.3,42.635,23.265
Бояна,2023-11-19,2.8,-2.7,-0.2,42.635,23.265
Бояна,2023-11-20,10.8,2.5,5.8,42.635,23.265
Бояна,2023-11-21,9.6,2.2,5.5,42.635,23.265
Бояна,2023-11-22,8.1,5.6,6.8,42.635,23.265
Бояна,2023-11-23,8.1,4.6,5.8,42.635,23.265
Бояна,2023-11-24,10.1,6.2,8.1,42.635,23.265
Бояна,2023-11-25,7.9,-3.1,1.8,42.635,23.265
Бояна,2023-11-26,-3.3,-6.8,-5.1,42.635,23.265
Бояна,2023-11-27,-0.9,-6.8,-4.0,42.635,23.265
Бояна,2023-11-28,3.8,-0.9,1.8,42.635,23.265
Бояна,2023-11-29,4.1,-6.4,0.2,42.635,23.265
Бояна,2023-11-30,4.6,-5.5,0.4,42.635,23.265
Бояна,2023-12-01,13.1,4.8,9.6,42.635,23.265
Бояна,2023-12-02,13.6,9.7,11.5,42.635,23.265
Бояна,2023-12-03,9.8,-2.3,4.7,42.635,23.265
Бояна,2023-12-04,1.1,-5.6,-2.9,42.635,23.265
Бояна,2023-12-05,3.8,-1.8,0.8,42.635,23.265
Бояна,2023-12-06,2.2,0.6,1.3,42.635,23.265
Бояна,2023-12-07,2.0,-2.0,0.3,42.635,23.265
Бояна,2023-12-08,-1.5,-3.8,-2.7,42.635,23.265
Бояна,2023-12-09,0.3,-6.1,-3.2,42.635,23.265
Бояна,2023-12-10,4.3,-3.8,0.0,42.635,23.265
Бояна,2023-12-11,5.8,-0.1,1.8,42.635,23.265
Бояна,2023-12-12,7.8,1.8,4.3,42.635,23.265
Бояна,2023-12-13,9.4,3.3,6.3,42.635,23.265
Бояна,2023-12-14,13.0,2.3,7.9,42.635,23.265
Бояна,2023-12-15,2.0,-0.9,1.0,42.635,23.265
Бояна,2023-12-16,-1.1,-4.8,-2.9,42.635,23.265
Бояна,2023-12-17,0.2,-8.9,-4.2,42.635,23.265
Бояна,2023-12-18,6.6,-4.8,1.6,42.635,23.265
Бояна,2023-12-19,8.4,1.5,5.6,42.635,23.265
Бояна,2023-12-20,8.8,-0.9,3.3,42.635,23.265
Бояна,2023-12-21,2.5,-3.1,-0.3,42.635,23.265
Бояна,2023-12-22,4.9,-0.8,2.0,42.635,23.265
Бояна,2023-12-23,6.1,0.2,2.5,42.635,23.265
Бояна,2023-12-24,8.9,4.2,6.4,42.635,23.265
Бояна,2023-12-25,13.1,5.6,8.6,42.635,23.265
Бояна,2023-12-26,13.3,6.9,9.6,42.635,23.265
Бояна,2023-12-27,8.4,3.6,6.0,42.635,23.265
Бояна,2023-12-28,11.4,2.5,6.8,42.635,23.265
Бояна,2023-12-29,10.5,3.8,6.9,42.635,23.265
Бояна,2023-12-30,8.5,1.8,4.2,42.635,23.265
Бояна,2023-12-31,8.6,2.0,4.8,42.635,23.265
Горна баня,2023-01-01,10.5,0.6,5.4,42.66,23.23
Горна баня,2023-01-02,11.3,3.5,6.2,42.66,23.23
Горна баня,2023-01-03,12.9,1.8,6.1,42.66,23.23
Горна баня,2023-01-04,6.7,3.2,4.6,42.66,23.23
Горна баня,2023-01-05,10.7,3.3,5.3,42.66,23.23
Горна баня,2023-01-06,8.7,2.0,5.2,42.66,23.23
Горна баня,2023-01-07,9.2,-0.9,3.7,42.66,23.23
Горна баня,2023-01-08,7.7,0.2,3.7,42.66,23.23
Горна баня,2023-01-09,5.7,-2.6,0.9,42.66,23.23
Горна баня,2023-01-10,2.8,-1.1,1.4,42.66,23.23
Горна баня,2023-01-11,2.9,-1.9,1.0,42.66,23.23
Горна баня,2023-01-12,3.3,0.8,1.8,42.66,23.23
Горна баня,2023-01-13,3.5,-1.0,1.6,42.66,23.23
Горна баня,2023-01-14,4.0,-2.4,1.1,42.66,23.23
Горна баня,2023-01-15,6.8,-0.8,2.3,42.66,23.23
Горна баня,2023-01-16,6.0,-0.7,1.7,42.66,23.23
Горна баня,2023-01-17,12.1,-0.5,5.1,42.66,23.23
Горна баня,2023-01-18,13.7,3.6,8.2,42.66,23.23
Горна баня,2023-01-19,15.7,3.2,9.8,42.66,23.23
Горна баня,2023-01-20,8.0,0.1,4.9,42.66,23.23
Горна баня,2023-01-21,7.8,-2.7,2.7,42.66,23.23
Горна баня,2023-01-22,8.1,2.0,4.9,42.66,23.23
Горна баня,2023-01-23,6.5,3.5,5.5,42.66,23.23
Горна баня,2023-01-24,3.2,-0.8,1.1,42.66,23.23
Горна баня,2023-01-25,1.5,-1.6,-0.6,42.66,23.23
Горна баня,2023-01-26,0.4,-3.0,-1.6,42.66,23.23
Горна баня,2023-01-27,1.9,-1.6,-0.5,42.66,23.23
Горна баня,2023-01-28,1.2,-2.2,-1.1,42.66,23.23
Горна баня,2023-01-29,0.4,-2.7,-1.3,42.66,23.23
Горна баня,2023-01-30,0.6,-3.9,-2.3,42.66,23.23
Горна баня,2023-01-31,1.9,-2.8,-0.9,42.66,23.23
Горна баня,2023-02-01,4.7,-3.1,0.2,42.66,23.23
Горна баня,2023-02-02,5.9,-2.4,1.5,42.66,23.23
Горна баня,2023-02-03,2.6,-2.2,-0.1,42.66,23.23
Горна баня,2023-02-04,2.8,-2.2,0.7,42.66,23.23
Горна баня,2023-02-05,-2.5,-6.9,-5.1,42.66,23.23
Горна баня,2023-02-06,-3.7,-9.4,-6.3,42.66,23.23
Горна баня,2023-02-07,-2.3,-7.9,-5.6,42.66,23.23
Горна баня,2023-02-08,-2.9,-9.2,-5.9,42.66,23.23
Горна баня,2023-02-09,-0.8,-8.9,-6.0,42.66,23.23
Горна баня,2023-02-10,2.0,-8.6,-4.1,42.66,23.23
Горна баня,2023-02-11,2.9,-6.9,-3.0,42.66,23.23
Горна баня,2023-02-12,2.4,-3.4,-1.1,42.66,23.23
Горна баня,2023-02-13,4.9,-4.0,-0.4,42.66,23.23
Горна баня,2023-02-14,2.5,-2.3,-0.5,42.66,23.23
Горна баня,2023-02-15,5.0,-2.3,0.7,42.66,23.23
Горна баня,2023-02-16,11.3,-3.3,2.0,42.66,23.23
Горна баня,2023-02-17,12.7,-1.2,4.2,42.66,23.23
Горна баня,2023-02-18,14.1,-0.2,5.5,42.66,23.23
Горна баня,2023-02-19,15.9,1.6,7.7,42.66,23.23
Горна баня,2023-02-20,10.3,3.4,6.4,42.66,23.23
Горна баня,2023-02-21,16.3,0.8,7.4,42.66,23.23
Горна баня,2023-02-22,14.8,3.0,7.9,42.66,23.23
Горна баня,2023-02-23,14.1,1.6,6.9,42.66,23.23
Горна баня,2023-02-24,11.4,3.7,6.5,42.66,23.23
Горна баня,2023-02-25,14.1,2.1,8.1,42.66,23.23
Горна баня,2023-02-26,16.8,6.5,11.0,42.66,23.23
Горна баня,2023-02-27,12.0,2.4,7.3,42.66,23.23
Горна баня,2023-02-28,10.0,2.9,5.9,42.66,23.23
Горна баня,2023-03-01,6.3,2.6,4.3,42.66,23.23
Горна баня,2023-03-02,6.1,2.7,4.0,42.66,23.23
Горна баня,2023-03-03,5.1,1.9,3.2,42.66,23.23
Горна баня,2023-03-04,8.0,-0.1,3.5,42.66,23.23
Горна баня,2023-03-05,8.2,0.7,4.1,42.66,23.23
Горна баня,2023-03-06,10.4,-2.6,3.6,42.66,23.23
Горна баня,2023-03-07,12.7,0.4,6.0,42.66,23.23
Горна баня,2023-03-08,12.7,0.5,6.8,42.66,23.23
Горна баня,2023-03-09,16.7,2.2,8.9,42.66,23.23
Горна баня,2023-03-10,15.1,4.8,9.0,42.66,23.23
Горна баня,2023-03-11,13.3,3.5,8.6,42.66,23.23
Горна баня,2023-03-12,6.0,-1.6,2.0,42.66,23.23
Горна баня,2023-03-13,8.9,-4.4,1.9,42.66,23.23
Горна баня,2023-03-14,14.1,-1.6,5.7,42.66,23.23
Горна баня,2023-03-15,11.6,0.8,5.3,42.66,23.23
Горна баня,2023-03-16,4.2,-0.5,1.1,42.66,23.23
Горна баня,2023-03-17,6.6,-1.3,2.0,42.66,23.23
Горна баня,2023-03-18,6.8,-2.8,2.0,42.66,23.23
Горна баня,2023-03-19,13.8,-2.7,4.8,42.66,23.23
Горна баня,2023-03-20,17.9,2.1,9.9,42.66,23.23
Горна баня,2023-03-21,14.3,5.7,10.3,42.66,23.23
Горна баня,2023-03-22,11.0,4.6,7.4,42.66,23.23
Горна баня,2023-03-23,13.6,2.4,7.4,42.66,23.23
Горна баня,2023-03-24,17.5,4.5,10.4,42.66,23.23
Горна баня,2023-03-25,18.4,4.3,11.5,42.66,23.23
Горна баня,2023-03-26,14.2,5.0,9.1,42.66,23.23
Горна баня,2023-03-27,13.9,3.3,7.8,42.66,23.23
Горна баня,2023-03-28,4.5,-1.4,1.2,42.66,23.23
Горна баня,2023-03-29,5.7,-3.3,0.8,42.66,23.23
Горна баня,2023-03-30,12.7,1.2,5.9,42.66,23.23
Горна баня,2023-03-31,15.8,3.7,9.7,42.66,23.23
Горна баня,2023-04-01,15.1,5.2,9.3,42.66,23.23
Горна баня,2023-04-02,13.9,4.0,8.4,42.66,23.23
Горна баня,2023-04-03,13.1,1.9,6.4,42.66,23.23
Горна баня,2023-04-04,7.3,-1.1,3.8,42.66,23.23
Горна баня,2023-04-05,3.7,-1.9,0.4,42.66,23.23
Горна баня,2023-04-06,4.5,-3.0,0.4,42.66,23.23
Горна баня,2023-04-07,7.2,-1.5,2.5,42.66,23.23
Горна баня,2023-04-08,10.0,0.6,5.0,42.66,23.23
Горна баня,2023-04-09,9.6,2.9,5.7,42.66,23.23
Горна баня,2023-04-10,8.8,2.6,5.7,42.66,23.23
Горна баня,2023-04-11,10.6,2.4,6.4,42.66,23.23
Горна баня,2023-04-12,11.0,4.7,7.3,42.66,23.23
Горна баня,2023-04-13,17.9,-0.1,9.1,42.66,23.23
Горна баня,2023-04-14,19.6,5.4,9.9,42.66,23.23
Горна баня,2023-04-15,15.2,2.4,9.0,42.66,23.23
Горна баня,2023-04-16,15.5,5.8,9.6,42.66,23.23
Горна баня,2023-04-17,13.4,6.3,8.8,42.66,23.23
Горна баня,2023-04-18,12.0,6.5,8.6,42.66,23.23
Горна баня,2023-04-19,13.1,5.1,8.3,42.66,23.23
Горна баня,2023-04-20,12.1,4.8,8.2,42.66,23.23
Горна баня,2023-04-21,14.1,5.2,9.5,42.66,23.23
Горна баня,2023-04-22,14.2,3.7,9.3,42.66,23.23
Горна баня,2023-04-23,15.5,4.9,9.5,42.66,23.23
Горна баня,2023-04-24,17.9,6.0,10.6,42.66,23.23
Горна баня,2023-04-25,13.6,6.8,10.3,42.66,23.23
Горна баня,2023-04-26,12.7,4.8,8.3,42.66,23.23
Горна баня,2023-04-27,10.2,2.7,6.8,42.66,23.23
Горна баня,2023-04-28,13.6,1.5,6.8,42.66,23.23
Горна баня,2023-04-29,13.7,2.8,8.8,42.66,23.23
Горна баня,2023-04-30,15.5,4.7,10.3,42.66,23.23
Горна баня,2023-05-01,16.7,5.3,11.0,42.66,23.23
Горна баня,2023-05-02,17.8,5.6,11.8,42.66,23.23
Горна баня,2023-05-03,16.4,7.7,10.8,42.66,23.23
Горна баня,2023-05-04,12.5,6.7,9.6,42.66,23.23
Горна баня,2023-05-05,15.1,4.9,10.2,42.66,23.23
Горна баня,2023-05-06,16.2,5.4,11.3,42.66,23.23
Горна баня,2023-05-07,19.7,8.7,13.9,42.66,23.23
Горна баня,2023-05-08,19.1,9.9,13.4,42.66,23.23
Горна баня,2023-05-09,12.2,8.0,10.0,42.66,23.23
Горна баня,2023-05-10,9.1,6.4,7.6,42.66,23.23
Горна баня,2023-05-11,12.1,6.2,9.1,42.66,23.23
Горна баня,2023-05-12,13.2,5.8,8.9,42.66,23.23
Горна баня,2023-05-13,17.1,6.5,11.5,42.66,23.23
Горна баня,2023-05-14,14.1,9.3,11.0,42.66,23.23
Горна баня,2023-05-15,16.5,8.3,11.9,42.66,23.23
Горна баня,2023-05-16,18.9,10.5,13.9,42.66,23.23
Горна баня,2023-05-17,17.8,10.2,13.2,42.66,23.23
Горна баня,2023-05-18,13.4,9.8,11.1,42.66,23.23
Горна баня,2023-05-19,17.8,6.6,12.4,42.66,23.23
Горна баня,2023-05-20,18.3,9.6,14.3,42.66,23.23
Горна баня,2023-05-21,18.2,9.0,13.5,42.66,23.23
Горна баня,2023-05-22,17.3,8.2,13.1,42.66,23.23
Горна баня,2023-05-23,19.4,7.7,14.3,42.66,23.23
Горна баня,2023-05-24,21.2,7.9,15.6,42.66,23.23
Горна баня,2023-05-25,19.1,10.7,15.4,42.66,23.23
Горна баня,2023-05-26,19.1,9.5,14.5,42.66,23.23
Горна баня,2023-05-27,19.5,8.1,14.3,42.66,23.23
Горна баня,2023-05-28,16.9,9.6,13.9,42.66,23.23
Горна баня,2023-05-29,18.5,11.4,14.6,42.66,23.23
Горна баня,2023-05-30,20.1,11.2,15.4,42.66,23.23
Горна баня,2023-05-31,20.5,10.6,15.8,42.66,23.23
Горна баня,2023-06-01,20.8,11.8,15.9,42.66,23.23
Горна баня,2023-06-02,21.4,11.5,17.1,42.66,23.23
Горна баня,2023-06-03,18.9,11.2,15.6,42.66,23.23
Горна баня,2023-06-04,18.8,12.2,15.0,42.66,23.23
Горна баня,2023-06-05,20.6,11.3,16.0,42.66,23.23
Горна баня,2023-06-06,21.3,10.3,16.0,42.66,23.23
Горна баня,2023-06-07,20.5,11.0,16.1,42.66,23.23
Горна баня,2023-06-08,23.0,10.8,17.1,42.66,23.23
Горна баня,2023-06-09,23.6,11.5,17.3,42.66,23.23
Горна баня,2023-06-10,21.8,13.9,16.9,42.66,23.23
Горна баня,2023-06-11,21.8,12.4,17.4,42.66,23.23
Горна баня,2023-06-12,21.9,13.8,16.9,42.66,23.23
Горна баня,2023-06-13,18.6,12.6,15.3,42.66,23.23
Горна баня,2023-06-14,20.9,12.9,16.7,42.66,23.23
Горна баня,2023-06-15,19.4,13.0,16.7,42.66,23.23
Горна баня,2023-06-16,20.3,14.2,16.7,42.66,23.23
Горна баня,2023-06-17,17.8,13.1,14.9,42.66,23.23
Горна баня,2023-06-18,19.5,12.8,15.7,42.66,23.23
Горна баня,2023-06-19,23.0,12.9,17.8,42.66,23.23
Горна баня,2023-06-20,23.0,13.0,18.6,42.66,23.23
Горна баня,2023-06-21,25.4,14.9,20.4,42.66,23.23
Горна баня,2023-06-22,26.9,14.8,21.1,42.66,23.23
Горна баня,2023-06-23,27.7,16.5,22.0,42.66,23.23
Горна баня,2023-06-24,27.5,17.2,21.8,42.66,23.23
Горна баня,2023-06-25,22.8,15.6,18.6,42.66,23.23
Горна баня,2023-06-26,22.4,14.6,18.6,42.66,23.23
Горна баня,2023-06-27,24.2,12.7,19.0,42.66,23.23
Горна баня,2023-06-28,23.6,14.0,17.8,42.66,23.23
Горна баня,2023-06-29,20.2,11.3,15.6,42.66,23.23
Горна баня,2023-06-30,24.6,10.7,17.6,42.66,23.23
Горна баня,2023-07-01,26.3,14.5,20.1,42.66,23.23
Горна баня,2023-07-02,22.3,14.5,18.6,42.66,23.23
Горна баня,2023-07-03,25.3,14.8,20.1,42.66,23.23
Горна баня,2023-07-04,26.9,14.5,21.0,42.66,23.23
Горна баня,2023-07-05,24.8,15.9,20.4,42.66,23.23
Горна баня,2023-07-06,23.6,15.4,19.5,42.66,23.23
Горна баня,2023-07-07,24.6,16.3,19.7,42.66,23.23
Горна баня,2023-07-08,23.0,14.8,18.9,42.66,23.23
Горна баня,2023-07-09,24.4,13.3,19.2,42.66,23.23
Горна баня,2023-07-10,26.4,13.2,20.3,42.66,23.23
Горна баня,2023-07-11,28.0,14.1,21.7,42.66,23.23
Горна баня,2023-07-12,31.6,17.3,24.2,42.66,23.23
Горна баня,2023-07-13,34.0,18.3,26.1,42.66,23.23
Горна баня,2023-07-14,30.3,19.4,24.9,42.66,23.23
Горна баня,2023-07-15,30.2,19.0,24.3,42.66,23.23
Горна баня,2023-07-16,30.5,19.7,25.2,42.66,23.23
Горна баня,2023-07-17,31.0,20.2,26.0,42.66,23.23
Горна баня,2023-07-18,31.6,20.1,26.2,42.66,23.23
Горна баня,2023-07-19,31.6,17.7,25.1,42.66,23.23
Горна баня,2023-07-20,30.1,17.5,23.9,42.66,23.23
Горна баня,2023-07-21,32.0,17.9,24.4,42.66,23.23
Горна баня,2023-07-22,34.1,18.4,25.8,42.66,23.23
Горна баня,2023-07-23,29.1,19.8,24.1,42.66,23.23
Горна баня,2023-07-24,31.9,16.9,24.6,42.66,23.23
Горна баня,2023-07-25,36.4,19.1,27.1,42.66,23.23
Горна баня,2023-07-26,33.0,19.7,26.2,42.66,23.23
Горна баня,2023-07-27,21.0,14.6,17.7,42.66,23.23
Горна баня,2023-07-28,27.9,10.1,19.1,42.66,23.23
Горна баня,2023-07-29,29.0,15.6,22.5,42.66,23.23
Горна баня,2023-07-30,30.3,16.3,23.6,42.66,23.23
Горна баня,2023-07-31,25.6,17.4,21.4,42.66,23.23
Горна баня,2023-08-01,28.8,14.8,21.7,42.66,23.23
Горна баня,2023-08-02,29.9,18.0,23.8,42.66,23.23
Горна баня,2023-08-03,33.2,18.5,26.1,42.66,23.23
Горна баня,2023-08-04,33.0,21.0,27.6,42.66,23.23
Горна баня,2023-08-05,32.0,19.3,25.7,42.66,23.23
Горна баня,2023-08-06,24.9,16.4,20.4,42.66,23.23
Горна баня,2023-08-07,24.9,13.8,18.2,42.66,23.23
Горна баня,2023-08-08,20.8,13.4,16.5,42.66,23.23
Горна баня,2023-08-09,24.5,9.9,16.9,42.66,23.23
Горна баня,2023-08-10,19.7,14.4,16.8,42.66,23.23
Горна баня,2023-08-11,23.0,11.1,17.0,42.66,23.23
Горна баня,2023-08-12,24.8,12.0,18.6,42.66,23.23
Горна баня,2023-08-13,24.9,14.9,20.2,42.66,23.23
Горна баня,2023-08-14,26.4,14.7,21.1,42.66,23.23
Горна баня,2023-08-15,24.0,17.2,20.0,42.66,23.23
Горна баня,2023-08-16,25.9,16.6,21.1,42.66,23.23
Горна баня,2023-08-17,29.3,16.0,22.7,42.66,23.23
Горна баня,2023-08-18,30.8,17.0,23.8,42.66,23.23
Горна баня,2023-08-19,29.2,16.5,23.1,42.66,23.23
Горна баня,2023-08-20,29.7,17.2,23.4,42.66,23.23
Горна баня,2023-08-21,31.1,18.3,25.2,42.66,23.23
Горна баня,2023-08-22,30.6,18.4,24.7,42.66,23.23
Горна баня,2023-08-23,31.1,20.3,25.8,42.66,23.23
Горна баня,2023-08-24,29.4,17.8,24.6,42.66,23.23
Горна баня,2023-08-25,31.0,17.6,24.0,42.66,23.23
Горна баня,2023-08-26,31.9,17.8,24.9,42.66,23.23
Горна баня,2023-08-27,30.8,18.9,24.5,42.66,23.23
Горна баня,2023-08-28,32.2,17.6,24.5,42.66,23.23
Горна баня,2023-08-29,27.7,17.5,22.2,42.66,23.23
Горна баня,2023-08-30,28.2,15.8,21.1,42.66,23.23
Горна баня,2023-08-31,25.9,14.4,19.9,42.66,23.23
Горна баня,2023-09-01,25.3,13.6,19.3,42.66,23.23
Горна баня,2023-09-02,26.6,14.1,20.2,42.66,23.23
Горна баня,2023-09-03,26.8,15.4,20.7,42.66,23.23
Горна баня,2023-09-04,18.1,13.7,14.7,42.66,23.23
Горна баня,2023-09-05,19.9,13.8,16.3,42.66,23.23
Горна баня,2023-09-06,22.2,13.6,17.9,42.66,23.23
Горна баня,2023-09-07,22.5,15.6,19.0,42.66,23.23
Горна баня,2023-09-08,23.0,13.1,18.5,42.66,23.23
Горна баня,2023-09-09,24.1,13.2,17.8,42.66,23.23
Горна баня,2023-09-10,24.4,14.2,18.6,42.66,23.23
Горна баня,2023-09-11,24.1,11.0,17.6,42.66,23.23
Горна баня,2023-09-12,26.3,12.6,18.8,42.66,23.23
Горна баня,2023-09-13,29.5,15.0,21.3,42.66,23.23
Горна баня,2023-09-14,28.2,17.1,21.8,42.66,23.23
Горна баня,2023-09-15,25.6,15.3,19.7,42.66,23.23
Горна баня,2023-09-16,22.0,14.8,18.0,42.66,23.23
Горна баня,2023-09-17,22.7,14.3,17.9,42.66,23.23
Горна баня,2023-09-18,23.2,13.9,18.0,42.66,23.23
Горна баня,2023-09-19,22.7,12.9,17.0,42.66,23.23
Горна баня,2023-09-20,24.4,13.9,18.1,42.66,23.23
Горна баня,2023-09-21,25.6,14.0,19.2,42.66,23.23
Горна баня,2023-09-22,29.4,13.5,20.7,42.66,23.23
Горна баня,2023-09-23,30.9,14.9,21.9,42.66,23.23
Горна баня,2023-09-24,26.7,15.7,20.8,42.66,23.23
Горна баня,2023-09-25,22.2,15.8,18.7,42.66,23.23
Горна баня,2023-09-26,21.8,14.2,17.8,42.66,23.23
Горна баня,2023-09-27,22.0,12.5,17.0,42.66,23.23
Горна баня,2023-09-28,21.7,11.8,16.9,42.66,23.23
Горна баня,2023-09-29,23.0,11.6,16.9,42.66,23.23
Горна баня,2023-09-30,23.5,10.7,17.1,42.66,23.23
Горна баня,2023-10-01,21.8,12.1,16.0,42.66,23.23
Горна баня,2023-10-02,20.6,11.2,15.1,42.66,23.23
Горна баня,2023-10-03,21.0,7.5,14.3,42.66,23.23
Горна баня,2023-10-04,23.7,11.4,16.9,42.66,23.23
Горна баня,2023-10-05,23.1,11.9,16.2,42.66,23.23
Горна баня,2023-10-06,20.5,11.4,15.2,42.66,23.23
Горна баня,2023-10-07,22.3,6.7,13.9,42.66,23.23
Горна баня,2023-10-08,22.9,9.0,15.9,42.66,23.23
Горна баня,2023-10-09,19.1,10.3,14.4,42.66,23.23
Горна баня,2023-10-10,19.4,10.2,14.6,42.66,23.23
Горна баня,2023-10-11,19.2,8.9,13.6,42.66,23.23
Горна баня,2023-10-12,22.2,8.5,14.5,42.66,23.23
Горна баня,2023-10-13,23.9,9.8,16.8,42.66,23.23
Горна баня,2023-10-14,24.2,11.6,16.7,42.66,23.23
Горна баня,2023-10-15,24.3,10.8,16.8,42.66,23.23
Горна баня,2023-10-16,13.6,6.9,9.7,42.66,23.23
Горна баня,2023-10-17,10.6,3.2,6.9,42.66,23.23
Горна баня,2023-10-18,13.7,6.5,9.3,42.66,23.23
Горна баня,2023-10-19,18.6,5.5,10.7,42.66,23.23
Горна баня,2023-10-20,25.5,10.3,17.0,42.66,23.23
Горна баня,2023-10-21,26.7,14.6,19.0,42.66,23.23
Горна баня,2023-10-22,24.2,14.1,18.7,42.66,23.23
Горна баня,2023-10-23,22.0,12.4,16.2,42.66,23.23
Горна баня,2023-10-24,22.8,9.6,15.3,42.66,23.23
Горна баня,2023-10-25,23.8,12.4,17.4,42.66,23.23
Горна баня,2023-10-26,21.7,12.1,16.2,42.66,23.23
Горна баня,2023-10-27,22.9,12.7,17.5,42.66,23.23
Горна баня,2023-10-28,23.3,11.9,17.2,42.66,23.23
Горна баня,2023-10-29,20.9,9.1,14.6,42.66,23.23
Горна баня,2023-10-30,21.3,10.2,14.3,42.66,23.23
Горна баня,2023-10-31,21.7,5.9,14.7,42.66,23.23
Горна баня,2023-11-01,17.2,8.8,13.3,42.66,23.23
Горна баня,2023-11-02,17.3,7.8,11.7,42.66,23.23
Горна баня,2023-11-03,19.0,8.3,12.4,42.66,23.23
Горна баня,2023-11-04,12.7,9.0,11.0,42.66,23.23
Горна баня,2023-11-05,17.5,4.7,11.5,42.66,23.23
Горна баня,2023-11-06,19.5,9.9,13.8,42.66,23.23
Горна баня,2023-11-07,17.9,7.3,11.4,42.66,23.23
Горна баня,2023-11-08,13.5,7.9,10.9,42.66,23.23
Горна баня,2023-11-09,11.1,3.2,6.9,42.66,23.23
Горна баня,2023-11-10,12.5,2.7,6.7,42.66,23.23
Горна баня,2023-11-11,12.9,5.3,8.6,42.66,23.23
Горна баня,2023-11-12,7.6,1.6,5.6,42.66,23.23
Горна баня,2023-11-13,11.8,3.4,6.4,42.66,23.23
Горна баня,2023-11-14,17.7,1.7,8.3,42.66,23.23
Горна баня,2023-11-15,16.3,4.7,8.6,42.66,23.23
Горна баня,2023-11-16,10.9,2.3,6.9,42.66,23.23
Горна баня,2023-11-17,11.6,3.5,6.7,42.66,23.23
Горна баня,2023-11-18,6.8,0.9,2.5,42.66,23.23
Горна баня,2023-11-19,3.9,-0.2,1.8,42.66,23.23
Горна баня,2023-11-20,12.5,-0.6,4.6,42.66,23.23
Горна баня,2023-11-21,10.0,2.8,5.5,42.66,23.23
Горна баня,2023-11-22,9.4,4.8,6.7,42.66,23.23
Горна баня,2023-11-23,9.1,5.0,6.8,42.66,23.23
Горна баня,2023-11-24,12.3,4.9,8.3,42.66,23.23
Горна баня,2023-11-25,8.0,-1.1,2.9,42.66,23.23
Горна баня,2023-11-26,-1.3,-4.6,-2.9,42.66,23.23
Горна баня,2023-11-27,0.3,-4.2,-2.6,42.66,23.23
Горна баня,2023-11-28,2.9,-3.2,0.2,42.66,23.23
Горна баня,2023-11-29,2.9,-1.2,1.6,42.66,23.23
Горна баня,2023-11-30,6.3,-2.7,1.0,42.66,23.23
Горна баня,2023-12-01,15.8,0.7,8.8,42.66,23.23
Горна баня,2023-12-02,14.5,6.5,10.6,42.66,23.23
Горна баня,2023-12-03,9.8,-0.5,4.9,42.66,23.23
Горна баня,2023-12-04,1.8,-4.1,-1.8,42.66,23.23
Горна баня,2023-12-05,3.5,-2.0,0.5,42.66,23.23
Горна баня,2023-12-06,3.5,0.4,2.1,42.66,23.23
Горна баня,2023-12-07,3.1,-0.1,1.8,42.66,23.23
Горна баня,2023-12-08,1.1,-1.8,-0.4,42.66,23.23
Горна баня,2023-12-09,1.8,-2.9,-1.0,42.66,23.23
Горна баня,2023-12-10,5.6,-3.1,0.2,42.66,23.23
Горна баня,2023-12-11,7.9,-1.8,2.3,42.66,23.23
Горна баня,2023-12-12,9.7,-1.6,3.3,42.66,23.23
Горна баня,2023-12-13,10.8,-0.3,5.0,42.66,23.23
Горна баня,2023-12-14,13.1,3.5,6.6,42.66,23.23
Горна баня,2023-12-15,4.6,0.7,3.3,42.66,23.23
Горна баня,2023-12-16,0.8,-3.2,-0.6,42.66,23.23
Горна баня,2023-12-17,2.9,-4.3,-1.6,42.66,23.23
Горна баня,2023-12-18,9.0,-3.7,0.7,42.66,23.23
Горна баня,2023-12-19,9.5,-3.4,2.3,42.66,23.23
Горна баня,2023-12-20,10.5,-1.5,2.7,42.66,23.23
Горна баня,2023-12-21,5.4,-3.6,0.7,42.66,23.23
Горна баня,2023-12-22,5.6,-3.6,1.7,42.66,23.23
Горна баня,2023-12-23,7.4,-1.0,2.2,42.66,23.23
Горна баня,2023-12-24,11.8,2.0,6.6,42.66,23.23
Горна баня,2023-12-25,13.5,0.4,4.8,42.66,23.23
Горна баня,2023-12-26,13.8,0.0,4.6,42.66,23.23
Горна баня,2023-12-27,10.4,1.5,4.6,42.66,23.23
Горна баня,2023-12-28,11.2,-0.2,4.5,42.66,23.23
Горна баня,2023-12-29,10.6,-1.6,2.9,42.66,23.23
Горна баня,2023-12-30,9.8,-0.9,3.1,42.66,23.23
Горна баня,2023-12-31,8.2,-1.2,3.4,42.66,23.23
Дружба,2023-01-01,10.6,4.0,6.5,42.668,23.408
Дружба,2023-01-02,10.6,2.8,6.3,42.668,23.408
Дружба,2023-01-03,12.4,0.9,5.9,42.668,23.408
Дружба,2023-01-04,8.1,0.5,4.7,42.668,23.408
Дружба,2023-01-05,12.4,1.2,5.7,42.668,23.408
Дружба,2023-01-06,10.4,1.1,5.4,42.668,23.408
Дружба,2023-01-07,9.9,-0.1,4.2,42.668,23.408
Дружба,2023-01-08,8.4,-2.0,2.7,42.668,23.408
Дружба,2023-01-09,5.2,-2.1,0.7,42.668,23.408
Дружба,2023-01-10,4.8,0.3,2.7,42.668,23.408
Дружба,2023-01-11,5.1,-1.2,2.3,42.668,23.408
Дружба,2023-01-12,5.2,2.4,3.6,42.668,23.408
Дружба,2023-01-13,5.6,0.9,3.5,42.668,23.408
Дружба,2023-01-14,5.0,-1.4,1.9,42.668,23.408
Дружба,2023-01-15,7.8,-0.1,3.9,42.668,23.408
Дружба,2023-01-16,6.4,-1.1,1.9,42.668,23.408
Дружба,2023-01-17,14.4,1.8,6.5,42.668,23.408
Дружба,2023-01-18,17.0,5.8,10.1,42.668,23.408
Дружба,2023-01-19,18.5,5.2,10.8,42.668,23.408
Дружба,2023-01-20,10.2,1.8,6.5,42.668,23.408
Дружба,2023-01-21,9.2,-1.6,4.0,42.668,23.408
Дружба,2023-01-22,9.4,4.2,6.8,42.668,23.408
Дружба,2023-01-23,8.2,5.1,7.1,42.668,23.408
Дружба,2023-01-24,4.8,1.0,2.7,42.668,23.408
Дружба,2023-01-25,2.8,0.3,1.1,42.668,23.408
Дружба,2023-01-26,2.3,-1.1,0.2,42.668,23.408
Дружба,2023-01-27,3.4,0.1,1.2,42.668,23.408
Дружба,2023-01-28,3.4,-0.7,0.8,42.668,23.408
Дружба,2023-01-29,2.2,-1.1,0.4,42.668,23.408
Дружба,2023-01-30,2.5,-3.5,-0.8,42.668,23.408
Дружба,2023-01-31,3.3,-2.7,0.6,42.668,23.408
Дружба,2023-02-01,6.6,-1.9,1.4,42.668,23.408
Дружба,2023-02-02,7.7,-1.8,2.1,42.668,23.408
Дружба,2023-02-03,4.5,-2.6,1.1,42.668,23.408
Дружба,2023-02-04,4.7,-0.8,1.8,42.668,23.408
Дружба,2023-02-05,-0.6,-4.8,-3.1,42.668,23.408
Дружба,2023-02-06,-1.6,-7.7,-4.3,42.668,23.408
Дружба,2023-02-07,-0.1,-6.1,-3.6,42.668,23.408
Дружба,2023-02-08,-1.2,-7.4,-4.1,42.668,23.408
Дружба,2023-02-09,1.4,-7.6,-4.2,42.668,23.408
Дружба,2023-02-10,4.0,-7.4,-2.7,42.668,23.408
Дружба,2023-02-11,4.8,-6.4,-1.9,42.668,23.408
Дружба,2023-02-12,4.5,-4.1,0.5,42.668,23.408
Дружба,2023-02-13,6.7,-4.2,0.6,42.668,23.408
Дружба,2023-02-14,4.7,-2.0,0.9,42.668,23.408
Дружба,2023-02-15,7.0,-1.7,2.0,42.668,23.408
Дружба,2023-02-16,12.4,-2.3,3.5,42.668,23.408
Дружба,2023-02-17,14.4,-0.1,4.9,42.668,23.408
Дружба,2023-02-18,16.1,0.3,6.4,42.668,23.408
Дружба,2023-02-19,17.5,2.0,8.5,42.668,23.408
Дружба,2023-02-20,12.4,1.6,7.4,42.668,23.408
Дружба,2023-02-21,17.7,0.8,7.2,42.668,23.408
Дружба,2023-02-22,16.2,2.8,8.7,42.668,23.408
Дружба,2023-02-23,15.6,4.4,8.1,42.668,23.408
Дружба,2023-02-24,12.6,4.2,7.1,42.668,23.408
Дружба,2023-02-25,16.3,0.0,8.1,42.668,23.408
Дружба,2023-02-26,19.9,5.9,12.0,42.668,23.408
Дружба,2023-02-27,12.9,3.4,7.9,42.668,23.408
Дружба,2023-02-28,11.2,3.8,7.3,42.668,23.408
Дружба,2023-03-01,8.2,4.2,5.9,42.668,23.408
Дружба,2023-03-02,7.1,4.2,5.3,42.668,23.408
Дружба,2023-03-03,6.2,3.5,4.5,42.668,23.408
Дружба,2023-03-04,9.0,1.1,4.7,42.668,23.408
Дружба,2023-03-05,10.2,1.8,5.5,42.668,23.408
Дружба,2023-03-06,12.4,-2.6,5.3,42.668,23.408
Дружба,2023-03-07,14.5,-0.3,6.5,42.668,23.408
Дружба,2023-03-08,14.6,2.2,8.1,42.668,23.408
Дружба,2023-03-09,18.6,4.4,10.1,42.668,23.408
Дружба,2023-03-10,16.8,6.3,9.8,42.668,23.408
Дружба,2023-03-11,15.2,5.4,9.5,42.668,23.408
Дружба,2023-03-12,8.3,0.2,4.1,42.668,23.408
Дружба,2023-03-13,10.8,-3.5,3.7,42.668,23.408
Дружба,2023-03-14,15.4,-2.5,5.3,42.668,23.408
Дружба,2023-03-15,12.6,0.3,5.9,42.668,23.408
Дружба,2023-03-16,6.4,1.1,3.0,42.668,23.408
Дружба,2023-03-17,8.8,0.8,3.8,42.668,23.408
Дружба,2023-03-18,8.9,-2.4,3.5,42.668,23.408
Дружба,2023-03-19,15.1,-0.6,6.2,42.668,23.408
Дружба,2023-03-20,19.4,3.3,10.1,42.668,23.408
Дружба,2023-03-21,16.2,7.2,11.1,42.668,23.408
Дружба,2023-03-22,13.1,6.4,9.3,42.668,23.408
Дружба,2023-03-23,15.4,2.5,8.4,42.668,23.408
Дружба,2023-03-24,18.9,4.5,10.5,42.668,23.408
Дружба,2023-03-25,20.2,7.6,12.4,42.668,23.408
Дружба,2023-03-26,15.9,6.2,10.4,42.668,23.408
Дружба,2023-03-27,16.5,3.2,8.6,42.668,23.408
Дружба,2023-03-28,6.2,0.4,3.1,42.668,23.408
Дружба,2023-03-29,7.8,-1.5,2.6,42.668,23.408
Дружба,2023-03-30,14.0,0.2,7.1,42.668,23.408
Дружба,2023-03-31,17.7,5.5,10.9,42.668,23.408
Дружба,2023-04-01,17.2,6.6,10.6,42.668,23.408
Дружба,2023-04-02,15.8,3.8,9.5,42.668,23.408
Дружба,2023-04-03,15.2,4.1,8.5,42.668,23.408
Дружба,2023-04-04,8.6,1.3,6.0,42.668,23.408
Дружба,2023-04-05,5.3,-0.3,2.1,42.668,23.408
Дружба,2023-04-06,6.5,-1.4,2.2,42.668,23.408
Дружба,2023-04-07,9.0,-2.5,3.6,42.668,23.408
Дружба,2023-04-08,11.6,0.7,6.1,42.668,23.408
Дружба,2023-04-09,12.1,4.5,7.7,42.668,23.408
Дружба,2023-04-10,10.6,4.2,7.4,42.668,23.408
Дружба,2023-04-11,13.1,4.5,8.3,42.668,23.408
Дружба,2023-04-12,12.9,5.2,9.0,42.668,23.408
Дружба,2023-04-13,20.3,3.1,10.7,42.668,23.408
Дружба,2023-04-14,20.8,6.4,11.1,42.668,23.408
Дружба,2023-04-15,17.3,3.3,10.7,42.668,23.408
Дружба,2023-04-16,17.4,5.6,11.3,42.668,23.408
Дружба,2023-04-17,15.9,7.4,10.4,42.668,23.408
Дружба,2023-04-18,13.7,8.6,10.4,42.668,23.408
Дружба,2023-04-19,14.9,6.1,10.1,42.668,23.408
Дружба,2023-04-20,14.1,4.9,9.4,42.668,23.408
Дружба,2023-04-21,15.7,4.1,10.5,42.668,23.408
Дружба,2023-04-22,15.9,6.4,10.9,42.668,23.408
Дружба,2023-04-23,16.6,4.5,10.5,42.668,23.408
Дружба,2023-04-24,19.9,5.1,11.3,42.668,23.408
Дружба,2023-04-25,15.3,7.5,11.4,42.668,23.408
Дружба,2023-04-26,14.8,5.4,10.1,42.668,23.408
Дружба,2023-04-27,12.4,4.2,8.8,42.668,23.408
Дружба,2023-04-28,15.9,2.5,8.4,42.668,23.408
Дружба,2023-04-29,15.6,4.4,10.0,42.668,23.408
Дружба,2023-04-30,17.5,7.5,12.6,42.668,23.408
Дружба,2023-05-01,18.8,6.4,12.7,42.668,23.408
Дружба,2023-05-02,19.5,6.8,13.2,42.668,23.408
Дружба,2023-05-03,17.6,9.5,12.3,42.668,23.408
Дружба,2023-05-04,14.6,9.0,11.4,42.668,23.408
Дружба,2023-05-05,17.3,6.1,12.0,42.668,23.408
Дружба,2023-05-06,18.1,6.8,12.9,42.668,23.408
Дружба,2023-05-07,21.5,9.1,14.6,42.668,23.408
Дружба,2023-05-08,20.0,8.9,14.0,42.668,23.408
Дружба,2023-05-09,13.7,9.8,11.6,42.668,23.408
Дружба,2023-05-10,10.7,7.7,9.0,42.668,23.408
Дружба,2023-05-11,13.6,7.4,10.4,42.668,23.408
Дружба,2023-05-12,14.9,6.8,10.1,42.668,23.408
Дружба,2023-05-13,18.5,7.6,12.8,42.668,23.408
Дружба,2023-05-14,14.5,10.8,12.0,42.668,23.408
Дружба,2023-05-15,17.1,9.2,12.8,42.668,23.408
Дружба,2023-05-16,20.5,12.2,15.3,42.668,23.408
Дружба,2023-05-17,19.6,11.4,14.8,42.668,23.408
Дружба,2023-05-18,15.1,11.1,12.7,42.668,23.408
Дружба,2023-05-19,19.9,8.1,14.2,42.668,23.408
Дружба,2023-05-20,20.2,10.8,15.4,42.668,23.408
Дружба,2023-05-21,20.4,11.3,15.3,42.668,23.408
Дружба,2023-05-22,19.8,10.4,15.1,42.668,23.408
Дружба,2023-05-23,21.5,8.2,15.9,42.668,23.408
Дружба,2023-05-24,23.4,7.9,17.1,42.668,23.408
Дружба,2023-05-25,20.8,11.6,16.7,42.668,23.408
Дружба,2023-05-26,20.7,10.1,16.4,42.668,23.408
Дружба,2023-05-27,20.6,9.6,16.1,42.668,23.408
Дружба,2023-05-28,18.9,10.2,15.4,42.668,23.408
Дружба,2023-05-29,20.7,12.8,16.4,42.668,23.408
Дружба,2023-05-30,21.8,12.2,17.1,42.668,23.408
Дружба,2023-05-31,22.3,12.7,17.6,42.668,23.408
Дружба,2023-06-01,23.7,12.8,17.6,42.668,23.408
Дружба,2023-06-02,23.8,13.1,18.4,42.668,23.408
Дружба,2023-06-03,20.8,13.1,17.2,42.668,23.408
Дружба,2023-06-04,20.8,14.0,16.8,42.668,23.408
Дружба,2023-06-05,22.5,11.2,17.2,42.668,23.408
Дружба,2023-06-06,23.3,12.4,17.6,42.668,23.408
Дружба,2023-06-07,22.6,12.4,18.0,42.668,23.408
Дружба,2023-06-08,24.7,12.6,18.8,42.668,23.408
Дружба,2023-06-09,25.0,12.4,18.7,42.668,23.408
Дружба,2023-06-10,23.7,14.7,18.6,42.668,23.408
Дружба,2023-06-11,23.8,14.1,19.0,42.668,23.408
Дружба,2023-06-12,24.6,14.3,18.4,42.668,23.408
Дружба,2023-06-13,19.8,14.3,17.1,42.668,23.408
Дружба,2023-06-14,22.6,14.4,18.5,42.668,23.408
Дружба,2023-06-15,21.5,14.8,18.3,42.668,23.408
Дружба,2023-06-16,23.0,15.7,18.5,42.668,23.408
Дружба,2023-06-17,20.2,14.9,16.7,42.668,23.408
Дружба,2023-06-18,21.6,14.2,17.4,42.668,23.408
Дружба,2023-06-19,25.2,12.5,19.0,42.668,23.408
Дружба,2023-06-20,25.4,12.9,20.0,42.668,23.408
Дружба,2023-06-21,27.3,15.9,21.6,42.668,23.408
Дружба,2023-06-22,28.4,15.8,22.3,42.668,23.408
Дружба,2023-06-23,29.6,17.8,23.4,42.668,23.408
Дружба,2023-06-24,29.2,16.1,22.7,42.668,23.408
Дружба,2023-06-25,25.0,16.9,20.0,42.668,23.408
Дружба,2023-06-26,24.5,16.0,20.3,42.668,23.408
Дружба,2023-06-27,25.7,14.4,20.4,42.668,23.408
Дружба,2023-06-28,25.3,14.7,19.4,42.668,23.408
Дружба,2023-06-29,21.5,12.9,17.2,42.668,23.408
Дружба,2023-06-30,26.0,13.4,19.1,42.668,23.408
Дружба,2023-07-01,27.2,14.8,21.0,42.668,23.408
Дружба,2023-07-02,23.5,15.9,20.0,42.668,23.408
Дружба,2023-07-03,27.1,15.4,21.6,42.668,23.408
Дружба,2023-07-04,28.9,16.6,23.0,42.668,23.408
Дружба,2023-07-05,26.8,19.1,22.1,42.668,23.408
Дружба,2023-07-06,25.8,16.1,21.0,42.668,23.408
Дружба,2023-07-07,26.7,16.8,21.0,42.668,23.408
Дружба,2023-07-08,25.4,16.1,20.8,42.668,23.408
Дружба,2023-07-09,27.1,13.6,20.6,42.668,23.408
Дружба,2023-07-10,28.1,14.5,22.0,42.668,23.408
Дружба,2023-07-11,29.6,15.8,23.4,42.668,23.408
Дружба,2023-07-12,33.2,19.6,26.1,42.668,23.408
Дружба,2023-07-13,36.0,20.6,27.9,42.668,23.408
Дружба,2023-07-14,32.5,19.5,26.5,42.668,23.408
Дружба,2023-07-15,32.2,20.0,25.9,42.668,23.408
Дружба,2023-07-16,32.5,19.5,26.5,42.668,23.408
Дружба,2023-07-17,33.8,21.0,27.9,42.668,23.408
Дружба,2023-07-18,33.5,21.5,27.8,42.668,23.408
Дружба,2023-07-19,33.4,19.0,26.6,42.668,23.408
Дружба,2023-07-20,32.0,18.6,25.5,42.668,23.408
Дружба,2023-07-21,33.4,18.5,25.7,42.668,23.408
Дружба,2023-07-22,36.0,19.1,27.3,42.668,23.408
Дружба,2023-07-23,31.1,20.8,26.0,42.668,23.408
Дружба,2023-07-24,33.5,18.7,26.0,42.668,23.408
Дружба,2023-07-25,38.3,20.2,29.2,42.668,23.408
Дружба,2023-07-26,35.3,20.8,27.4,42.668,23.408
Дружба,2023-07-27,23.0,16.5,19.8,42.668,23.408
Дружба,2023-07-28,29.6,12.9,20.8,42.668,23.408
Дружба,2023-07-29,31.3,16.6,24.4,42.668,23.408
Дружба,2023-07-30,32.0,18.6,25.6,42.668,23.408
Дружба,2023-07-31,28.0,19.3,23.5,42.668,23.408
Дружба,2023-08-01,30.1,16.0,23.2,42.668,23.408
Дружба,2023-08-02,31.6,18.9,25.2,42.668,23.408
Дружба,2023-08-03,35.7,20.0,27.9,42.668,23.408
Дружба,2023-08-04,36.0,22.2,29.5,42.668,23.408
Дружба,2023-08-05,34.0,22.1,28.1,42.668,23.408
Дружба,2023-08-06,26.5,17.5,22.1,42.668,23.408
Дружба,2023-08-07,27.0,15.1,20.2,42.668,23.408
Дружба,2023-08-08,23.1,15.1,18.6,42.668,23.408
Дружба,2023-08-09,27.0,11.2,18.6,42.668,23.408
Дружба,2023-08-10,21.8,16.0,18.5,42.668,23.408
Дружба,2023-08-11,25.6,12.8,19.1,42.668,23.408
Дружба,2023-08-12,27.0,12.6,20.4,42.668,23.408
Дружба,2023-08-13,27.2,18.1,22.5,42.668,23.408
Дружба,2023-08-14,28.5,15.5,22.8,42.668,23.408
Дружба,2023-08-15,25.2,19.2,22.0,42.668,23.408
Дружба,2023-08-16,27.9,18.6,22.9,42.668,23.408
Дружба,2023-08-17,32.0,17.1,24.7,42.668,23.408
Дружба,2023-08-18,33.1,18.2,25.9,42.668,23.408
Дружба,2023-08-19,31.5,18.3,25.0,42.668,23.408
Дружба,2023-08-20,31.9,18.2,25.2,42.668,23.408
Дружба,2023-08-21,33.0,18.5,26.7,42.668,23.408
Дружба,2023-08-22,33.0,19.0,26.5,42.668,23.408
Дружба,2023-08-23,33.2,21.9,27.7,42.668,23.408
Дружба,2023-08-24,31.1,19.2,26.3,42.668,23.408
Дружба,2023-08-25,32.6,19.2,25.4,42.668,23.408
Дружба,2023-08-26,33.5,20.7,26.4,42.668,23.408
Дружба,2023-08-27,33.0,18.5,25.7,42.668,23.408
Дружба,2023-08-28,34.1,17.9,25.6,42.668,23.408
Дружба,2023-08-29,29.5,19.5,23.7,42.668,23.408
Дружба,2023-08-30,28.4,17.1,22.3,42.668,23.408
Дружба,2023-08-31,27.5,16.0,21.3,42.668,23.408
Дружба,2023-09-01,27.8,14.0,20.7,42.668,23.408
Дружба,2023-09-02,28.2,15.1,22.0,42.668,23.408
Дружба,2023-09-03,28.8,16.4,22.3,42.668,23.408
Дружба,2023-09-04,21.1,14.8,16.4,42.668,23.408
Дружба,2023-09-05,22.0,15.5,18.1,42.668,23.408
Дружба,2023-09-06,24.0,13.9,19.5,42.668,23.408
Дружба,2023-09-07,24.6,16.7,20.7,42.668,23.408
Дружба,2023-09-08,24.9,14.1,20.2,42.668,23.408
Дружба,2023-09-09,25.9,14.1,19.4,42.668,23.408
Дружба,2023-09-10,26.1,13.9,19.9,42.668,23.408
Дружба,2023-09-11,26.0,11.0,19.0,42.668,23.408
Дружба,2023-09-12,28.1,13.1,19.8,42.668,23.408
Дружба,2023-09-13,30.6,13.4,21.1,42.668,23.408
Дружба,2023-09-14,30.0,15.9,22.4,42.668,23.408
Дружба,2023-09-15,27.5,15.4,21.0,42.668,23.408
Дружба,2023-09-16,23.5,16.5,19.3,42.668,23.408
Дружба,2023-09-17,24.2,15.9,19.4,42.668,23.408
Дружба,2023-09-18,24.9,15.8,19.8,42.668,23.408
Дружба,2023-09-19,24.3,12.2,18.3,42.668,23.408
Дружба,2023-09-20,26.4,15.0,20.1,42.668,23.408
Дружба,2023-09-21,27.4,15.4,20.5,42.668,23.408
Дружба,2023-09-22,29.5,14.6,21.0,42.668,23.408
Дружба,2023-09-23,32.2,15.6,22.6,42.668,23.408
Дружба,2023-09-24,28.2,17.4,22.2,42.668,23.408
Дружба,2023-09-25,24.1,17.6,20.6,42.668,23.408
Дружба,2023-09-26,23.2,14.2,19.2,42.668,23.408
Дружба,2023-09-27,23.6,13.4,18.3,42.668,23.408
Дружба,2023-09-28,23.4,12.9,18.5,42.668,23.408
Дружба,2023-09-29,24.8,12.4,18.4,42.668,23.408
Дружба,2023-09-30,25.0,10.9,18.3,42.668,23.408
Дружба,2023-10-01,24.0,10.9,17.1,42.668,23.408
Дружба,2023-10-02,22.1,12.6,16.6,42.668,23.408
Дружба,2023-10-03,22.4,9.5,15.6,42.668,23.408
Дружба,2023-10-04,26.0,10.0,17.4,42.668,23.408
Дружба,2023-10-05,24.4,12.0,17.6,42.668,23.408
Дружба,2023-10-06,22.5,11.1,16.9,42.668,23.408
Дружба,2023-10-07,24.0,8.6,15.1,42.668,23.408
Дружба,2023-10-08,24.6,7.8,16.4,42.668,23.408
Дружба,2023-10-09,20.7,11.9,16.3,42.668,23.408
Дружба,2023-10-10,21.4,11.5,16.1,42.668,23.408
Дружба,2023-10-11,21.5,9.3,15.1,42.668,23.408
Дружба,2023-10-12,23.0,6.8,14.3,42.668,23.408
Дружба,2023-10-13,26.2,11.8,17.6,42.668,23.408
Дружба,2023-10-14,25.9,11.8,17.4,42.668,23.408
Дружба,2023-10-15,26.4,12.6,17.8,42.668,23.408
Дружба,2023-10-16,15.7,7.7,11.5,42.668,23.408
Дружба,2023-10-17,12.1,4.8,8.3,42.668,23.408
Дружба,2023-10-18,15.1,5.7,10.5,42.668,23.408
Дружба,2023-10-19,18.6,4.1,10.2,42.668,23.408
Дружба,2023-10-20,27.8,8.1,16.4,42.668,23.408
Дружба,2023-10-21,29.1,9.9,17.7,42.668,23.408
Дружба,2023-10-22,26.6,12.6,18.9,42.668,23.408
Дружба,2023-10-23,23.8,14.6,18.4,42.668,23.408
Дружба,2023-10-24,23.5,12.1,16.6,42.668,23.408
Дружба,2023-10-25,25.9,10.5,17.2,42.668,23.408
Дружба,2023-10-26,23.6,11.6,16.9,42.668,23.408
Дружба,2023-10-27,25.0,12.1,17.8,42.668,23.408
Дружба,2023-10-28,25.3,13.7,18.3,42.668,23.408
Дружба,2023-10-29,22.5,12.1,16.2,42.668,23.408
Дружба,2023-10-30,21.9,10.1,14.5,42.668,23.408
Дружба,2023-10-31,22.7,7.4,14.4,42.668,23.408
Дружба,2023-11-01,18.9,9.9,14.1,42.668,23.408
Дружба,2023-11-02,17.4,9.1,12.6,42.668,23.408
Дружба,2023-11-03,18.7,8.3,12.8,42.668,23.408
Дружба,2023-11-04,13.1,9.6,11.7,42.668,23.408
Дружба,2023-11-05,19.5,4.9,11.4,42.668,23.408
Дружба,2023-11-06,20.8,9.2,14.2,42.668,23.408
Дружба,2023-11-07,18.0,8.1,12.6,42.668,23.408
Дружба,2023-11-08,14.4,7.6,10.6,42.668,23.408
Дружба,2023-11-09,11.9,2.8,7.5,42.668,23.408
Дружба,2023-11-10,12.8,0.9,5.9,42.668,23.408
Дружба,2023-11-11,15.2,5.7,9.6,42.668,23.408
Дружба,2023-11-12,9.1,4.1,6.8,42.668,23.408
Дружба,2023-11-13,12.9,3.6,7.7,42.668,23.408
Дружба,2023-11-14,19.0,4.4,10.5,42.668,23.408
Дружба,2023-11-15,16.6,6.1,10.1,42.668,23.408
Дружба,2023-11-16,12.4,4.4,8.6,42.668,23.408
Дружба,2023-11-17,12.3,2.5,6.9,42.668,23.408
Дружба,2023-11-18,7.6,2.7,4.1,42.668,23.408
Дружба,2023-11-19,5.6,1.4,3.2,42.668,23.408
Дружба,2023-11-20,13.6,0.7,5.9,42.668,23.408
Дружба,2023-11-21,11.0,2.8,5.5,42.668,23.408
Дружба,2023-11-22,11.1,2.0,7.0,42.668,23.408
Дружба,2023-11-23,10.2,5.8,8.1,42.668,23.408
Дружба,2023-11-24,13.1,5.2,8.5,42.668,23.408
Дружба,2023-11-25,8.6,0.4,4.1,42.668,23.408
Дружба,2023-11-26,0.2,-2.7,-1.2,42.668,23.408
Дружба,2023-11-27,3.0,-3.9,-1.0,42.668,23.408
Дружба,2023-11-28,2.4,-5.3,-0.2,42.668,23.408
Дружба,2023-11-29,5.4,-2.0,3.0,42.668,23.408
Дружба,2023-11-30,6.4,-2.6,0.6,42.668,23.408
Дружба,2023-12-01,16.5,0.8,7.8,42.668,23.408
Дружба,2023-12-02,12.4,5.3,8.5,42.668,23.408
Дружба,2023-12-03,8.8,1.5,5.8,42.668,23.408
Дружба,2023-12-04,2.9,-2.5,-0.4,42.668,23.408
Дружба,2023-12-05,4.4,-0.8,1.6,42.668,23.408
Дружба,2023-12-06,4.7,1.8,3.4,42.668,23.408
Дружба,2023-12-07,4.8,1.5,3.1,42.668,23.408
Дружба,2023-12-08,3.2,0.2,1.6,42.668,23.408
Дружба,2023-12-09,3.7,-3.2,1.0,42.668,23.408
Дружба,2023-12-10,5.3,-3.2,0.4,42.668,23.408
Дружба,2023-12-11,8.9,0.2,3.7,42.668,23.408
Дружба,2023-12-12,11.1,1.5,5.3,42.668,23.408
Дружба,2023-12-13,10.2,0.6,5.0,42.668,23.408
Дружба,2023-12-14,13.4,3.5,6.6,42.668,23.408
Дружба,2023-12-15,6.6,2.2,5.2,42.668,23.408
Дружба,2023-12-16,2.7,-0.6,1.5,42.668,23.408
Дружба,2023-12-17,4.3,-3.6,-0.3,42.668,23.408
Дружба,2023-12-18,9.6,-3.0,1.0,42.668,23.408
Дружба,2023-12-19,10.0,-2.8,3.0,42.668,23.408
Дружба,2023-12-20,9.4,-0.3,3.3,42.668,23.408
Дружба,2023-12-21,6.8,-2.5,1.7,42.668,23.408
Дружба,2023-12-22,5.8,-1.2,2.3,42.668,23.408
Дружба,2023-12-23,7.6,-1.6,2.3,42.668,23.408
Дружба,2023-12-24,13.5,2.3,6.9,42.668,23.408
Дружба,2023-12-25,13.7,2.5,7.3,42.668,23.408
Дружба,2023-12-26,13.1,0.8,7.4,42.668,23.408
Дружба,2023-12-27,12.1,0.0,4.2,42.668,23.408
Дружба,2023-12-28,10.3,1.0,5.2,42.668,23.408
Дружба,2023-12-29,10.2,1.6,5.8,42.668,23.408
Дружба,2023-12-30,10.4,1.0,4.1,42.668,23.408
Дружба,2023-12-31,7.8,1.8,4.2,42.668,23.408
Драгалевци,2023-01-01,11.5,4.2,8.4,42.62,23.34
Драгалевци,2023-01-02,12.2,6.8,9.7,42.62,23.34
Драгалевци,2023-01-03,13.2,6.7,10.0,42.62,23.34
Драгалевци,2023-01-04,7.3,5.0,6.0,42.62,23.34
Драгалевци,2023-01-05,11.2,4.3,6.1,42.62,23.34
Драгалевци,2023-01-06,8.9,3.5,6.0,42.62,23.34
Драгалевци,2023-01-07,9.4,0.5,4.4,42.62,23.34
Драгалевци,2023-01-08,8.7,1.7,5.3,42.62,23.34
Драгалевци,2023-01-09,7.5,-2.3,3.2,42.62,23.34
Драгалевци,2023-01-10,4.2,1.7,3.0,42.62,23.34
Драгалевци,2023-01-11,3.2,-2.1,1.1,42.62,23.34
Драгалевци,2023-01-12,3.3,1.0,1.8,42.62,23.34
Драгалевци,2023-01-13,3.9,-0.1,2.0,42.62,23.34
Драгалевци,2023-01-14,4.7,-1.3,1.3,42.62,23.34
Драгалевци,2023-01-15,7.1,-1.4,2.6,42.62,23.34
Драгалевци,2023-01-16,6.7,-1.8,2.3,42.62,23.34
Драгалевци,2023-01-17,12.9,3.9,7.0,42.62,23.34
Драгалевци,2023-01-18,14.4,6.1,9.6,42.62,23.34
Драгалевци,2023-01-19,16.0,4.3,9.6,42.62,23.34
Драгалевци,2023-01-20,8.8,2.0,5.5,42.62,23.34
Драгалевци,2023-01-21,7.4,-1.0,3.3,42.62,23.34
Драгалевци,2023-01-22,8.1,4.2,5.8,42.62,23.34
Драгалевци,2023-01-23,6.5,3.3,5.4,42.62,23.34
Драгалевци,2023-01-24,3.0,-0.3,1.4,42.62,23.34
Драгалевци,2023-01-25,1.6,-1.0,-0.2,42.62,23.34
Драгалевци,2023-01-26,0.4,-2.7,-1.3,42.62,23.34
Драгалевци,2023-01-27,1.5,-1.3,-0.2,42.62,23.34
Драгалевци,2023-01-28,1.3,-2.3,-1.1,42.62,23.34
Драгалевци,2023-01-29,0.4,-2.7,-1.3,42.62,23.34
Драгалевци,2023-01-30,1.1,-3.8,-2.2,42.62,23.34
Драгалевци,2023-01-31,1.5,-2.5,-0.6,42.62,23.34
Драгалевци,2023-02-01,4.7,-2.6,0.0,42.62,23.34
Драгалевци,2023-02-02,5.7,-1.3,1.5,42.62,23.34
Драгалевци,2023-02-03,2.6,-2.5,-0.2,42.62,23.34
Драгалевци,2023-02-04,3.1,-2.8,0.5,42.62,23.34
Драгалевци,2023-02-05,-2.8,-7.2,-5.7,42.62,23.34
Драгалевци,2023-02-06,-4.4,-8.9,-6.9,42.62,23.34
Драгалевци,2023-02-07,-3.5,-12.1,-7.0,42.62,23.34
Драгалевци,2023-02-08,-3.1,-13.8,-7.0,42.62,23.34
Драгалевци,2023-02-09,-0.3,-9.1,-5.9,42.62,23.34
Драгалевци,2023-02-10,2.3,-8.4,-3.8,42.62,23.34
Драгалевци,2023-02-11,3.4,-5.8,-2.2,42.62,23.34
Драгалевци,2023-02-12,1.7,-3.5,-1.2,42.62,23.34
Драгалевци,2023-02-13,4.9,-5.6,-0.3,42.62,23.34
Драгалевци,2023-02-14,2.5,-1.7,-0.1,42.62,23.34
Драгалевци,2023-02-15,5.5,-2.1,1.1,42.62,23.34
Драгалевци,2023-02-16,11.3,-2.0,3.1,42.62,23.34
Драгалевци,2023-02-17,12.2,1.0,5.4,42.62,23.34
Драгалевци,2023-02-18,14.7,1.6,6.7,42.62,23.34
Драгалевци,2023-02-19,15.8,3.8,8.5,42.62,23.34
Драгалевци,2023-02-20,10.2,2.8,6.6,42.62,23.34
Драгалевци,2023-02-21,16.0,1.6,7.7,42.62,23.34
Драгалевци,2023-02-22,14.5,5.0,8.9,42.62,23.34
Драгалевци,2023-02-23,14.0,4.7,8.6,42.62,23.34
Драгалевци,2023-02-24,11.2,4.2,6.6,42.62,23.34
Драгалевци,2023-02-25,13.9,2.4,8.2,42.62,23.34
Драгалевци,2023-02-26,17.4,6.0,11.1,42.62,23.34
Драгалевци,2023-02-27,11.7,4.2,7.4,42.62,23.34
Драгалевци,2023-02-28,9.9,4.5,6.4,42.62,23.34
Драгалевци,2023-03-01,6.7,3.2,4.6,42.62,23.34
Драгалевци,2023-03-02,5.7,2.8,3.9,42.62,23.34
Драгалевци,2023-03-03,5.1,2.3,3.6,42.62,23.34
Драгалевци,2023-03-04,7.1,0.7,3.8,42.62,23.34
Драгалевци,2023-03-05,8.0,1.0,4.4,42.62,23.34
Драгалевци,2023-03-06,10.1,-2.2,3.7,42.62,23.34
Драгалевци,2023-03-07,12.2,0.0,5.5,42.62,23.34
Драгалевци,2023-03-08,12.8,1.5,6.7,42.62,23.34
Драгалевци,2023-03-09,15.9,3.2,8.9,42.62,23.34
Драгалевци,2023-03-10,15.0,5.9,9.1,42.62,23.34
Драгалевци,2023-03-11,13.0,4.0,8.4,42.62,23.34
Драгалевци,2023-03-12,5.2,-1.3,2.1,42.62,23.34
Драгалевци,2023-03-13,9.0,-3.0,2.5,42.62,23.34
Драгалевци,2023-03-14,14.6,0.3,6.1,42.62,23.34
Драгалевци,2023-03-15,10.9,1.5,5.9,42.62,23.34
Драгалевци,2023-03-16,4.6,-0.2,1.3,42.62,23.34
Драгалевци,2023-03-17,6.3,-0.9,1.7,42.62,23.34
Драгалевци,2023-03-18,6.3,-2.3,1.9,42.62,23.34
Драгалевци,2023-03-19,13.4,-0.6,5.7,42.62,23.34
Драгалевци,2023-03-20,17.8,3.3,10.5,42.62,23.34
Драгалевци,2023-03-21,13.5,7.8,11.0,42.62,23.34
Драгалевци,2023-03-22,10.5,4.8,7.4,42.62,23.34
Драгалевци,2023-03-23,13.1,2.9,7.5,42.62,23.34
Драгалевци,2023-03-24,17.1,4.2,10.5,42.62,23.34
Драгалевци,2023-03-25,18.7,6.0,11.4,42.62,23.34
Драгалевци,2023-03-26,14.0,5.7,9.4,42.62,23.34
Драгалевци,2023-03-27,15.1,3.9,8.2,42.62,23.34
Драгалевци,2023-03-28,4.5,-1.4,1.1,42.62,23.34
Драгалевци,2023-03-29,5.5,-3.2,0.7,42.62,23.34
Драгалевци,2023-03-30,12.1,1.4,6.1,42.62,23.34
Драгалевци,2023-03-31,15.5,4.8,9.7,42.62,23.34
Драгалевци,2023-04-01,16.2,5.5,9.8,42.62,23.34
Драгалевци,2023-04-02,13.6,3.7,8.6,42.62,23.34
Драгалевци,2023-04-03,12.9,3.5,7.0,42.62,23.34
Драгалевци,2023-04-04,6.9,-0.7,4.0,42.62,23.34
Драгалевци,2023-04-05,3.8,-1.9,0.6,42.62,23.34
Драгалевци,2023-04-06,4.6,-3.0,0.3,42.62,23.34
Драгалевци,2023-04-07,7.1,-2.2,2.3,42.62,23.34
Драгалевци,2023-04-08,9.9,-0.7,4.9,42.62,23.34
Драгалевци,2023-04-09,9.6,3.8,6.1,42.62,23.34
Драгалевци,2023-04-10,8.0,3.1,5.4,42.62,23.34
Драгалевци,2023-04-11,10.6,3.4,6.5,42.62,23.34
Драгалевци,2023-04-12,11.1,4.9,7.4,42.62,23.34
Драгалевци,2023-04-13,17.7,2.2,9.5,42.62,23.34
Драгалевци,2023-04-14,19.6,4.6,10.4,42.62,23.34
Драгалевци,2023-04-15,15.4,3.4,9.3,42.62,23.34
Драгалевци,2023-04-16,15.4,7.3,10.4,42.62,23.34
Драгалевци,2023-04-17,13.6,7.3,9.1,42.62,23.34
Драгалевци,2023-04-18,10.2,7.3,8.3,42.62,23.34
Драгалевци,2023-04-19,12.9,6.1,8.4,42.62,23.34
Драгалевци,2023-04-20,12.3,5.2,8.4,42.62,23.34
Драгалевци,2023-04-21,13.6,5.6,9.5,42.62,23.34
Драгалевци,2023-04-22,14.0,5.9,9.6,42.62,23.34
Драгалевци,2023-04-23,15.0,4.3,9.5,42.62,23.34
Драгалевци,2023-04-24,17.7,4.8,10.6,42.62,23.34
Драгалевци,2023-04-25,13.9,7.0,10.4,42.62,23.34
Драгалевци,2023-04-26,12.2,4.6,8.2,42.62,23.34
Драгалевци,2023-04-27,10.2,3.2,6.7,42.62,23.34
Драгалевци,2023-04-28,13.0,2.4,6.9,42.62,23.34
Драгалевци,2023-04-29,13.8,4.3,9.4,42.62,23.34
Драгалевци,2023-04-30,15.1,6.3,10.8,42.62,23.34
Драгалевци,2023-05-01,16.2,6.3,11.2,42.62,23.34
Драгалевци,2023-05-02,17.3,7.4,12.1,42.62,23.34
Драгалевци,2023-05-03,16.1,8.0,10.8,42.62,23.34
Драгалевци,2023-05-04,12.3,7.7,9.7,42.62,23.34
Драгалевци,2023-05-05,14.7,5.2,10.1,42.62,23.34
Драгалевци,2023-05-06,16.1,6.7,11.4,42.62,23.34
Драгалевци,2023-05-07,19.4,8.1,13.6,42.62,23.34
Драгалевци,2023-05-08,18.7,9.7,13.4,42.62,23.34
Драгалевци,2023-05-09,11.5,8.2,9.9,42.62,23.34
Драгалевци,2023-05-10,9.0,6.6,7.6,42.62,23.34
Драгалевци,2023-05-11,12.8,6.3,9.2,42.62,23.34
Драгалевци,2023-05-12,13.0,6.6,9.0,42.62,23.34
Драгалевци,2023-05-13,16.8,7.6,11.5,42.62,23.34
Драгалевци,2023-05-14,14.1,10.0,11.5,42.62,23.34
Драгалевци,2023-05-15,18.2,9.2,13.4,42.62,23.34
Драгалевци,2023-05-16,19.1,12.4,14.7,42.62,23.34
Драгалевци,2023-05-17,17.6,11.0,13.6,42.62,23.34
Драгалевци,2023-05-18,12.5,9.8,10.9,42.62,23.34
Драгалевци,2023-05-19,17.7,7.9,12.7,42.62,23.34
Драгалевци,2023-05-20,17.6,10.5,14.1,42.62,23.34
Драгалевци,2023-05-21,18.2,10.1,13.9,42.62,23.34
Драгалевци,2023-05-22,17.4,8.9,13.4,42.62,23.34
Драгалевци,2023-05-23,19.1,8.9,14.5,42.62,23.34
Драгалевци,2023-05-24,20.9,10.2,16.3,42.62,23.34
Драгалевци,2023-05-25,19.3,11.7,15.7,42.62,23.34
Драгалевци,2023-05-26,18.9,10.5,14.9,42.62,23.34
Драгалевци,2023-05-27,19.0,9.6,14.8,42.62,23.34
Драгалевци,2023-05-28,16.0,10.3,13.8,42.62,23.34
Драгалевци,2023-05-29,18.6,11.8,14.6,42.62,23.34
Драгалевци,2023-05-30,20.2,11.1,15.6,42.62,23.34
Драгалевци,2023-05-31,20.4,11.4,16.1,42.62,23.34
Драгалевци,2023-06-01,21.2,12.2,16.3,42.62,23.34
Драгалевци,2023-06-02,21.0,13.1,17.1,42.62,23.34
Драгалевци,2023-06-03,18.9,12.9,16.0,42.62,23.34
Драгалевци,2023-06-04,19.0,11.9,15.2,42.62,23.34
Драгалевци,2023-06-05,20.6,11.6,16.2,42.62,23.34
Драгалевци,2023-06-06,21.4,11.6,16.4,42.62,23.34
Драгалевци,2023-06-07,20.6,12.1,16.7,42.62,23.34
Драгалевци,2023-06-08,22.5,11.6,17.5,42.62,23.34
Драгалевци,2023-06-09,22.3,12.5,17.6,42.62,23.34
Драгалевци,2023-06-10,21.4,14.6,16.8,42.62,23.34
Драгалевци,2023-06-11,21.7,12.9,17.3,42.62,23.34
Драгалевци,2023-06-12,22.1,13.4,16.8,42.62,23.34
Драгалевци,2023-06-13,17.9,13.7,15.5,42.62,23.34
Драгалевци,2023-06-14,20.8,13.6,16.9,42.62,23.34
Драгалевци,2023-06-15,19.8,14.2,17.0,42.62,23.34
Драгалевци,2023-06-16,21.1,14.9,17.0,42.62,23.34
Драгалевци,2023-06-17,18.5,13.6,15.0,42.62,23.34
Драгалевци,2023-06-18,19.2,12.9,15.8,42.62,23.34
Драгалевци,2023-06-19,22.8,13.8,18.2,42.62,23.34
Драгалевци,2023-06-20,22.8,13.5,18.6,42.62,23.34
Драгалевци,2023-06-21,25.1,15.2,20.6,42.62,23.34
Драгалевци,2023-06-22,25.8,16.2,21.4,42.62,23.34
Драгалевци,2023-06-23,27.3,17.8,22.5,42.62,23.34
Драгалевци,2023-06-24,27.5,17.1,21.8,42.62,23.34
Драгалевци,2023-06-25,22.8,16.3,18.9,42.62,23.34
Драгалевци,2023-06-26,22.1,15.2,18.5,42.62,23.34
Драгалевци,2023-06-27,24.0,13.5,19.3,42.62,23.34
Драгалевци,2023-06-28,23.6,14.3,18.2,42.62,23.34
Драгалевци,2023-06-29,20.2,12.1,15.8,42.62,23.34
Драгалевци,2023-06-30,24.1,12.0,18.0,42.62,23.34
Драгалевци,2023-07-01,25.5,15.4,20.7,42.62,23.34
Драгалевци,2023-07-02,22.5,15.5,18.8,42.62,23.34
Драгалевци,2023-07-03,24.7,15.5,20.2,42.62,23.34
Драгалевци,2023-07-04,26.7,16.4,21.8,42.62,23.34
Драгалевци,2023-07-05,24.9,18.3,20.9,42.62,23.34
Драгалевци,2023-07-06,23.7,16.5,19.9,42.62,23.34
Драгалевци,2023-07-07,24.1,16.8,20.0,42.62,23.34
Драгалевци,2023-07-08,22.7,15.2,19.0,42.62,23.34
Драгалевци,2023-07-09,24.2,14.2,19.5,42.62,23.34
Драгалевци,2023-07-10,25.6,14.5,20.6,42.62,23.34
Драгалевци,2023-07-11,27.7,15.7,22.2,42.62,23.34
Драгалевци,2023-07-12,31.1,19.2,25.1,42.62,23.34
Драгалевци,2023-07-13,33.7,21.5,27.7,42.62,23.34
Драгалевци,2023-07-14,30.4,21.2,25.4,42.62,23.34
Драгалевци,2023-07-15,29.7,20.8,24.9,42.62,23.34
Драгалевци,2023-07-16,30.3,19.5,25.2,42.62,23.34
Драгалевци,2023-07-17,31.0,21.6,26.0,42.62,23.34
Драгалевци,2023-07-18,31.1,21.8,26.7,42.62,23.34
Драгалевци,2023-07-19,31.4,19.1,25.5,42.62,23.34
Драгалевци,2023-07-20,29.8,19.1,24.6,42.62,23.34
Драгалевци,2023-07-21,31.5,18.9,24.8,42.62,23.34
Драгалевци,2023-07-22,34.0,19.1,26.1,42.62,23.34
Драгалевци,2023-07-23,29.1,20.9,24.8,42.62,23.34
Драгалевци,2023-07-24,31.7,19.3,25.1,42.62,23.34
Драгалевци,2023-07-25,36.0,20.1,27.7,42.62,23.34
Драгалевци,2023-07-26,33.1,19.8,26.4,42.62,23.34
Драгалевци,2023-07-27,20.9,15.0,17.7,42.62,23.34
Драгалевци,2023-07-28,27.6,11.2,19.3,42.62,23.34
Драгалевци,2023-07-29,28.7,16.6,22.9,42.62,23.34
Драгалевци,2023-07-30,29.7,19.6,24.5,42.62,23.34
Драгалевци,2023-07-31,25.1,17.9,21.3,42.62,23.34
Драгалевци,2023-08-01,28.2,15.9,21.8,42.62,23.34
Драгалевци,2023-08-02,29.8,18.3,23.9,42.62,23.34
Драгалевци,2023-08-03,33.4,20.4,26.8,42.62,23.34
Драгалевци,2023-08-04,33.4,22.4,28.0,42.62,23.34
Драгалевци,2023-08-05,31.9,20.5,26.1,42.62,23.34
Драгалевци,2023-08-06,25.0,16.9,20.6,42.62,23.34
Драгалевци,2023-08-07,25.7,14.0,18.3,42.62,23.34
Драгалевци,2023-08-08,20.5,13.6,16.6,42.62,23.34
Драгалевци,2023-08-09,24.5,10.7,17.3,42.62,23.34
Драгалевци,2023-08-10,19.1,14.9,16.7,42.62,23.34
Драгалевци,2023-08-11,22.9,12.3,17.3,42.62,23.34
Драгалевци,2023-08-12,24.4,13.1,18.8,42.62,23.34
Драгалевци,2023-08-13,24.4,16.3,20.5,42.62,23.34
Драгалевци,2023-08-14,26.3,15.5,21.2,42.62,23.34
Драгалевци,2023-08-15,23.0,17.7,20.1,42.62,23.34
Драгалевци,2023-08-16,25.1,17.8,21.1,42.62,23.34
Драгалевци,2023-08-17,29.9,18.0,23.2,42.62,23.34
Драгалевци,2023-08-18,30.1,18.8,24.0,42.62,23.34
Драгалевци,2023-08-19,28.3,17.7,22.8,42.62,23.34
Драгалевци,2023-08-20,28.9,17.5,23.5,42.62,23.34
Драгалевци,2023-08-21,29.9,19.8,25.3,42.62,23.34
Драгалевци,2023-08-22,30.1,19.7,25.2,42.62,23.34
Драгалевци,2023-08-23,30.8,20.2,26.0,42.62,23.34
Драгалевци,2023-08-24,28.8,19.6,25.2,42.62,23.34
Драгалевци,2023-08-25,30.2,19.2,24.0,42.62,23.34
Драгалевци,2023-08-26,31.0,19.8,25.0,42.62,23.34
Драгалевци,2023-08-27,30.3,19.4,24.8,42.62,23.34
Драгалевци,2023-08-28,32.0,19.1,24.8,42.62,23.34
Драгалевци,2023-08-29,27.7,18.9,22.6,42.62,23.34
Драгалевци,2023-08-30,26.9,15.9,21.0,42.62,23.34
Драгалевци,2023-08-31,25.1,16.2,20.0,42.62,23.34
Драгалевци,2023-09-01,25.2,14.4,19.5,42.62,23.34
Драгалевци,2023-09-02,26.2,15.9,20.9,42.62,23.34
Драгалевци,2023-09-03,26.1,17.1,21.5,42.62,23.34
Драгалевци,2023-09-04,19.9,13.7,14.7,42.62,23.34
Драгалевци,2023-09-05,19.7,13.8,16.1,42.62,23.34
Драгалевци,2023-09-06,22.0,13.8,17.7,42.62,23.34
Драгалевци,2023-09-07,22.6,15.7,18.9,42.62,23.34
Драгалевци,2023-09-08,23.1,14.0,18.7,42.62,23.34
Драгалевци,2023-09-09,23.4,13.7,18.0,42.62,23.34
Драгалевци,2023-09-10,23.8,12.9,18.1,42.62,23.34
Драгалевци,2023-09-11,23.6,11.8,17.6,42.62,23.34
Драгалевци,2023-09-12,26.1,14.0,19.6,42.62,23.34
Драгалевци,2023-09-13,28.7,15.9,21.4,42.62,23.34
Драгалевци,2023-09-14,27.6,17.4,22.2,42.62,23.34
Драгалевци,2023-09-15,25.0,15.8,19.6,42.62,23.34
Драгалевци,2023-09-16,21.8,15.6,18.0,42.62,23.34
Драгалевци,2023-09-17,22.3,15.1,18.0,42.62,23.34
Драгалевци,2023-09-18,22.7,15.1,18.2,42.62,23.34
Драгалевци,2023-09-19,22.8,12.6,17.6,42.62,23.34
Драгалевци,2023-09-20,23.8,14.9,18.5,42.62,23.34
Драгалевци,2023-09-21,25.3,16.8,20.4,42.62,23.34
Драгалевци,2023-09-22,28.2,14.4,20.6,42.62,23.34
Драгалевци,2023-09-23,30.3,16.4,22.4,42.62,23.34
Драгалевци,2023-09-24,26.2,17.9,21.5,42.62,23.34
Драгалевци,2023-09-25,22.9,16.1,19.0,42.62,23.34
Драгалевци,2023-09-26,21.7,13.9,17.5,42.62,23.34
Драгалевци,2023-09-27,21.4,12.9,16.8,42.62,23.34
Драгалевци,2023-09-28,20.9,12.8,16.8,42.62,23.34
Драгалевци,2023-09-29,22.1,12.7,17.1,42.62,23.34
Драгалевци,2023-09-30,22.4,12.2,17.3,42.62,23.34
Драгалевци,2023-10-01,21.3,12.8,16.3,42.62,23.34
Драгалевци,2023-10-02,19.7,11.6,14.8,42.62,23.34
Драгалевци,2023-10-03,20.7,9.2,14.7,42.62,23.34
Драгалевци,2023-10-04,23.1,12.9,17.6,42.62,23.34
Драгалевци,2023-10-05,22.2,12.8,16.7,42.62,23.34
Драгалевци,2023-10-06,19.6,12.5,15.9,42.62,23.34
Драгалевци,2023-10-07,22.1,8.6,14.3,42.62,23.34
Драгалевци,2023-10-08,22.7,10.0,16.2,42.62,23.34
Драгалевци,2023-10-09,18.8,10.8,14.7,42.62,23.34
Драгалевци,2023-10-10,18.9,11.7,15.1,42.62,23.34
Драгалевци,2023-10-11,18.9,9.7,13.6,42.62,23.34
Драгалевци,2023-10-12,21.3,8.6,14.2,42.62,23.34
Драгалевци,2023-10-13,23.3,14.6,17.9,42.62,23.34
Драгалевци,2023-10-14,24.0,14.1,18.2,42.62,23.34
Драгалевци,2023-10-15,24.2,12.7,17.7,42.62,23.34
Драгалевци,2023-10-16,13.1,7.0,9.7,42.62,23.34
Драгалевци,2023-10-17,11.1,4.0,7.6,42.62,23.34
Драгалевци,2023-10-18,13.7,6.2,9.4,42.62,23.34
Драгалевци,2023-10-19,18.1,5.5,10.9,42.62,23.34
Драгалевци,2023-10-20,25.7,9.4,16.1,42.62,23.34
Драгалевци,2023-10-21,26.9,12.2,18.3,42.62,23.34
Драгалевци,2023-10-22,24.3,13.0,18.4,42.62,23.34
Драгалевци,2023-10-23,22.1,13.4,17.0,42.62,23.34
Драгалевци,2023-10-24,22.0,13.3,16.7,42.62,23.34
Драгалевци,2023-10-25,23.3,11.7,17.1,42.62,23.34
Драгалевци,2023-10-26,21.6,11.5,15.7,42.62,23.34
Драгалевци,2023-10-27,22.8,11.5,16.6,42.62,23.34
Драгалевци,2023-10-28,22.9,11.1,16.2,42.62,23.34
Драгалевци,2023-10-29,20.2,11.7,15.1,42.62,23.34
Драгалевци,2023-10-30,20.8,11.1,15.2,42.62,23.34
Драгалевци,2023-10-31,21.9,6.7,14.0,42.62,23.34
Драгалевци,2023-11-01,17.7,10.4,13.6,42.62,23.34
Драгалевци,2023-11-02,16.4,8.8,12.6,42.62,23.34
Драгалевци,2023-11-03,20.1,7.8,13.4,42.62,23.34
Драгалевци,2023-11-04,14.3,6.9,11.3,42.62,23.34
Драгалевци,2023-11-05,17.8,4.4,10.6,42.62,23.34
Драгалевци,2023-11-06,18.9,8.7,13.1,42.62,23.34
Драгалевци,2023-11-07,17.3,9.8,13.4,42.62,23.34
Драгалевци,2023-11-08,14.1,8.4,11.0,42.62,23.34
Драгалевци,2023-11-09,11.1,2.3,6.4,42.62,23.34
Драгалевци,2023-11-10,13.0,2.6,7.4,42.62,23.34
Драгалевци,2023-11-11,13.9,7.6,9.6,42.62,23.34
Драгалевци,2023-11-12,8.1,2.6,6.0,42.62,23.34
Драгалевци,2023-11-13,11.9,4.8,7.5,42.62,23.34
Драгалевци,2023-11-14,17.7,4.0,9.8,42.62,23.34
Драгалевци,2023-11-15,16.4,6.2,9.5,42.62,23.34
Драгалевци,2023-11-16,11.1,3.6,7.2,42.62,23.34
Драгалевци,2023-11-17,12.3,4.1,7.7,42.62,23.34
Драгалевци,2023-11-18,7.5,0.8,2.6,42.62,23.34
Драгалевци,2023-11-19,4.5,0.0,2.0,42.62,23.34
Драгалевци,2023-11-20,12.9,2.0,6.1,42.62,23.34
Драгалевци,2023-11-21,11.0,3.8,7.1,42.62,23.34
Драгалевци,2023-11-22,9.8,4.2,7.6,42.62,23.34
Драгалевци,2023-11-23,10.1,6.5,7.5,42.62,23.34
Драгалевци,2023-11-24,11.9,5.6,8.6,42.62,23.34
Драгалевци,2023-11-25,9.2,-0.6,3.4,42.62,23.34
Драгалевци,2023-11-26,-1.0,-5.4,-2.9,42.62,23.34
Драгалевци,2023-11-27,2.4,-5.2,-2.8,42.62,23.34
Драгалевци,2023-11-28,5.2,-5.4,1.5,42.62,23.34
Драгалевци,2023-11-29,4.7,-2.8,2.1,42.62,23.34
Драгалевци,2023-11-30,4.9,-4.2,1.3,42.62,23.34
Драгалевци,2023-12-01,15.0,1.5,8.0,42.62,23.34
Драгалевци,2023-12-02,14.6,4.9,9.9,42.62,23.34
Драгалевци,2023-12-03,10.7,0.5,6.0,42.62,23.34
Драгалевци,2023-12-04,2.6,-3.3,-1.0,42.62,23.34
Драгалевци,2023-12-05,5.2,-0.2,1.9,42.62,23.34
Драгалевци,2023-12-06,3.9,1.5,2.9,42.62,23.34
Драгалевци,2023-12-07,3.6,0.1,2.4,42.62,23.34
Драгалевци,2023-12-08,0.9,-1.2,-0.2,42.62,23.34
Драгалевци,2023-12-09,2.4,-1.5,-0.3,42.62,23.34
Драгалевци,2023-12-10,5.1,-2.6,1.1,42.62,23.34
Драгалевци,2023-12-11,7.6,-0.2,2.5,42.62,23.34
Драгалевци,2023-12-12,10.1,0.2,4.4,42.62,23.34
Драгалевци,2023-12-13,10.9,1.5,6.2,42.62,23.34
Драгалевци,2023-12-14,14.2,5.0,8.8,42.62,23.34
Драгалевци,2023-12-15,4.7,1.0,3.6,42.62,23.34
Драгалевци,2023-12-16,1.1,-2.0,-0.4,42.62,23.34
Драгалевци,2023-12-17,3.6,-4.3,-1.9,42.62,23.34
Драгалевци,2023-12-18,5.5,-2.9,0.8,42.62,23.34
Драгалевци,2023-12-19,10.2,0.2,4.9,42.62,23.34
Драгалевци,2023-12-20,10.0,0.2,5.9,42.62,23.34
Драгалевци,2023-12-21,5.9,-1.2,1.7,42.62,23.34
Драгалевци,2023-12-22,5.8,-1.2,2.5,42.62,23.34
Драгалевци,2023-12-23,8.1,-0.5,2.1,42.62,23.34
Драгалевци,2023-12-24,11.8,2.7,6.8,42.62,23.34
Драгалевци,2023-12-25,14.2,2.5,7.0,42.62,23.34
Драгалевци,2023-12-26,13.7,3.6,7.8,42.62,23.34
Драгалевци,2023-12-27,10.6,3.0,6.0,42.62,23.34
Драгалевци,2023-12-28,11.3,2.2,7.1,42.62,23.34
Драгалевци,2023-12-29,10.9,4.0,8.2,42.62,23.34
Драгалевци,2023-12-30,10.0,2.0,5.7,42.62,23.34
Драгалевци,2023-12-31,9.0,0.6,4.9,42.62,23.34
Захарна фабрика,2023-01-01,11.7,1.8,6.6,42.715,23.28
Захарна фабрика,2023-01-02,12.5,4.7,7.4,42.715,23.28
Захарна фабрика,2023-01-03,14.1,3.1,7.4,42.715,23.28
Захарна фабрика,2023-01-04,7.9,4.5,5.8,42.715,23.28
Захарна фабрика,2023-01-05,12.0,4.6,6.5,42.715,23.28
Захарна фабрика,2023-01-06,10.0,3.3,6.5,42.715,23.28
Захарна фабрика,2023-01-07,10.5,0.4,4.9,42.715,23.28
Захарна фабрика,2023-01-08,9.0,1.4,5.0,42.715,23.28
Захарна фабрика,2023-01-09,6.9,-1.4,2.1,42.715,23.28
Захарна фабрика,2023-01-10,4.0,0.2,2.6,42.715,23.28
Захарна фабрика,2023-01-11,4.2,-0.7,2.3,42.715,23.28
Захарна фабрика,2023-01-12,4.6,2.0,3.1,42.715,23.28
Захарна фабрика,2023-01-13,4.8,0.3,2.8,42.715,23.28
Захарна фабрика,2023-01-14,5.2,-1.2,2.3,42.715,23.28
Захарна фабрика,2023-01-15,8.0,0.5,3.5,42.715,23.28
Захарна фабрика,2023-01-16,7.2,0.6,2.9,42.715,23.28
Захарна фабрика,2023-01-17,13.3,0.8,6.4,42.715,23.28
Захарна фабрика,2023-01-18,15.0,4.8,9.4,42.715,23.28
Захарна фабрика,2023-01-19,16.9,4.5,11.1,42.715,23.28
Захарна фабрика,2023-01-20,9.3,1.4,6.1,42.715,23.28
Захарна фабрика,2023-01-21,9.1,-1.4,3.9,42.715,23.28
Захарна фабрика,2023-01-22,9.3,3.3,6.1,42.715,23.28
Захарна фабрика,2023-01-23,7.7,4.7,6.7,42.715,23.28
Захарна фабрика,2023-01-24,4.5,0.5,2.3,42.715,23.28
Захарна фабрика,2023-01-25,2.7,-0.4,0.7,42.715,23.28
Захарна фабрика,2023-01-26,1.7,-1.8,-0.4,42.715,23.28
Захарна фабрика,2023-01-27,3.1,-0.3,0.7,42.715,23.28
Захарна фабрика,2023-01-28,2.5,-0.9,0.1,42.715,23.28
Захарна фабрика,2023-01-29,1.6,-1.5,-0.1,42.715,23.28
Захарна фабрика,2023-01-30,1.8,-2.6,-1.1,42.715,23.28
Захарна фабрика,2023-01-31,3.1,-1.5,0.4,42.715,23.28
Захарна фабрика,2023-02-01,5.9,-1.8,1.4,42.715,23.28
Захарна фабрика,2023-02-02,7.1,-1.2,2.7,42.715,23.28
Захарна фабрика,2023-02-03,3.8,-0.9,1.1,42.715,23.28
Захарна фабрика,2023-02-04,4.1,-1.0,1.9,42.715,23.28
Захарна фабрика,2023-02-05,-1.3,-5.6,-3.9,42.715,23.28
Захарна фабрика,2023-02-06,-2.5,-8.1,-5.1,42.715,23.28
Захарна фабрика,2023-02-07,-1.1,-6.7,-4.4,42.715,23.28
Захарна фабрика,2023-02-08,-1.6,-8.0,-4.7,42.715,23.28
Захарна фабрика,2023-02-09,0.5,-7.6,-4.8,42.715,23.28
Захарна фабрика,2023-02-10,3.2,-7.3,-2.9,42.715,23.28
Захарна фабрика,2023-02-11,4.2,-5.6,-1.7,42.715,23.28
Захарна фабрика,2023-02-12,3.6,-2.2,0.1,42.715,23.28
Захарна фабрика,2023-02-13,6.1,-2.7,0.8,42.715,23.28
Захарна фабрика,2023-02-14,3.7,-1.1,0.7,42.715,23.28
Захарна фабрика,2023-02-15,6.2,-1.0,1.9,42.715,23.28
Захарна фабрика,2023-02-16,12.5,-2.1,3.3,42.715,23.28
Захарна фабрика,2023-02-17,13.9,0.0,5.4,42.715,23.28
Захарна фабрика,2023-02-18,15.4,1.1,6.7,42.715,23.28
Захарна фабрика,2023-02-19,17.2,2.9,9.0,42.715,23.28
Захарна фабрика,2023-02-20,11.5,4.6,7.6,42.715,23.28
Захарна фабрика,2023-02-21,17.6,2.1,8.6,42.715,23.28
Захарна фабрика,2023-02-22,16.0,4.3,9.2,42.715,23.28
Захарна фабрика,2023-02-23,15.4,2.9,8.1,42.715,23.28
Захарна фабрика,2023-02-24,12.7,4.9,7.8,42.715,23.28
Захарна фабрика,2023-02-25,15.3,3.3,9.4,42.715,23.28
Захарна фабрика,2023-02-26,18.0,7.8,12.3,42.715,23.28
Захарна фабрика,2023-02-27,13.3,3.7,8.5,42.715,23.28
Захарна фабрика,2023-02-28,11.3,4.1,7.2,42.715,23.28
Захарна фабрика,2023-03-01,7.6,3.9,5.5,42.715,23.28
Захарна фабрика,2023-03-02,7.3,4.0,5.2,42.715,23.28
Захарна фабрика,2023-03-03,6.3,3.2,4.5,42.715,23.28
Захарна фабрика,2023-03-04,9.3,1.1,4.7,42.715,23.28
Захарна фабрика,2023-03-05,9.5,2.0,5.3,42.715,23.28
Захарна фабрика,2023-03-06,11.7,-1.3,4.8,42.715,23.28
Захарна фабрика,2023-03-07,14.0,1.6,7.3,42.715,23.28
Захарна фабрика,2023-03-08,14.0,1.8,8.0,42.715,23.28
Захарна фабрика,2023-03-09,18.0,3.5,10.2,42.715,23.28
Захарна фабрика,2023-03-10,16.3,6.1,10.3,42.715,23.28
Захарна фабрика,2023-03-11,14.6,4.8,9.8,42.715,23.28
Захарна фабрика,2023-03-12,7.3,-0.4,3.3,42.715,23.28
Захарна фабрика,2023-03-13,10.2,-3.1,3.2,42.715,23.28
Захарна фабрика,2023-03-14,15.4,-0.4,6.9,42.715,23.28
Захарна фабрика,2023-03-15,12.9,2.0,6.5,42.715,23.28
Захарна фабрика,2023-03-16,5.5,0.7,2.4,42.715,23.28
Захарна фабрика,2023-03-17,7.8,-0.1,3.2,42.715,23.28
Захарна фабрика,2023-03-18,8.1,-1.6,3.2,42.715,23.28
Захарна фабрика,2023-03-19,15.0,-1.4,6.1,42.715,23.28
Захарна фабрика,2023-03-20,19.2,3.3,11.1,42.715,23.28
Захарна фабрика,2023-03-21,15.6,7.0,11.5,42.715,23.28
Захарна фабрика,2023-03-22,12.2,5.9,8.7,42.715,23.28
Захарна фабрика,2023-03-23,14.9,3.6,8.7,42.715,23.28
Захарна фабрика,2023-03-24,18.7,5.8,11.7,42.715,23.28
Захарна фабрика,2023-03-25,19.7,5.5,12.7,42.715,23.28
Захарна фабрика,2023-03-26,15.4,6.3,10.3,42.715,23.28
Захарна фабрика,2023-03-27,15.2,4.6,9.0,42.715,23.28
Захарна фабрика,2023-03-28,5.7,-0.2,2.4,42.715,23.28
Захарна фабрика,2023-03-29,7.0,-2.1,2.0,42.715,23.28
Захарна фабрика,2023-03-30,13.9,2.4,7.2,42.715,23.28
Захарна фабрика,2023-03-31,17.0,5.0,11.0,42.715,23.28
Захарна фабрика,2023-04-01,16.3,6.4,10.5,42.715,23.28
Захарна фабрика,2023-04-02,15.2,5.3,9.6,42.715,23.28
Захарна фабрика,2023-04-03,14.4,3.2,7.7,42.715,23.28
Захарна фабрика,2023-04-04,8.6,0.2,5.0,42.715,23.28
Захарна фабрика,2023-04-05,4.9,-0.6,1.6,42.715,23.28
Захарна фабрика,2023-04-06,5.8,-1.8,1.6,42.715,23.28
Захарна фабрика,2023-04-07,8.4,-0.3,3.7,42.715,23.28
Захарна фабрика,2023-04-08,11.2,1.8,6.3,42.715,23.28
Захарна фабрика,2023-04-09,10.9,4.2,7.0,42.715,23.28
Захарна фабрика,2023-04-10,10.1,3.8,7.0,42.715,23.28
Захарна фабрика,2023-04-11,11.8,3.6,7.6,42.715,23.28
Захарна фабрика,2023-04-12,12.3,6.0,8.6,42.715,23.28
Захарна фабрика,2023-04-13,19.1,1.2,10.3,42.715,23.28
Захарна фабрика,2023-04-14,20.9,6.6,11.1,42.715,23.28
Захарна фабрика,2023-04-15,16.4,3.7,10.3,42.715,23.28
Захарна фабрика,2023-04-16,16.7,7.0,10.8,42.715,23.28
Захарна фабрика,2023-04-17,14.7,7.6,10.0,42.715,23.28
Захарна фабрика,2023-04-18,13.3,7.7,9.8,42.715,23.28
Захарна фабрика,2023-04-19,14.4,6.4,9.6,42.715,23.28
Захарна фабрика,2023-04-20,13.3,6.1,9.4,42.715,23.28
Захарна фабрика,2023-04-21,15.3,6.4,10.7,42.715,23.28
Захарна фабрика,2023-04-22,15.5,5.0,10.6,42.715,23.28
Захарна фабрика,2023-04-23,16.8,6.1,10.7,42.715,23.28
Захарна фабрика,2023-04-24,19.1,7.2,11.8,42.715,23.28
Захарна фабрика,2023-04-25,14.8,8.1,11.5,42.715,23.28
Захарна фабрика,2023-04-26,14.0,6.0,9.5,42.715,23.28
Захарна фабрика,2023-04-27,11.4,4.0,8.0,42.715,23.28
Захарна фабрика,2023-04-28,14.8,2.8,8.0,42.715,23.28
Захарна фабрика,2023-04-29,15.0,4.1,10.0,42.715,23.28
Захарна фабрика,2023-04-30,16.8,6.0,11.5,42.715,23.28
Захарна фабрика,2023-05-01,18.0,6.5,12.3,42.715,23.28
Захарна фабрика,2023-05-02,19.1,6.9,13.1,42.715,23.28
Захарна фабрика,2023-05-03,17.7,9.0,12.0,42.715,23.28
Захарна фабрика,2023-05-04,13.8,8.0,10.8,42.715,23.28
Захарна фабрика,2023-05-05,16.4,6.1,11.4,42.715,23.28
Захарна фабрика,2023-05-06,17.5,6.6,12.6,42.715,23.28
Захарна фабрика,2023-05-07,21.0,10.0,15.1,42.715,23.28
Захарна фабрика,2023-05-08,20.4,11.1,14.7,42.715,23.28
Захарна фабрика,2023-05-09,13.5,9.3,11.2,42.715,23.28
Захарна фабрика,2023-05-10,10.3,7.6,8.8,42.715,23.28
Захарна фабрика,2023-05-11,13.3,7.5,10.4,42.715,23.28
Захарна фабрика,2023-05-12,14.4,7.0,10.2,42.715,23.28
Захарна фабрика,2023-05-13,18.3,7.7,12.7,42.715,23.28
Захарна фабрика,2023-05-14,15.3,10.5,12.2,42.715,23.28
Захарна фабрика,2023-05-15,17.8,9.6,13.1,42.715,23.28
Захарна фабрика,2023-05-16,20.1,11.7,15.2,42.715,23.28
Захарна фабрика,2023-05-17,19.0,11.4,14.4,42.715,23.28
Захарна фабрика,2023-05-18,14.7,11.0,12.3,42.715,23.28
Захарна фабрика,2023-05-19,19.0,7.9,13.7,42.715,23.28
Захарна фабрика,2023-05-20,19.5,10.8,15.5,42.715,23.28
Захарна фабрика,2023-05-21,19.4,10.2,14.7,42.715,23.28
Захарна фабрика,2023-05-22,18.6,9.4,14.4,42.715,23.28
Захарна фабрика,2023-05-23,20.6,8.9,15.5,42.715,23.28
Захарна фабрика,2023-05-24,22.5,9.2,16.8,42.715,23.28
Захарна фабрика,2023-05-25,20.3,11.9,16.6,42.715,23.28
Захарна фабрика,2023-05-26,20.4,10.8,15.8,42.715,23.28
Захарна фабрика,2023-05-27,20.7,9.4,15.5,42.715,23.28
Захарна фабрика,2023-05-28,18.1,10.9,15.2,42.715,23.28
Захарна фабрика,2023-05-29,19.8,12.6,15.8,42.715,23.28
Захарна фабрика,2023-05-30,21.3,12.5,16.6,42.715,23.28
Захарна фабрика,2023-05-31,21.7,11.8,17.0,42.715,23.28
Захарна фабрика,2023-06-01,22.0,13.0,17.1,42.715,23.28
Захарна фабрика,2023-06-02,22.7,12.8,18.3,42.715,23.28
Захарна фабрика,2023-06-03,20.2,12.5,16.8,42.715,23.28
Захарна фабрика,2023-06-04,20.1,13.5,16.3,42.715,23.28
Захарна фабрика,2023-06-05,21.8,12.6,17.2,42.715,23.28
Захарна фабрика,2023-06-06,22.6,11.5,17.2,42.715,23.28
Захарна фабрика,2023-06-07,21.8,12.2,17.3,42.715,23.28
Захарна фабрика,2023-06-08,24.2,12.1,18.4,42.715,23.28
Захарна фабрика,2023-06-09,24.9,12.7,18.6,42.715,23.28
Захарна фабрика,2023-06-10,23.0,15.1,18.2,42.715,23.28
Захарна фабрика,2023-06-11,23.0,13.7,18.6,42.715,23.28
Захарна фабрика,2023-06-12,23.1,15.1,18.1,42.715,23.28
Захарна фабрика,2023-06-13,19.9,13.9,16.5,42.715,23.28
Захарна фабрика,2023-06-14,22.2,14.2,18.0,42.715,23.28
Захарна фабрика,2023-06-15,20.7,14.2,17.9,42.715,23.28
Захарна фабрика,2023-06-16,21.6,15.4,17.9,42.715,23.28
Захарна фабрика,2023-06-17,19.0,14.4,16.1,42.715,23.28
Захарна фабрика,2023-06-18,20.7,14.0,16.9,42.715,23.28
Захарна фабрика,2023-06-19,24.3,14.2,19.1,42.715,23.28
Захарна фабрика,2023-06-20,24.3,14.3,19.9,42.715,23.28
Захарна фабрика,2023-06-21,26.7,16.2,21.7,42.715,23.28
Захарна фабрика,2023-06-22,28.2,16.1,22.3,42.715,23.28
Захарна фабрика,2023-06-23,29.0,17.7,23.2,42.715,23.28
Захарна фабрика,2023-06-24,28.8,18.4,23.0,42.715,23.28
Захарна фабрика,2023-06-25,24.0,16.9,19.8,42.715,23.28
Захарна фабрика,2023-06-26,23.6,15.9,19.9,42.715,23.28
Захарна фабрика,2023-06-27,25.4,13.9,20.3,42.715,23.28
Захарна фабрика,2023-06-28,24.8,15.3,19.1,42.715,23.28
Захарна фабрика,2023-06-29,21.5,12.6,16.8,42.715,23.28
Захарна фабрика,2023-06-30,25.8,12.0,18.9,42.715,23.28
Захарна фабрика,2023-07-01,27.6,15.8,21.3,42.715,23.28
Захарна фабрика,2023-07-02,23.6,15.7,19.9,42.715,23.28
Захарна фабрика,2023-07-03,26.5,16.1,21.3,42.715,23.28
Захарна фабрика,2023-07-04,28.2,15.7,22.2,42.715,23.28
Захарна фабрика,2023-07-05,26.1,17.1,21.6,42.715,23.28
Захарна фабрика,2023-07-06,24.8,16.6,20.7,42.715,23.28
Захарна фабрика,2023-07-07,25.9,17.5,20.9,42.715,23.28
Захарна фабрика,2023-07-08,24.3,16.0,20.1,42.715,23.28
Захарна фабрика,2023-07-09,25.7,14.5,20.5,42.715,23.28
Захарна фабрика,2023-07-10,27.6,14.5,21.5,42.715,23.28
Захарна фабрика,2023-07-11,29.2,15.4,22.9,42.715,23.28
Захарна фабрика,2023-07-12,32.8,18.5,25.4,42.715,23.28
Захарна фабрика,2023-07-13,35.2,19.6,27.4,42.715,23.28
Захарна фабрика,2023-07-14,31.6,20.7,26.1,42.715,23.28
Захарна фабрика,2023-07-15,31.5,20.3,25.5,42.715,23.28
Захарна фабрика,2023-07-16,31.8,20.9,26.4,42.715,23.28
Захарна фабрика,2023-07-17,32.3,21.5,27.3,42.715,23.28
Захарна фабрика,2023-07-18,32.8,21.3,27.4,42.715,23.28
Захарна фабрика,2023-07-19,32.9,18.9,26.4,42.715,23.28
Захарна фабрика,2023-07-20,31.3,18.8,25.1,42.715,23.28
Захарна фабрика,2023-07-21,33.3,19.1,25.6,42.715,23.28
Захарна фабрика,2023-07-22,35.3,19.7,27.1,42.715,23.28
Захарна фабрика,2023-07-23,30.4,21.0,25.3,42.715,23.28
Захарна фабрика,2023-07-24,33.1,18.2,25.8,42.715,23.28
Захарна фабрика,2023-07-25,37.6,20.3,28.3,42.715,23.28
Захарна фабрика,2023-07-26,34.2,21.0,27.4,42.715,23.28
Захарна фабрика,2023-07-27,22.2,15.8,19.0,42.715,23.28
Захарна фабрика,2023-07-28,29.1,11.4,20.4,42.715,23.28
Захарна фабрика,2023-07-29,30.3,16.9,23.8,42.715,23.28
Захарна фабрика,2023-07-30,31.5,17.6,24.8,42.715,23.28
Захарна фабрика,2023-07-31,26.8,18.7,22.6,42.715,23.28
Захарна фабрика,2023-08-01,30.0,16.1,23.0,42.715,23.28
Захарна фабрика,2023-08-02,31.2,19.2,25.1,42.715,23.28
Захарна фабрика,2023-08-03,34.4,19.7,27.3,42.715,23.28
Захарна фабрика,2023-08-04,34.2,22.3,28.8,42.715,23.28
Захарна фабрика,2023-08-05,33.3,20.5,26.9,42.715,23.28
Захарна фабрика,2023-08-06,26.2,17.7,21.7,42.715,23.28
Захарна фабрика,2023-08-07,26.1,15.1,19.5,42.715,23.28
Захарна фабрика,2023-08-08,22.1,14.6,17.8,42.715,23.28
Захарна фабрика,2023-08-09,25.8,11.2,18.1,42.715,23.28
Захарна фабрика,2023-08-10,20.9,15.7,18.1,42.715,23.28
Захарна фабрика,2023-08-11,24.3,12.4,18.3,42.715,23.28
Захарна фабрика,2023-08-12,26.1,13.3,19.8,42.715,23.28
Захарна фабрика,2023-08-13,26.2,16.1,21.4,42.715,23.28
Захарна фабрика,2023-08-14,27.6,15.9,22.4,42.715,23.28
Захарна фабрика,2023-08-15,25.2,18.5,21.2,42.715,23.28
Захарна фабрика,2023-08-16,27.1,17.9,22.4,42.715,23.28
Захарна фабрика,2023-08-17,30.5,17.2,23.9,42.715,23.28
Захарна фабрика,2023-08-18,32.0,18.2,25.1,42.715,23.28
Захарна фабрика,2023-08-19,30.4,17.8,24.3,42.715,23.28
Захарна фабрика,2023-08-20,31.0,18.4,24.6,42.715,23.28
Захарна фабрика,2023-08-21,32.4,19.6,26.5,42.715,23.28
Захарна фабрика,2023-08-22,31.9,19.7,26.0,42.715,23.28
Захарна фабрика,2023-08-23,32.4,21.5,27.0,42.715,23.28
Захарна фабрика,2023-08-24,30.6,19.0,25.9,42.715,23.28
Захарна фабрика,2023-08-25,32.3,18.9,25.2,42.715,23.28
Захарна фабрика,2023-08-26,33.2,19.0,26.1,42.715,23.28
Захарна фабрика,2023-08-27,32.0,20.1,25.7,42.715,23.28
Захарна фабрика,2023-08-28,33.5,18.8,25.8,42.715,23.28
Захарна фабрика,2023-08-29,28.9,18.8,23.4,42.715,23.28
Захарна фабрика,2023-08-30,29.4,17.0,22.3,42.715,23.28
Захарна фабрика,2023-08-31,27.2,15.6,21.1,42.715,23.28
Захарна фабрика,2023-09-01,26.5,14.9,20.6,42.715,23.28
Захарна фабрика,2023-09-02,27.9,15.3,21.5,42.715,23.28
Захарна фабрика,2023-09-03,28.1,16.6,22.0,42.715,23.28
Захарна фабрика,2023-09-04,19.3,15.0,15.9,42.715,23.28
Захарна фабрика,2023-09-05,21.2,15.0,17.5,42.715,23.28
Захарна фабрика,2023-09-06,23.5,14.8,19.1,42.715,23.28
Захарна фабрика,2023-09-07,23.8,16.8,20.2,42.715,23.28
Захарна фабрика,2023-09-08,24.3,14.3,19.7,42.715,23.28
Захарна фабрика,2023-09-09,25.3,14.5,19.1,42.715,23.28
Захарна фабрика,2023-09-10,25.7,15.4,19.9,42.715,23.28
Захарна фабрика,2023-09-11,25.4,12.2,18.8,42.715,23.28
Захарна фабрика,2023-09-12,27.5,13.9,20.0,42.715,23.28
Захарна фабрика,2023-09-13,30.7,16.2,22.6,42.715,23.28
Захарна фабрика,2023-09-14,29.4,18.4,23.0,42.715,23.28
Захарна фабрика,2023-09-15,26.9,16.6,20.9,42.715,23.28
Захарна фабрика,2023-09-16,23.2,16.0,19.2,42.715,23.28
Захарна фабрика,2023-09-17,24.0,15.6,19.1,42.715,23.28
Захарна фабрика,2023-09-18,24.5,15.2,19.3,42.715,23.28
Захарна фабрика,2023-09-19,23.9,14.2,18.2,42.715,23.28
Захарна фабрика,2023-09-20,25.7,15.1,19.4,42.715,23.28
Захарна фабрика,2023-09-21,26.9,15.3,20.4,42.715,23.28
Захарна фабрика,2023-09-22,30.7,14.8,22.0,42.715,23.28
Захарна фабрика,2023-09-23,32.1,16.2,23.1,42.715,23.28
Захарна фабрика,2023-09-24,27.9,16.9,22.0,42.715,23.28
Захарна фабрика,2023-09-25,23.5,17.1,20.0,42.715,23.28
Захарна фабрика,2023-09-26,23.0,15.5,19.1,42.715,23.28
Захарна фабрика,2023-09-27,23.2,13.8,18.3,42.715,23.28
Захарна фабрика,2023-09-28,22.9,13.0,18.2,42.715,23.28
Захарна фабрика,2023-09-29,24.2,12.9,18.2,42.715,23.28
Захарна фабрика,2023-09-30,24.7,11.9,18.4,42.715,23.28
Захарна фабрика,2023-10-01,23.1,13.3,17.3,42.715,23.28
Захарна фабрика,2023-10-02,21.8,12.4,16.4,42.715,23.28
Захарна фабрика,2023-10-03,22.2,8.7,15.6,42.715,23.28
Захарна фабрика,2023-10-04,24.9,12.7,18.1,42.715,23.28
Захарна фабрика,2023-10-05,24.3,13.2,17.5,42.715,23.28
Захарна фабрика,2023-10-06,21.7,12.6,16.5,42.715,23.28
Захарна фабрика,2023-10-07,23.6,8.0,15.2,42.715,23.28
Захарна фабрика,2023-10-08,24.2,10.2,17.1,42.715,23.28
Захарна фабрика,2023-10-09,20.3,11.6,15.6,42.715,23.28
Захарна фабрика,2023-10-10,20.7,11.4,15.8,42.715,23.28
Захарна фабрика,2023-10-11,20.4,10.2,14.8,42.715,23.28
Захарна фабрика,2023-10-12,23.4,9.8,15.7,42.715,23.28
Захарна фабрика,2023-10-13,25.2,11.0,18.0,42.715,23.28
Захарна фабрика,2023-10-14,25.5,12.8,17.9,42.715,23.28
Захарна фабрика,2023-10-15,25.6,12.1,18.0,42.715,23.28
Захарна фабрика,2023-10-16,14.8,8.1,11.0,42.715,23.28
Захарна фабрика,2023-10-17,11.9,4.5,8.2,42.715,23.28
Захарна фабрика,2023-10-18,15.0,7.8,10.5,42.715,23.28
Захарна фабрика,2023-10-19,19.8,6.7,11.9,42.715,23.28
Захарна фабрика,2023-10-20,26.8,11.5,18.3,42.715,23.28
Захарна фабрика,2023-10-21,27.9,15.9,20.2,42.715,23.28
Захарна фабрика,2023-10-22,25.5,15.4,19.9,42.715,23.28
Захарна фабрика,2023-10-23,23.3,13.6,17.5,42.715,23.28
Захарна фабрика,2023-10-24,24.0,10.8,16.5,42.715,23.28
Захарна фабрика,2023-10-25,25.0,13.7,18.7,42.715,23.28
Захарна фабрика,2023-10-26,22.9,13.4,17.4,42.715,23.28
Захарна фабрика,2023-10-27,24.2,14.0,18.8,42.715,23.28
Захарна фабрика,2023-10-28,24.5,13.1,18.4,42.715,23.28
Захарна фабрика,2023-10-29,22.2,10.4,15.9,42.715,23.28
Захарна фабрика,2023-10-30,22.5,11.4,15.6,42.715,23.28
Захарна фабрика,2023-10-31,22.9,7.2,15.9,42.715,23.28
Захарна фабрика,2023-11-01,18.4,10.0,14.5,42.715,23.28
Захарна фабрика,2023-11-02,18.5,9.0,13.0,42.715,23.28
Захарна фабрика,2023-11-03,20.3,9.6,13.7,42.715,23.28
Захарна фабрика,2023-11-04,14.0,10.2,12.3,42.715,23.28
Захарна фабрика,2023-11-05,18.8,6.0,12.8,42.715,23.28
Захарна фабрика,2023-11-06,20.7,11.1,15.0,42.715,23.28
Захарна фабрика,2023-11-07,19.2,8.5,12.6,42.715,23.28
Захарна фабрика,2023-11-08,14.8,9.1,12.2,42.715,23.28
Захарна фабрика,2023-11-09,12.3,4.4,8.1,42.715,23.28
Захарна фабрика,2023-11-10,13.8,3.9,7.9,42.715,23.28
Захарна фабрика,2023-11-11,14.1,6.5,9.8,42.715,23.28
Захарна фабрика,2023-11-12,8.9,2.8,6.9,42.715,23.28
Захарна фабрика,2023-11-13,13.1,4.7,7.7,42.715,23.28
Захарна фабрика,2023-11-14,18.9,3.0,9.6,42.715,23.28
Захарна фабрика,2023-11-15,17.6,6.0,9.8,42.715,23.28
Захарна фабрика,2023-11-16,12.2,3.6,8.2,42.715,23.28
Захарна фабрика,2023-11-17,12.8,4.7,8.0,42.715,23.28
Захарна фабрика,2023-11-18,8.0,2.2,3.7,42.715,23.28
Захарна фабрика,2023-11-19,5.2,1.0,3.0,42.715,23.28
Захарна фабрика,2023-11-20,13.7,0.7,5.9,42.715,23.28
Захарна фабрика,2023-11-21,11.3,4.0,6.8,42.715,23.28
Захарна фабрика,2023-11-22,10.6,6.0,7.9,42.715,23.28
Захарна фабрика,2023-11-23,10.4,6.2,8.1,42.715,23.28
Захарна фабрика,2023-11-24,13.5,6.2,9.5,42.715,23.28
Захарна фабрика,2023-11-25,9.3,0.1,4.1,42.715,23.28
Захарна фабрика,2023-11-26,-0.1,-3.4,-1.7,42.715,23.28
Захарна фабрика,2023-11-27,1.6,-2.9,-1.4,42.715,23.28
Захарна фабрика,2023-11-28,4.1,-1.9,1.4,42.715,23.28
Захарна фабрика,2023-11-29,4.2,0.0,2.8,42.715,23.28
Захарна фабрика,2023-11-30,7.6,-1.4,2.2,42.715,23.28
Захарна фабрика,2023-12-01,17.1,2.0,10.0,42.715,23.28
Захарна фабрика,2023-12-02,15.8,7.7,11.9,42.715,23.28
Захарна фабрика,2023-12-03,11.1,0.7,6.1,42.715,23.28
Захарна фабрика,2023-12-04,3.1,-2.8,-0.5,42.715,23.28
Захарна фабрика,2023-12-05,4.8,-0.7,1.7,42.715,23.28
Захарна фабрика,2023-12-06,4.7,1.7,3.3,42.715,23.28
Захарна фабрика,2023-12-07,4.3,1.1,3.0,42.715,23.28
Захарна фабрика,2023-12-08,2.4,-0.6,0.9,42.715,23.28
Захарна фабрика,2023-12-09,3.0,-1.6,0.2,42.715,23.28
Захарна фабрика,2023-12-10,6.9,-1.9,1.4,42.715,23.28
Захарна фабрика,2023-12-11,9.2,-0.6,3.5,42.715,23.28
Захарна фабрика,2023-12-12,11.0,-0.3,4.5,42.715,23.28
Захарна фабрика,2023-12-13,12.0,1.0,6.2,42.715,23.28
Захарна фабрика,2023-12-14,14.3,4.8,7.9,42.715,23.28
Захарна фабрика,2023-12-15,5.9,2.0,4.5,42.715,23.28
Захарна фабрика,2023-12-16,2.0,-2.0,0.6,42.715,23.28
Захарна фабрика,2023-12-17,4.1,-3.1,-0.4,42.715,23.28
Захарна фабрика,2023-12-18,10.2,-2.5,1.9,42.715,23.28
Захарна фабрика,2023-12-19,10.8,-2.1,3.6,42.715,23.28
Захарна фабрика,2023-12-20,11.8,-0.2,3.9,42.715,23.28
Захарна фабрика,2023-12-21,6.6,-2.4,1.9,42.715,23.28
Захарна фабрика,2023-12-22,6.9,-2.4,2.9,42.715,23.28
Захарна фабрика,2023-12-23,8.7,0.3,3.4,42.715,23.28
Захарна фабрика,2023-12-24,13.1,3.2,7.8,42.715,23.28
Захарна фабрика,2023-12-25,14.8,1.7,6.1,42.715,23.28
Захарна фабрика,2023-12-26,15.0,1.3,5.8,42.715,23.28
Захарна фабрика,2023-12-27,11.7,2.7,5.8,42.715,23.28
Захарна фабрика,2023-12-28,12.4,1.0,5.8,42.715,23.28
Захарна фабрика,2023-12-29,11.8,-0.3,4.2,42.715,23.28
Захарна фабрика,2023-12-30,11.1,0.3,4.3,42.715,23.28
Захарна фабрика,2023-12-31,9.4,0.0,4.6,42.715,23.28
Иван Вазов,2023-01-01,11.7,1.8,6.6,42.685,23.31
Иван Вазов,2023-01-02,12.5,4.7,7.3,42.685,23.31
Иван Вазов,2023-01-03,14.1,3.0,7.3,42.685,23.31
Иван Вазов,2023-01-04,7.9,4.4,5.7,42.685,23.31
Иван Вазов,2023-01-05,11.9,4.5,6.5,42.685,23.31
Иван Вазов,2023-01-06,9.9,3.2,6.4,42.685,23.31
Иван Вазов,2023-01-07,10.4,0.3,4.8,42.685,23.31
Иван Вазов,2023-01-08,8.9,1.4,4.9,42.685,23.31
Иван Вазов,2023-01-09,6.9,-1.4,2.0,42.685,23.31
Иван Вазов,2023-01-10,4.0,0.1,2.5,42.685,23.31
Иван Вазов,2023-01-11,4.1,-0.7,2.2,42.685,23.31
Иван Вазов,2023-01-12,4.5,2.0,3.0,42.685,23.31
Иван Вазов,2023-01-13,4.7,0.2,2.7,42.685,23.31
Иван Вазов,2023-01-14,5.2,-1.2,2.2,42.685,23.31
Иван Вазов,2023-01-15,8.0,0.4,3.5,42.685,23.31
Иван Вазов,2023-01-16,7.2,0.5,2.8,42.685,23.31
Иван Вазов,2023-01-17,13.3,0.7,6.3,42.685,23.31
Иван Вазов,2023-01-18,14.9,4.8,9.3,42.685,23.31
Иван Вазов,2023-01-19,16.9,4.4,11.0,42.685,23.31
Иван Вазов,2023-01-20,9.2,1.3,6.1,42.685,23.31
Иван Вазов,2023-01-21,9.0,-1.5,3.9,42.685,23.31
Иван Вазов,2023-01-22,9.3,3.2,6.1,42.685,23.31
Иван Вазов,2023-01-23,7.7,4.7,6.6,42.685,23.31
Иван Вазов,2023-01-24,4.4,0.4,2.2,42.685,23.31
Иван Вазов,2023-01-25,2.7,-0.4,0.6,42.685,23.31
Иван Вазов,2023-01-26,1.6,-1.8,-0.5,42.685,23.31
Иван Вазов,2023-01-27,3.1,-0.4,0.6,42.685,23.31
Иван Вазов,2023-01-28,2.4,-1.0,0.1,42.685,23.31
Иван Вазов,2023-01-29,1.6,-1.5,-0.2,42.685,23.31
Иван Вазов,2023-01-30,1.8,-2.7,-1.1,42.685,23.31
Иван Вазов,2023-01-31,3.1,-1.6,0.3,42.685,23.31
Иван Вазов,2023-02-01,5.9,-1.9,1.3,42.685,23.31
Иван Вазов,2023-02-02,7.1,-1.2,2.6,42.685,23.31
Иван Вазов,2023-02-03,3.8,-1.0,1.0,42.685,23.31
Иван Вазов,2023-02-04,4.0,-1.0,1.8,42.685,23.31
Иван Вазов,2023-02-05,-1.3,-5.7,-3.9,42.685,23.31
Иван Вазов,2023-02-06,-2.5,-8.2,-5.2,42.685,23.31
Иван Вазов,2023-02-07,-1.1,-6.7,-4.5,42.685,23.31
Иван Вазов,2023-02-08,-1.7,-8.0,-4.8,42.685,23.31
Иван Вазов,2023-02-09,0.4,-7.7,-4.8,42.685,23.31
Иван Вазов,2023-02-10,3.2,-7.4,-3.0,42.685,23.31
Иван Вазов,2023-02-11,4.1,-5.7,-1.8,42.685,23.31
Иван Вазов,2023-02-12,3.6,-2.2,0.1,42.685,23.31
Иван Вазов,2023-02-13,6.1,-2.8,0.7,42.685,23.31
Иван Вазов,2023-02-14,3.7,-1.1,0.7,42.685,23.31
Иван Вазов,2023-02-15,6.2,-1.1,1.8,42.685,23.31
Иван Вазов,2023-02-16,12.5,-2.1,3.2,42.685,23.31
Иван Вазов,2023-02-17,13.9,-0.0,5.3,42.685,23.31
Иван Вазов,2023-02-18,15.3,1.0,6.6,42.685,23.31
Иван Вазов,2023-02-19,17.1,2.8,8.9,42.685,23.31
Иван Вазов,2023-02-20,11.5,4.6,7.6,42.685,23.31
Иван Вазов,2023-02-21,17.5,2.0,8.5,42.685,23.31
Иван Вазов,2023-02-22,16.0,4.2,9.1,42.685,23.31
Иван Вазов,2023-02-23,15.3,2.8,8.0,42.685,23.31
Иван Вазов,2023-02-24,12.6,4.9,7.7,42.685,23.31
Иван Вазов,2023-02-25,15.3,3.3,9.3,42.685,23.31
Иван Вазов,2023-02-26,18.0,7.7,12.2,42.685,23.31
Иван Вазов,2023-02-27,13.2,3.6,8.4,42.685,23.31
Иван Вазов,2023-02-28,11.2,4.1,7.1,42.685,23.31
Иван Вазов,2023-03-01,7.5,3.8,5.5,42.685,23.31
Иван Вазов,2023-03-02,7.3,3.9,5.1,42.685,23.31
Иван Вазов,2023-03-03,6.3,3.1,4.4,42.685,23.31
Иван Вазов,2023-03-04,9.2,1.1,4.6,42.685,23.31
Иван Вазов,2023-03-05,9.4,1.9,5.3,42.685,23.31
Иван Вазов,2023-03-06,11.6,-1.4,4.7,42.685,23.31
Иван Вазов,2023-03-07,13.9,1.6,7.2,42.685,23.31
Иван Вазов,2023-03-08,13.9,1.7,7.9,42.685,23.31
Иван Вазов,2023-03-09,17.9,3.4,10.1,42.685,23.31
Иван Вазов,2023-03-10,16.3,6.0,10.2,42.685,23.31
Иван Вазов,2023-03-11,14.5,4.7,9.7,42.685,23.31
Иван Вазов,2023-03-12,7.2,-0.4,3.2,42.685,23.31
Иван Вазов,2023-03-13,10.1,-3.2,3.1,42.685,23.31
Иван Вазов,2023-03-14,15.3,-0.4,6.9,42.685,23.31
Иван Вазов,2023-03-15,12.8,2.0,6.5,42.685,23.31
Иван Вазов,2023-03-16,5.4,0.7,2.3,42.685,23.31
Иван Вазов,2023-03-17,7.8,-0.1,3.1,42.685,23.31
Иван Вазов,2023-03-18,8.0,-1.6,3.2,42.685,23.31
Иван Вазов,2023-03-19,15.0,-1.5,6.0,42.685,23.31
Иван Вазов,2023-03-20,19.1,3.3,11.0,42.685,23.31
Иван Вазов,2023-03-21,15.5,6.9,11.4,42.685,23.31
Иван Вазов,2023-03-22,12.2,5.8,8.6,42.685,23.31
Иван Вазов,2023-03-23,14.8,3.6,8.6,42.685,23.31
Иван Вазов,2023-03-24,18.7,5.7,11.6,42.685,23.31
Иван Вазов,2023-03-25,19.6,5.5,12.7,42.685,23.31
Иван Вазов,2023-03-26,15.4,6.2,10.2,42.685,23.31
Иван Вазов,2023-03-27,15.1,4.5,8.9,42.685,23.31
Иван Вазов,2023-03-28,5.7,-0.2,2.3,42.685,23.31
Иван Вазов,2023-03-29,6.9,-2.1,2.0,42.685,23.31
Иван Вазов,2023-03-30,13.9,2.4,7.1,42.685,23.31
Иван Вазов,2023-03-31,17.0,4.9,10.9,42.685,23.31
Иван Вазов,2023-04-01,16.3,6.4,10.4,42.685,23.31
Иван Вазов,2023-04-02,15.1,5.2,9.5,42.685,23.31
Иван Вазов,2023-04-03,14.3,3.1,7.6,42.685,23.31
Иван Вазов,2023-04-04,8.5,0.1,4.9,42.685,23.31
Иван Вазов,2023-04-05,4.9,-0.7,1.6,42.685,23.31
Иван Вазов,2023-04-06,5.7,-1.8,1.6,42.685,23.31
Иван Вазов,2023-04-07,8.4,-0.3,3.6,42.685,23.31
Иван Вазов,2023-04-08,11.2,1.8,6.2,42.685,23.31
Иван Вазов,2023-04-09,10.8,4.1,6.9,42.685,23.31
Иван Вазов,2023-04-10,10.0,3.8,6.9,42.685,23.31
Иван Вазов,2023-04-11,11.8,3.6,7.5,42.685,23.31
Иван Вазов,2023-04-12,12.2,5.9,8.5,42.685,23.31
Иван Вазов,2023-04-13,19.1,1.1,10.2,42.685,23.31
Иван Вазов,2023-04-14,20.8,6.6,11.0,42.685,23.31
Иван Вазов,2023-04-15,16.4,3.6,10.2,42.685,23.31
Иван Вазов,2023-04-16,16.7,7.0,10.8,42.685,23.31
Иван Вазов,2023-04-17,14.6,7.5,10.0,42.685,23.31
Иван Вазов,2023-04-18,13.2,7.7,9.8,42.685,23.31
Иван Вазов,2023-04-19,14.3,6.3,9.5,42.685,23.31
Иван Вазов,2023-04-20,13.3,6.0,9.3,42.685,23.31
Иван Вазов,2023-04-21,15.3,6.4,10.6,42.685,23.31
Иван Вазов,2023-04-22,15.4,4.9,10.5,42.685,23.31
Иван Вазов,2023-04-23,16.7,6.1,10.7,42.685,23.31
Иван Вазов,2023-04-24,19.1,7.2,11.7,42.685,23.31
Иван Вазов,2023-04-25,14.8,8.0,11.4,42.685,23.31
Иван Вазов,2023-04-26,13.9,6.0,9.5,42.685,23.31
Иван Вазов,2023-04-27,11.4,3.9,7.9,42.685,23.31
Иван Вазов,2023-04-28,14.8,2.7,8.0,42.685,23.31
Иван Вазов,2023-04-29,14.9,4.0,9.9,42.685,23.31
Иван Вазов,2023-04-30,16.7,5.9,11.5,42.685,23.31
Иван Вазов,2023-05-01,17.9,6.5,12.2,42.685,23.31
Иван Вазов,2023-05-02,19.0,6.8,13.0,42.685,23.31
Иван Вазов,2023-05-03,17.6,8.9,12.0,42.685,23.31
Иван Вазов,2023-05-04,13.7,7.9,10.8,42.685,23.31
Иван Вазов,2023-05-05,16.3,6.1,11.3,42.685,23.31
Иван Вазов,2023-05-06,17.4,6.6,12.5,42.685,23.31
Иван Вазов,2023-05-07,20.9,9.9,15.0,42.685,23.31
Иван Вазов,2023-05-08,20.3,11.1,14.6,42.685,23.31
Иван Вазов,2023-05-09,13.4,9.2,11.1,42.685,23.31
Иван Вазов,2023-05-10,10.3,7.6,8.7,42.685,23.31
Иван Вазов,2023-05-11,13.3,7.4,10.3,42.685,23.31
Иван Вазов,2023-05-12,14.4,7.0,10.1,42.685,23.31
Иван Вазов,2023-05-13,18.3,7.7,12.6,42.685,23.31
Иван Вазов,2023-05-14,15.3,10.5,12.2,42.685,23.31
Иван Вазов,2023-05-15,17.7,9.5,13.0,42.685,23.31
Иван Вазов,2023-05-16,20.1,11.7,15.1,42.685,23.31
Иван Вазов,2023-05-17,19.0,11.4,14.4,42.685,23.31
Иван Вазов,2023-05-18,14.6,11.0,12.2,42.685,23.31
Иван Вазов,2023-05-19,19.0,7.8,13.6,42.685,23.31
Иван Вазов,2023-05-20,19.5,10.8,15.5,42.685,23.31
Иван Вазов,2023-05-21,19.4,10.2,14.6,42.685,23.31
Иван Вазов,2023-05-22,18.5,9.4,14.3,42.685,23.31
Иван Вазов,2023-05-23,20.6,8.9,15.4,42.685,23.31
Иван Вазов,2023-05-24,22.4,9.1,16.7,42.685,23.31
Иван Вазов,2023-05-25,20.3,11.9,16.5,42.685,23.31
Иван Вазов,2023-05-26,20.3,10.7,15.7,42.685,23.31
Иван Вазов,2023-05-27,20.7,9.3,15.4,42.685,23.31
Иван Вазов,2023-05-28,18.1,10.8,15.1,42.685,23.31
Иван Вазов,2023-05-29,19.7,12.6,15.7,42.685,23.31
Иван Вазов,2023-05-30,21.3,12.4,16.5,42.685,23.31
Иван Вазов,2023-05-31,21.7,11.8,17.0,42.685,23.31
Иван Вазов,2023-06-01,22.0,13.0,17.0,42.685,23.31
Иван Вазов,2023-06-02,22.6,12.7,18.2,42.685,23.31
Иван Вазов,2023-06-03,20.1,12.4,16.8,42.685,23.31
Иван Вазов,2023-06-04,20.0,13.4,16.2,42.685,23.31
Иван Вазов,2023-06-05,21.8,12.5,17.1,42.685,23.31
Иван Вазов,2023-06-06,22.5,11.5,17.2,42.685,23.31
Иван Вазов,2023-06-07,21.7,12.2,17.3,42.685,23.31
Иван Вазов,2023-06-08,24.2,12.0,18.3,42.685,23.31
Иван Вазов,2023-06-09,24.8,12.7,18.5,42.685,23.31
Иван Вазов,2023-06-10,23.0,15.1,18.1,42.685,23.31
Иван Вазов,2023-06-11,23.0,13.6,18.6,42.685,23.31
Иван Вазов,2023-06-12,23.1,15.0,18.1,42.685,23.31
Иван Вазов,2023-06-13,19.8,13.8,16.4,42.685,23.31
Иван Вазов,2023-06-14,22.1,14.1,17.9,42.685,23.31
Иван Вазов,2023-06-15,20.6,14.2,17.9,42.685,23.31
Иван Вазов,2023-06-16,21.5,15.4,17.8,42.685,23.31
Иван Вазов,2023-06-17,19.0,14.3,16.0,42.685,23.31
Иван Вазов,2023-06-18,20.7,14.0,16.8,42.685,23.31
Иван Вазов,2023-06-19,24.2,14.1,19.0,42.685,23.31
Иван Вазов,2023-06-20,24.2,14.2,19.8,42.685,23.31
Иван Вазов,2023-06-21,26.6,16.1,21.6,42.685,23.31
Иван Вазов,2023-06-22,28.1,16.0,22.3,42.685,23.31
Иван Вазов,2023-06-23,28.9,17.7,23.1,42.685,23.31
Иван Вазов,2023-06-24,28.7,18.4,22.9,42.685,23.31
Иван Вазов,2023-06-25,24.0,16.8,19.8,42.685,23.31
Иван Вазов,2023-06-26,23.6,15.8,19.8,42.685,23.31
Иван Вазов,2023-06-27,25.4,13.9,20.2,42.685,23.31
Иван Вазов,2023-06-28,24.8,15.2,19.0,42.685,23.31
Иван Вазов,2023-06-29,21.4,12.5,16.7,42.685,23.31
Иван Вазов,2023-06-30,25.8,11.9,18.8,42.685,23.31
Иван Вазов,2023-07-01,27.5,15.7,21.2,42.685,23.31
Иван Вазов,2023-07-02,23.5,15.7,19.8,42.685,23.31
Иван Вазов,2023-07-03,26.5,16.0,21.2,42.685,23.31
Иван Вазов,2023-07-04,28.1,15.7,22.1,42.685,23.31
Иван Вазов,2023-07-05,26.0,17.1,21.5,42.685,23.31
Иван Вазов,2023-07-06,24.8,16.6,20.6,42.685,23.31
Иван Вазов,2023-07-07,25.8,17.5,20.9,42.685,23.31
Иван Вазов,2023-07-08,24.2,16.0,20.1,42.685,23.31
Иван Вазов,2023-07-09,25.6,14.5,20.4,42.685,23.31
Иван Вазов,2023-07-10,27.6,14.4,21.5,42.685,23.31
Иван Вазов,2023-07-11,29.2,15.3,22.8,42.685,23.31
Иван Вазов,2023-07-12,32.8,18.5,25.3,42.685,23.31
Иван Вазов,2023-07-13,35.2,19.5,27.3,42.685,23.31
Иван Вазов,2023-07-14,31.5,20.6,26.1,42.685,23.31
Иван Вазов,2023-07-15,31.4,20.2,25.5,42.685,23.31
Иван Вазов,2023-07-16,31.7,20.9,26.3,42.685,23.31
Иван Вазов,2023-07-17,32.2,21.4,27.2,42.685,23.31
Иван Вазов,2023-07-18,32.8,21.3,27.3,42.685,23.31
Иван Вазов,2023-07-19,32.8,18.9,26.3,42.685,23.31
Иван Вазов,2023-07-20,31.3,18.7,25.1,42.685,23.31
Иван Вазов,2023-07-21,33.2,19.1,25.5,42.685,23.31
Иван Вазов,2023-07-22,35.3,19.6,27.0,42.685,23.31
Иван Вазов,2023-07-23,30.3,21.0,25.2,42.685,23.31
Иван Вазов,2023-07-24,33.1,18.1,25.8,42.685,23.31
Иван Вазов,2023-07-25,37.6,20.3,28.2,42.685,23.31
Иван Вазов,2023-07-26,34.2,20.9,27.3,42.685,23.31
Иван Вазов,2023-07-27,22.2,15.8,18.9,42.685,23.31
Иван Вазов,2023-07-28,29.1,11.3,20.3,42.685,23.31
Иван Вазов,2023-07-29,30.2,16.8,23.7,42.685,23.31
Иван Вазов,2023-07-30,31.5,17.5,24.7,42.685,23.31
Иван Вазов,2023-07-31,26.8,18.6,22.5,42.685,23.31
Иван Вазов,2023-08-01,30.0,16.0,22.9,42.685,23.31
Иван Вазов,2023-08-02,31.1,19.2,25.0,42.685,23.31
Иван Вазов,2023-08-03,34.4,19.7,27.3,42.685,23.31
Иван Вазов,2023-08-04,34.2,22.2,28.7,42.685,23.31
Иван Вазов,2023-08-05,33.2,20.5,26.9,42.685,23.31
Иван Вазов,2023-08-06,26.1,17.6,21.6,42.685,23.31
Иван Вазов,2023-08-07,26.1,15.0,19.4,42.685,23.31
Иван Вазов,2023-08-08,22.0,14.6,17.7,42.685,23.31
Иван Вазов,2023-08-09,25.7,11.1,18.0,42.685,23.31
Иван Вазов,2023-08-10,20.9,15.6,18.0,42.685,23.31
Иван Вазов,2023-08-11,24.2,12.3,18.2,42.685,23.31
Иван Вазов,2023-08-12,26.0,13.2,19.7,42.685,23.31
Иван Вазов,2023-08-13,26.1,16.1,21.4,42.685,23.31
Иван Вазов,2023-08-14,27.6,15.9,22.3,42.685,23.31
Иван Вазов,2023-08-15,25.2,18.4,21.2,42.685,23.31
Иван Вазов,2023-08-16,27.1,17.8,22.3,42.685,23.31
Иван Вазов,2023-08-17,30.5,17.2,23.9,42.685,23.31
Иван Вазов,2023-08-18,32.0,18.2,25.0,42.685,23.31
Иван Вазов,2023-08-19,30.4,17.7,24.2,42.685,23.31
Иван Вазов,2023-08-20,30.9,18.4,24.5,42.685,23.31
Иван Вазов,2023-08-21,32.3,19.5,26.4,42.685,23.31
Иван Вазов,2023-08-22,31.8,19.6,25.9,42.685,23.31
Иван Вазов,2023-08-23,32.3,21.5,26.9,42.685,23.31
Иван Вазов,2023-08-24,30.6,19.0,25.8,42.685,23.31
Иван Вазов,2023-08-25,32.2,18.8,25.1,42.685,23.31
Иван Вазов,2023-08-26,33.1,19.0,26.0,42.685,23.31
Иван Вазов,2023-08-27,32.0,20.1,25.7,42.685,23.31
Иван Вазов,2023-08-28,33.4,18.8,25.7,42.685,23.31
Иван Вазов,2023-08-29,28.9,18.7,23.3,42.685,23.31
Иван Вазов,2023-08-30,29.4,17.0,22.3,42.685,23.31
Иван Вазов,2023-08-31,27.1,15.6,21.1,42.685,23.31
Иван Вазов,2023-09-01,26.5,14.8,20.5,42.685,23.31
Иван Вазов,2023-09-02,27.8,15.3,21.4,42.685,23.31
Иван Вазов,2023-09-03,28.0,16.6,21.9,42.685,23.31
Иван Вазов,2023-09-04,19.3,14.9,15.8,42.685,23.31
Иван Вазов,2023-09-05,21.1,15.0,17.4,42.685,23.31
Иван Вазов,2023-09-06,23.4,14.8,19.1,42.685,23.31
Иван Вазов,2023-09-07,23.7,16.8,20.2,42.685,23.31
Иван Вазов,2023-09-08,24.2,14.3,19.7,42.685,23.31
Иван Вазов,2023-09-09,25.3,14.4,19.0,42.685,23.31
Иван Вазов,2023-09-10,25.6,15.4,19.8,42.685,23.31
Иван Вазов,2023-09-11,25.3,12.2,18.7,42.685,23.31
Иван Вазов,2023-09-12,27.5,13.8,19.9,42.685,23.31
Иван Вазов,2023-09-13,30.7,16.2,22.5,42.685,23.31
Иван Вазов,2023-09-14,29.4,18.3,23.0,42.685,23.31
Иван Вазов,2023-09-15,26.8,16.5,20.9,42.685,23.31
Иван Вазов,2023-09-16,23.2,16.0,19.1,42.685,23.31
Иван Вазов,2023-09-17,23.9,15.5,19.1,42.685,23.31
Иван Вазов,2023-09-18,24.4,15.1,19.2,42.685,23.31
Иван Вазов,2023-09-19,23.9,14.1,18.2,42.685,23.31
Иван Вазов,2023-09-20,25.6,15.1,19.3,42.685,23.31
Иван Вазов,2023-09-21,26.8,15.2,20.4,42.685,23.31
Иван Вазов,2023-09-22,30.6,14.7,21.9,42.685,23.31
Иван Вазов,2023-09-23,32.1,16.1,23.1,42.685,23.31
Иван Вазов,2023-09-24,27.9,16.9,22.0,42.685,23.31
Иван Вазов,2023-09-25,23.4,17.0,19.9,42.685,23.31
Иван Вазов,2023-09-26,23.0,15.4,19.0,42.685,23.31
Иван Вазов,2023-09-27,23.2,13.7,18.2,42.685,23.31
Иван Вазов,2023-09-28,22.9,13.0,18.1,42.685,23.31
Иван Вазов,2023-09-29,24.2,12.8,18.1,42.685,23.31
Иван Вазов,2023-09-30,24.7,11.9,18.3,42.685,23.31
Иван Вазов,2023-10-01,23.0,13.3,17.2,42.685,23.31
Иван Вазов,2023-10-02,21.8,12.4,16.3,42.685,23.31
Иван Вазов,2023-10-03,22.2,8.7,15.5,42.685,23.31
Иван Вазов,2023-10-04,24.9,12.6,18.0,42.685,23.31
Иван Вазов,2023-10-05,24.3,13.1,17.4,42.685,23.31
Иван Вазов,2023-10-06,21.7,12.6,16.4,42.685,23.31
Иван Вазов,2023-10-07,23.5,7.9,15.1,42.685,23.31
Иван Вазов,2023-10-08,24.1,10.2,17.0,42.685,23.31
Иван Вазов,2023-10-09,20.3,11.5,15.5,42.685,23.31
Иван Вазов,2023-10-10,20.6,11.4,15.8,42.685,23.31
Иван Вазов,2023-10-11,20.4,10.1,14.7,42.685,23.31
Иван Вазов,2023-10-12,23.4,9.7,15.6,42.685,23.31
Иван Вазов,2023-10-13,25.1,11.0,17.9,42.685,23.31
Иван Вазов,2023-10-14,25.4,12.8,17.8,42.685,23.31
Иван Вазов,2023-10-15,25.5,12.0,18.0,42.685,23.31
Иван Вазов,2023-10-16,14.8,8.1,10.9,42.685,23.31
Иван Вазов,2023-10-17,11.8,4.4,8.1,42.685,23.31
Иван Вазов,2023-10-18,14.9,7.7,10.5,42.685,23.31
Иван Вазов,2023-10-19,19.8,6.7,11.9,42.685,23.31
Иван Вазов,2023-10-20,26.7,11.5,18.2,42.685,23.31
Иван Вазов,2023-10-21,27.9,15.8,20.1,42.685,23.31
Иван Вазов,2023-10-22,25.4,15.3,19.8,42.685,23.31
Иван Вазов,2023-10-23,23.2,13.6,17.4,42.685,23.31
Иван Вазов,2023-10-24,24.0,10.8,16.4,42.685,23.31
Иван Вазов,2023-10-25,25.0,13.6,18.6,42.685,23.31
Иван Вазов,2023-10-26,22.9,13.3,17.4,42.685,23.31
Иван Вазов,2023-10-27,24.1,13.9,18.7,42.685,23.31
Иван Вазов,2023-10-28,24.5,13.1,18.4,42.685,23.31
Иван Вазов,2023-10-29,22.1,10.3,15.8,42.685,23.31
Иван Вазов,2023-10-30,22.5,11.4,15.5,42.685,23.31
Иван Вазов,2023-10-31,22.9,7.1,15.8,42.685,23.31
Иван Вазов,2023-11-01,18.4,10.0,14.5,42.685,23.31
Иван Вазов,2023-11-02,18.5,9.0,12.9,42.685,23.31
Иван Вазов,2023-11-03,20.2,9.5,13.6,42.685,23.31
Иван Вазов,2023-11-04,13.9,10.2,12.2,42.685,23.31
Иван Вазов,2023-11-05,18.7,5.9,12.7,42.685,23.31
Иван Вазов,2023-11-06,20.7,11.1,15.0,42.685,23.31
Иван Вазов,2023-11-07,19.1,8.5,12.5,42.685,23.31
Иван Вазов,2023-11-08,14.7,9.1,12.1,42.685,23.31
Иван Вазов,2023-11-09,12.3,4.4,8.0,42.685,23.31
Иван Вазов,2023-11-10,13.7,3.9,7.9,42.685,23.31
Иван Вазов,2023-11-11,14.1,6.5,9.7,42.685,23.31
Иван Вазов,2023-11-12,8.8,2.8,6.8,42.685,23.31
Иван Вазов,2023-11-13,13.0,4.6,7.6,42.685,23.31
Иван Вазов,2023-11-14,18.9,2.9,9.5,42.685,23.31
Иван Вазов,2023-11-15,17.5,5.9,9.8,42.685,23.31
Иван Вазов,2023-11-16,12.1,3.5,8.1,42.685,23.31
Иван Вазов,2023-11-17,12.8,4.7,7.9,42.685,23.31
Иван Вазов,2023-11-18,8.0,2.1,3.6,42.685,23.31
Иван Вазов,2023-11-19,5.1,1.0,2.9,42.685,23.31
Иван Вазов,2023-11-20,13.7,0.6,5.8,42.685,23.31
Иван Вазов,2023-11-21,11.2,4.0,6.7,42.685,23.31
Иван Вазов,2023-11-22,10.6,6.0,7.9,42.685,23.31
Иван Вазов,2023-11-23,10.3,6.2,8.0,42.685,23.31
Иван Вазов,2023-11-24,13.5,6.1,9.5,42.685,23.31
Иван Вазов,2023-11-25,9.2,0.1,4.0,42.685,23.31
Иван Вазов,2023-11-26,-0.1,-3.4,-1.8,42.685,23.31
Иван Вазов,2023-11-27,1.5,-3.0,-1.5,42.685,23.31
Иван Вазов,2023-11-28,4.1,-2.0,1.3,42.685,23.31
Иван Вазов,2023-11-29,4.1,-0.0,2.8,42.685,23.31
Иван Вазов,2023-11-30,7.5,-1.5,2.2,42.685,23.31
Иван Вазов,2023-12-01,17.0,1.9,10.0,42.685,23.31
Иван Вазов,2023-12-02,15.7,7.7,11.8,42.685,23.31
Иван Вазов,2023-12-03,11.0,0.7,6.1,42.685,23.31
Иван Вазов,2023-12-04,3.0,-2.9,-0.6,42.685,23.31
Иван Вазов,2023-12-05,4.7,-0.8,1.6,42.685,23.31
Иван Вазов,2023-12-06,4.7,1.6,3.3,42.685,23.31
Иван Вазов,2023-12-07,4.3,1.1,2.9,42.685,23.31
Иван Вазов,2023-12-08,2.3,-0.6,0.8,42.685,23.31
Иван Вазов,2023-12-09,3.0,-1.7,0.2,42.685,23.31
Иван Вазов,2023-12-10,6.8,-1.9,1.3,42.685,23.31
Иван Вазов,2023-12-11,9.1,-0.6,3.5,42.685,23.31
Иван Вазов,2023-12-12,10.9,-0.4,4.4,42.685,23.31
Иван Вазов,2023-12-13,12.0,0.9,6.1,42.685,23.31
Иван Вазов,2023-12-14,14.3,4.7,7.8,42.685,23.31
Иван Вазов,2023-12-15,5.8,1.9,4.5,42.685,23.31
Иван Вазов,2023-12-16,2.0,-2.0,0.6,42.685,23.31
Иван Вазов,2023-12-17,4.1,-3.1,-0.5,42.685,23.31
Иван Вазов,2023-12-18,10.2,-2.5,1.9,42.685,23.31
Иван Вазов,2023-12-19,10.7,-2.2,3.5,42.685,23.31
Иван Вазов,2023-12-20,11.7,-0.3,3.9,42.685,23.31
Иван Вазов,2023-12-21,6.6,-2.4,1.8,42.685,23.31
Иван Вазов,2023-12-22,6.8,-2.4,2.9,42.685,23.31
Иван Вазов,2023-12-23,8.6,0.2,3.3,42.685,23.31
Иван Вазов,2023-12-24,13.0,3.2,7.8,42.685,23.31
Иван Вазов,2023-12-25,14.7,1.6,6.0,42.685,23.31
Иван Вазов,2023-12-26,15.0,1.2,5.7,42.685,23.31
Иван Вазов,2023-12-27,11.6,2.7,5.7,42.685,23.31
Иван Вазов,2023-12-28,12.4,1.0,5.7,42.685,23.31
Иван Вазов,2023-12-29,11.8,-0.4,4.1,42.685,23.31
Иван Вазов,2023-12-30,11.0,0.3,4.2,42.685,23.31
Иван Вазов,2023-12-31,9.4,-0.0,4.5,42.685,23.31
Малашевци,2023-01-01,10.6,4.0,6.5,42.73,23.38
Малашевци,2023-01-02,10.6,2.8,6.3,42.73,23.38
Малашевци,2023-01-03,12.4,0.9,5.9,42.73,23.38
Малашевци,2023-01-04,8.1,0.5,4.7,42.73,23.38
Малашевци,2023-01-05,12.4,1.2,5.7,42.73,23.38
Малашевци,2023-01-06,10.4,1.1,5.4,42.73,23.38
Малашевци,2023-01-07,9.9,-0.1,4.2,42.73,23.38
Малашевци,2023-01-08,8.4,-2.0,2.7,42.73,23.38
Малашевци,2023-01-09,5.2,-2.1,0.7,42.73,23.38
Малашевци,2023-01-10,4.8,0.3,2.7,42.73,23.38
Малашевци,2023-01-11,5.1,-1.2,2.3,42.73,23.38
Малашевци,2023-01-12,5.2,2.4,3.6,42.73,23.38
Малашевци,2023-01-13,5.6,0.9,3.5,42.73,23.38
Малашевци,2023-01-14,5.0,-1.4,1.9,42.73,23.38
Малашевци,2023-01-15,7.8,-0.1,3.9,42.73,23.38
Малашевци,2023-01-16,6.4,-1.1,1.9,42.73,23.38
Малашевци,2023-01-17,14.4,1.8,6.5,42.73,23.38
Малашевци,2023-01-18,17.0,5.8,10.1,42.73,23.38
Малашевци,2023-01-19,18.5,5.2,10.8,42.73,23.38
Малашевци,2023-01-20,10.2,1.8,6.5,42.73,23.38
Малашевци,2023-01-21,9.2,-1.6,4.0,42.73,23.38
Малашевци,2023-01-22,9.4,4.2,6.8,42.73,23.38
Малашевци,2023-01-23,8.2,5.1,7.1,42.73,23.38
Малашевци,2023-01-24,4.8,1.0,2.7,42.73,23.38
Малашевци,2023-01-25,2.8,0.3,1.1,42.73,23.38
Малашевци,2023-01-26,2.3,-1.1,0.2,42.73,23.38
Малашевци,2023-01-27,3.4,0.1,1.2,42.73,23.38
Малашевци,2023-01-28,3.4,-0.7,0.8,42.73,23.38
Малашевци,2023-01-29,2.2,-1.1,0.4,42.73,23.38
Малашевци,2023-01-30,2.5,-3.5,-0.8,42.73,23.38
Малашевци,2023-01-31,3.3,-2.7,0.6,42.73,23.38
Малашевци,2023-02-01,6.6,-1.9,1.4,42.73,23.38
Малашевци,2023-02-02,7.7,-1.8,2.1,42.73,23.38
Малашевци,2023-02-03,4.5,-2.6,1.1,42.73,23.38
Малашевци,2023-02-04,4.7,-0.8,1.8,42.73,23.38
Малашевци,2023-02-05,-0.6,-4.8,-3.1,42.73,23.38
Малашевци,2023-02-06,-1.6,-7.7,-4.3,42.73,23.38
Малашевци,2023-02-07,-0.1,-6.1,-3.6,42.73,23.38
Малашевци,2023-02-08,-1.2,-7.4,-4.1,42.73,23.38
Малашевци,2023-02-09,1.4,-7.6,-4.2,42.73,23.38
Малашевци,2023-02-10,4.0,-7.4,-2.7,42.73,23.38
Малашевци,2023-02-11,4.8,-6.4,-1.9,42.73,23.38
Малашевци,2023-02-12,4.5,-4.1,0.5,42.73,23.38
Малашевци,2023-02-13,6.7,-4.2,0.6,42.73,23.38
Малашевци,2023-02-14,4.7,-2.0,0.9,42.73,23.38
Малашевци,2023-02-15,7.0,-1.7,2.0,42.73,23.38
Малашевци,2023-02-16,12.4,-2.3,3.5,42.73,23.38
Малашевци,2023-02-17,14.4,-0.1,4.9,42.73,23.38
Малашевци,2023-02-18,16.1,0.3,6.4,42.73,23.38
Малашевци,2023-02-19,17.5,2.0,8.5,42.73,23.38
Малашевци,2023-02-20,12.4,1.6,7.4,42.73,23.38
Малашевци,2023-02-21,17.7,0.8,7.2,42.73,23.38
Малашевци,2023-02-22,16.2,2.8,8.7,42.73,23.38
Малашевци,2023-02-23,15.6,4.4,8.1,42.73,23.38
Малашевци,2023-02-24,12.6,4.2,7.1,42.73,23.38
Малашевци,2023-02-25,16.3,0.0,8.1,42.73,23.38
Малашевци,2023-02-26,19.9,5.9,12.0,42.73,23.38
Малашевци,2023-02-27,12.9,3.4,7.9,42.73,23.38
Малашевци,2023-02-28,11.2,3.8,7.3,42.73,23.38
Малашевци,2023-03-01,8.2,4.2,5.9,42.73,23.38
Малашевци,2023-03-02,7.1,4.2,5.3,42.73,23.38
Малашевци,2023-03-03,6.2,3.5,4.5,42.73,23.38
Малашевци,2023-03-04,9.0,1.1,4.7,42.73,23.38
Малашевци,2023-03-05,10.2,1.8,5.5,42.73,23.38
Малашевци,2023-03-06,12.4,-2.6,5.3,42.73,23.38
Малашевци,2023-03-07,14.5,-0.3,6.5,42.73,23.38
Малашевци,2023-03-08,14.6,2.2,8.1,42.73,23.38
Малашевци,2023-03-09,18.6,4.4,10.1,42.73,23.38
Малашевци,2023-03-10,16.8,6.3,9.8,42.73,23.38
Малашевци,2023-03-11,15.2,5.4,9.5,42.73,23.38
Малашевци,2023-03-12,8.3,0.2,4.1,42.73,23.38
Малашевци,2023-03-13,10.8,-3.5,3.7,42.73,23.38
Малашевци,2023-03-14,15.4,-2.5,5.3,42.73,23.38
Малашевци,2023-03-15,12.6,0.3,5.9,42.73,23.38
Малашевци,2023-03-16,6.4,1.1,3.0,42.73,23.38
Малашевци,2023-03-17,8.8,0.8,3.8,42.73,23.38
Малашевци,2023-03-18,8.9,-2.4,3.5,42.73,23.38
Малашевци,2023-03-19,15.1,-0.6,6.2,42.73,23.38
Малашевци,2023-03-20,19.4,3.3,10.1,42.73,23.38
Малашевци,2023-03-21,16.2,7.2,11.1,42.73,23.38
Малашевци,2023-03-22,13.1,6.4,9.3,42.73,23.38
Малашевци,2023-03-23,15.4,2.5,8.4,42.73,23.38
Малашевци,2023-03-24,18.9,4.5,10.5,42.73,23.38
Малашевци,2023-03-25,20.2,7.6,12.4,42.73,23.38
Малашевци,2023-03-26,15.9,6.2,10.4,42.73,23.38
Малашевци,2023-03-27,16.5,3.2,8.6,42.73,23.38
Малашевци,2023-03-28,6.2,0.4,3.1,42.73,23.38
Малашевци,2023-03-29,7.8,-1.5,2.6,42.73,23.38
Малашевци,2023-03-30,14.0,0.2,7.1,42.73,23.38
Малашевци,2023-03-31,17.7,5.5,10.9,42.73,23.38
Малашевци,2023-04-01,17.2,6.6,10.6,42.73,23.38
Малашевци,2023-04-02,15.8,3.8,9.5,42.73,23.38
Малашевци,2023-04-03,15.2,4.1,8.5,42.73,23.38
Малашевци,2023-04-04,8.6,1.3,6.0,42.73,23.38
Малашевци,2023-04-05,5.3,-0.3,2.1,42.73,23.38
Малашевци,2023-04-06,6.5,-1.4,2.2,42.73,23.38
Малашевци,2023-04-07,9.0,-2.5,3.6,42.73,23.38
Малашевци,2023-04-08,11.6,0.7,6.1,42.73,23.38
Малашевци,2023-04-09,12.1,4.5,7.7,42.73,23.38
Малашевци,2023-04-10,10.6,4.2,7.4,42.73,23.38
Малашевци,2023-04-11,13.1,4.5,8.3,42.73,23.38
Малашевци,2023-04-12,12.9,5.2,9.0,42.73,23.38
Малашевци,2023-04-13,20.3,3.1,10.7,42.73,23.38
Малашевци,2023-04-14,20.8,6.4,11.1,42.73,23.38
Малашевци,2023-04-15,17.3,3.3,10.7,42.73,23.38
Малашевци,2023-04-16,17.4,5.6,11.3,42.73,23.38
Малашевци,2023-04-17,15.9,7.4,10.4,42.73,23.38
Малашевци,2023-04-18,13.7,8.6,10.4,42.73,23.38
Малашевци,2023-04-19,14.9,6.1,10.1,42.73,23.38
Малашевци,2023-04-20,14.1,4.9,9.4,42.73,23.38
Малашевци,2023-04-21,15.7,4.1,10.5,42.73,23.38
Малашевци,2023-04-22,15.9,6.4,10.9,42.73,23.38
Малашевци,2023-04-23,16.6,4.5,10.5,42.73,23.38
Малашевци,2023-04-24,19.9,5.1,11.3,42.73,23.38
Малашевци,2023-04-25,15.3,7.5,11.4,42.73,23.38
Малашевци,2023-04-26,14.8,5.4,10.1,42.73,23.38
Малашевци,2023-04-27,12.4,4.2,8.8,42.73,23.38
Малашевци,2023-04-28,15.9,2.5,8.4,42.73,23.38
Малашевци,2023-04-29,15.6,4.4,10.0,42.73,23.38
Малашевци,2023-04-30,17.5,7.5,12.6,42.73,23.38
Малашевци,2023-05-01,18.8,6.4,12.7,42.73,23.38
Малашевци,2023-05-02,19.5,6.8,13.2,42.73,23.38
Малашевци,2023-05-03,17.6,9.5,12.3,42.73,23.38
Малашевци,2023-05-04,14.6,9.0,11.4,42.73,23.38
Малашевци,2023-05-05,17.3,6.1,12.0,42.73,23.38
Малашевци,2023-05-06,18.1,6.8,12.9,42.73,23.38
Малашевци,2023-05-07,21.5,9.1,14.6,42.73,23.38
Малашевци,2023-05-08,20.0,8.9,14.0,42.73,23.38
Малашевци,2023-05-09,13.7,9.8,11.6,42.73,23.38
Малашевци,2023-05-10,10.7,7.7,9.0,42.73,23.38
Малашевци,2023-05-11,13.6,7.4,10.4,42.73,23.38
Малашевци,2023-05-12,14.9,6.8,10.1,42.73,23.38
Малашевци,2023-05-13,18.5,7.6,12.8,42.73,23.38
Малашевци,2023-05-14,14.5,10.8,12.0,42.73,23.38
Малашевци,2023-05-15,17.1,9.2,12.8,42.73,23.38
Малашевци,2023-05-16,20.5,12.2,15.3,42.73,23.38
Малашевци,2023-05-17,19.6,11.4,14.8,42.73,23.38
Малашевци,2023-05-18,15.1,11.1,12.7,42.73,23.38
Малашевци,2023-05-19,19.9,8.1,14.2,42.73,23.38
Малашевци,2023-05-20,20.2,10.8,15.4,42.73,23.38
Малашевци,2023-05-21,20.4,11.3,15.3,42.73,23.38
Малашевци,2023-05-22,19.8,10.4,15.1,42.73,23.38
Малашевци,2023-05-23,21.5,8.2,15.9,42.73,23.38
Малашевци,2023-05-24,23.4,7.9,17.1,42.73,23.38
Малашевци,2023-05-25,20.8,11.6,16.7,42.73,23.38
Малашевци,2023-05-26,20.7,10.1,16.4,42.73,23.38
Малашевци,2023-05-27,20.6,9.6,16.1,42.73,23.38
Малашевци,2023-05-28,18.9,10.2,15.4,42.73,23.38
Малашевци,2023-05-29,20.7,12.8,16.4,42.73,23.38
Малашевци,2023-05-30,21.8,12.2,17.1,42.73,23.38
Малашевци,2023-05-31,22.3,12.7,17.6,42.73,23.38
Малашевци,2023-06-01,23.7,12.8,17.6,42.73,23.38
Малашевци,2023-06-02,23.8,13.1,18.4,42.73,23.38
Малашевци,2023-06-03,20.8,13.1,17.2,42.73,23.38
Малашевци,2023-06-04,20.8,14.0,16.8,42.73,23.38
Малашевци,2023-06-05,22.5,11.2,17.2,42.73,23.38
Малашевци,2023-06-06,23.3,12.4,17.6,42.73,23.38
Малашевци,2023-06-07,22.6,12.4,18.0,42.73,23.38
Малашевци,2023-06-08,24.7,12.6,18.8,42.73,23.38
Малашевци,2023-06-09,25.0,12.4,18.7,42.73,23.38
Малашевци,2023-06-10,23.7,14.7,18.6,42.73,23.38
Малашевци,2023-06-11,23.8,14.1,19.0,42.73,23.38
Малашевци,2023-06-12,24.6,14.3,18.4,42.73,23.38
Малашевци,2023-06-13,19.8,14.3,17.1,42.73,23.38
Малашевци,2023-06-14,22.6,14.4,18.5,42.73,23.38
Малашевци,2023-06-15,21.5,14.8,18.3,42.73,23.38
Малашевци,2023-06-16,23.0,15.7,18.5,42.73,23.38
Малашевци,2023-06-17,20.2,14.9,16.7,42.73,23.38
Малашевци,2023-06-18,21.6,14.2,17.4,42.73,23.38
Малашевци,2023-06-19,25.2,12.5,19.0,42.73,23.38
Малашевци,2023-06-20,25.4,12.9,20.0,42.73,23.38
Малашевци,2023-06-21,27.3,15.9,21.6,42.73,23.38
Малашевци,2023-06-22,28.4,15.8,22.3,42.73,23.38
Малашевци,2023-06-23,29.6,17.8,23.4,42.73,23.38
Малашевци,2023-06-24,29.2,16.1,22.7,42.73,23.38
Малашевци,2023-06-25,25.0,16.9,20.0,42.73,23.38
Малашевци,2023-06-26,24.5,16.0,20.3,42.73,23.38
Малашевци,2023-06-27,25.7,14.4,20.4,42.73,23.38
Малашевци,2023-06-28,25.3,14.7,19.4,42.73,23.38
Малашевци,2023-06-29,21.5,12.9,17.2,42.73,23.38
Малашевци,2023-06-30,26.0,13.4,19.1,42.73,23.38
Малашевци,2023-07-01,27.2,14.8,21.0,42.73,23.38
Малашевци,2023-07-02,23.5,15.9,20.0,42.73,23.38
Малашевци,2023-07-03,27.1,15.4,21.6,42.73,23.38
Малашевци,2023-07-04,28.9,16.6,23.0,42.73,23.38
Малашевци,2023-07-05,26.8,19.1,22.1,42.73,23.38
Малашевци,2023-07-06,25.8,16.1,21.0,42.73,23.38
Малашевци,2023-07-07,26.7,16.8,21.0,42.73,23.38
Малашевци,2023-07-08,25.4,16.1,20.8,42.73,23.38
Малашевци,2023-07-09,27.1,13.6,20.6,42.73,23.38
Малашевци,2023-07-10,28.1,14.5,22.0,42.73,23.38
Малашевци,2023-07-11,29.6,15.8,23.4,42.73,23.38
Малашевци,2023-07-12,33.2,19.6,26.1,42.73,23.38
Малашевци,2023-07-13,36.0,20.6,27.9,42.73,23.38
Малашевци,2023-07-14,32.5,19.5,26.5,42.73,23.38
Малашевци,2023-07-15,32.2,20.0,25.9,42.73,23.38
Малашевци,2023-07-16,32.5,19.5,26.5,42.73,23.38
Малашевци,2023-07-17,33.8,21.0,27.9,42.73,23.38
Малашевци,2023-07-18,33.5,21.5,27.8,42.73,23.38
Малашевци,2023-07-19,33.4,19.0,26.6,42.73,23.38
Малашевци,2023-07-20,32.0,18.6,25.5,42.73,23.38
Малашевци,2023-07-21,33.4,18.5,25.7,42.73,23.38
Малашевци,2023-07-22,36.0,19.1,27.3,42.73,23.38
Малашевци,2023-07-23,31.1,20.8,26.0,42.73,23.38
Малашевци,2023-07-24,33.5,18.7,26.0,42.73,23.38
Малашевци,2023-07-25,38.3,20.2,29.2,42.73,23.38
Малашевци,2023-07-26,35.3,20.8,27.4,42.73,23.38
Малашевци,2023-07-27,23.0,16.5,19.8,42.73,23.38
Малашевци,2023-07-28,29.6,12.9,20.8,42.73,23.38
Малашевци,2023-07-29,31.3,16.6,24.4,42.73,23.38
Малашевци,2023-07-30,32.0,18.6,25.6,42.73,23.38
Малашевци,2023-07-31,28.0,19.3,23.5,42.73,23.38
Малашевци,2023-08-01,30.1,16.0,23.2,42.73,23.38
Малашевци,2023-08-02,31.6,18.9,25.2,42.73,23.38
Малашевци,2023-08-03,35.7,20.0,27.9,42.73,23.38
Малашевци,2023-08-04,36.0,22.2,29.5,42.73,23.38
Малашевци,2023-08-05,34.0,22.1,28.1,42.73,23.38
Малашевци,2023-08-06,26.5,17.5,22.1,42.73,23.38
Малашевци,2023-08-07,27.0,15.1,20.2,42.73,23.38
Малашевци,2023-08-08,23.1,15.1,18.6,42.73,23.38
Малашевци,2023-08-09,27.0,11.2,18.6,42.73,23.38
Малашевци,2023-08-10,21.8,16.0,18.5,42.73,23.38
Малашевци,2023-08-11,25.6,12.8,19.1,42.73,23.38
Малашевци,2023-08-12,27.0,12.6,20.4,42.73,23.38
Малашевци,2023-08-13,27.2,18.1,22.5,42.73,23.38
Малашевци,2023-08-14,28.5,15.5,22.8,42.73,23.38
Малашевци,2023-08-15,25.2,19.2,22.0,42.73,23.38
Малашевци,2023-08-16,27.9,18.6,22.9,42.73,23.38
Малашевци,2023-08-17,32.0,17.1,24.7,42.73,23.38
Малашевци,2023-08-18,33.1,18.2,25.9,42.73,23.38
Малашевци,2023-08-19,31.5,18.3,25.0,42.73,23.38
Малашевци,2023-08-20,31.9,18.2,25.2,42.73,23.38
Малашевци,2023-08-21,33.0,18.5,26.7,42.73,23.38
Малашевци,2023-08-22,33.0,19.0,26.5,42.73,23.38
Малашевци,2023-08-23,33.2,21.9,27.7,42.73,23.38
Малашевци,2023-08-24,31.1,19.2,26.3,42.73,23.38
Малашевци,2023-08-25,32.6,19.2,25.4,42.73,23.38
Малашевци,2023-08-26,33.5,20.7,26.4,42.73,23.38
Малашевци,2023-08-27,33.0,18.5,25.7,42.73,23.38
Малашевци,2023-08-28,34.1,17.9,25.6,42.73,23.38
Малашевци,2023-08-29,29.5,19.5,23.7,42.73,23.38
Малашевци,2023-08-30,28.4,17.1,22.3,42.73,23.38
Малашевци,2023-08-31,27.5,16.0,21.3,42.73,23.38
Малашевци,2023-09-01,27.8,14.0,20.7,42.73,23.38
Малашевци,2023-09-02,28.2,15.1,22.0,42.73,23.38
Малашевци,2023-09-03,28.8,16.4,22.3,42.73,23.38
Малашевци,2023-09-04,21.1,14.8,16.4,42.73,23.38
Малашевци,2023-09-05,22.0,15.5,18.1,42.73,23.38
Малашевци,2023-09-06,24.0,13.9,19.5,42.73,23.38
Малашевци,2023-09-07,24.6,16.7,20.7,42.73,23.38
Малашевци,2023-09-08,24.9,14.1,20.2,42.73,23.38
Малашевци,2023-09-09,25.9,14.1,19.4,42.73,23.38
Малашевци,2023-09-10,26.1,13.9,19.9,42.73,23.38
Малашевци,2023-09-11,26.0,11.0,19.0,42.73,23.38
Малашевци,2023-09-12,28.1,13.1,19.8,42.73,23.38
Малашевци,2023-09-13,30.6,13.4,21.1,42.73,23.38
Малашевци,2023-09-14,30.0,15.9,22.4,42.73,23.38
Малашевци,2023-09-15,27.5,15.4,21.0,42.73,23.38
Малашевци,2023-09-16,23.5,16.5,19.3,42.73,23.38
Малашевци,2023-09-17,24.2,15.9,19.4,42.73,23.38
Малашевци,2023-09-18,24.9,15.8,19.8,42.73,23.38
Малашевци,2023-09-19,24.3,12.2,18.3,42.73,23.38
Малашевци,2023-09-20,26.4,15.0,20.1,42.73,23.38
Малашевци,2023-09-21,27.4,15.4,20.5,42.73,23.38
Малашевци,2023-09-22,29.5,14.6,21.0,42.73,23.38
Малашевци,2023-09-23,32.2,15.6,22.6,42.73,23.38
Малашевци,2023-09-24,28.2,17.4,22.2,42.73,23.38
Малашевци,2023-09-25,24.1,17.6,20.6,42.73,23.38
Малашевци,2023-09-26,23.2,14.2,19.2,42.73,23.38
Малашевци,2023-09-27,23.6,13.4,18.3,42.73,23.38
Малашевци,2023-09-28,23.4,12.9,18.5,42.73,23.38
Малашевци,2023-09-29,24.8,12.4,18.4,42.73,23.38
Малашевци,2023-09-30,25.0,10.9,18.3,42.73,23.38
Малашевци,2023-10-01,24.0,10.9,17.1,42.73,23.38
Малашевци,2023-10-02,22.1,12.6,16.6,42.73,23.38
Малашевци,2023-10-03,22.4,9.5,15.6,42.73,23.38
Малашевци,2023-10-04,26.0,10.0,17.4,42.73,23.38
Малашевци,2023-10-05,24.4,12.0,17.6,42.73,23.38
Малашевци,2023-10-06,22.5,11.1,16.9,42.73,23.38
Малашевци,2023-10-07,24.0,8.6,15.1,42.73,23.38
Малашевци,2023-10-08,24.6,7.8,16.4,42.73,23.38
Малашевци,2023-10-09,20.7,11.9,16.3,42.73,23.38
Малашевци,2023-10-10,21.4,11.5,16.1,42.73,23.38
Малашевци,2023-10-11,21.5,9.3,15.1,42.73,23.38
Малашевци,2023-10-12,23.0,6.8,14.3,42.73,23.38
Малашевци,2023-10-13,26.2,11.8,17.6,42.73,23.38
Малашевци,2023-10-14,25.9,11.8,17.4,42.73,23.38
Малашевци,2023-10-15,26.4,12.6,17.8,42.73,23.38
Малашевци,2023-10-16,15.7,7.7,11.5,42.73,23.38
Малашевци,2023-10-17,12.1,4.8,8.3,42.73,23.38
Малашевци,2023-10-18,15.1,5.7,10.5,42.73,23.38
Малашевци,2023-10-19,18.6,4.1,10.2,42.73,23.38
Малашевци,2023-10-20,27.8,8.1,16.4,42.73,23.38
Малашевци,2023-10-21,29.1,9.9,17.7,42.73,23.38
Малашевци,2023-10-22,26.6,12.6,18.9,42.73,23.38
Малашевци,2023-10-23,23.8,14.6,18.4,42.73,23.38
Малашевци,2023-10-24,23.5,12.1,16.6,42.73,23.38
Малашевци,2023-10-25,25.9,10.5,17.2,42.73,23.38
Малашевци,2023-10-26,23.6,11.6,16.9,42.73,23.38
Малашевци,2023-10-27,25.0,12.1,17.8,42.73,23.38
Малашевци,2023-10-28,25.3,13.7,18.3,42.73,23.38
Малашевци,2023-10-29,22.5,12.1,16.2,42.73,23.38
Малашевци,2023-10-30,21.9,10.1,14.5,42.73,23.38
Малашевци,2023-10-31,22.7,7.4,14.4,42.73,23.38
Малашевци,2023-11-01,18.9,9.9,14.1,42.73,23.38
Малашевци,2023-11-02,17.4,9.1,12.6,42.73,23.38
Малашевци,2023-11-03,18.7,8.3,12.8,42.73,23.38
Малашевци,2023-11-04,13.1,9.6,11.7,42.73,23.38
Малашевци,2023-11-05,19.5,4.9,11.4,42.73,23.38
Малашевци,2023-11-06,20.8,9.2,14.2,42.73,23.38
Малашевци,2023-11-07,18.0,8.1,12.6,42.73,23.38
Малашевци,2023-11-08,14.4,7.6,10.6,42.73,23.38
Малашевци,2023-11-09,11.9,2.8,7.5,42.73,23.38
Малашевци,2023-11-10,12.8,0.9,5.9,42.73,23.38
Малашевци,2023-11-11,15.2,5.7,9.6,42.73,23.38
Малашевци,2023-11-12,9.1,4.1,6.8,42.73,23.38
Малашевци,2023-11-13,12.9,3.6,7.7,42.73,23.38
Малашевци,2023-11-14,19.0,4.4,10.5,42.73,23.38
Малашевци,2023-11-15,16.6,6.1,10.1,42.73,23.38
Малашевци,2023-11-16,12.4,4.4,8.6,42.73,23.38
Малашевци,2023-11-17,12.3,2.5,6.9,42.73,23.38
Малашевци,2023-11-18,7.6,2.7,4.1,42.73,23.38
Малашевци,2023-11-19,5.6,1.4,3.2,42.73,23.38
Малашевци,2023-11-20,13.6,0.7,5.9,42.73,23.38
Малашевци,2023-11-21,11.0,2.8,5.5,42.73,23.38
Малашевци,2023-11-22,11.1,2.0,7.0,42.73,23.38
Малашевци,2023-11-23,10.2,5.8,8.1,42.73,23.38
Малашевци,2023-11-24,13.1,5.2,8.5,42.73,23.38
Малашевци,2023-11-25,8.6,0.4,4.1,42.73,23.38
Малашевци,2023-11-26,0.2,-2.7,-1.2,42.73,23.38
Малашевци,2023-11-27,3.0,-3.9,-1.0,42.73,23.38
Малашевци,2023-11-28,2.4,-5.3,-0.2,42.73,23.38
Малашевци,2023-11-29,5.4,-2.0,3.0,42.73,23.38
Малашевци,2023-11-30,6.4,-2.6,0.6,42.73,23.38
Малашевци,2023-12-01,16.5,0.8,7.8,42.73,23.38
Малашевци,2023-12-02,12.4,5.3,8.5,42.73,23.38
Малашевци,2023-12-03,8.8,1.5,5.8,42.73,23.38
Малашевци,2023-12-04,2.9,-2.5,-0.4,42.73,23.38
Малашевци,2023-12-05,4.4,-0.8,1.6,42.73,23.38
Малашевци,2023-12-06,4.7,1.8,3.4,42.73,23.38
Малашевци,2023-12-07,4.8,1.5,3.1,42.73,23.38
Малашевци,2023-12-08,3.2,0.2,1.6,42.73,23.38
Малашевци,2023-12-09,3.7,-3.2,1.0,42.73,23.38
Малашевци,2023-12-10,5.3,-3.2,0.4,42.73,23.38
Малашевци,2023-12-11,8.9,0.2,3.7,42.73,23.38
Малашевци,2023-12-12,11.1,1.5,5.3,42.73,23.38
Малашевци,2023-12-13,10.2,0.6,5.0,42.73,23.38
Малашевци,2023-12-14,13.4,3.5,6.6,42.73,23.38
Малашевци,2023-12-15,6.6,2.2,5.2,42.73,23.38
Малашевци,2023-12-16,2.7,-0.6,1.5,42.73,23.38
Малашевци,2023-12-17,4.3,-3.6,-0.3,42.73,23.38
Малашевци,2023-12-18,9.6,-3.0,1.0,42.73,23.38
Малашевци,2023-12-19,10.0,-2.8,3.0,42.73,23.38
Малашевци,2023-12-20,9.4,-0.3,3.3,42.73,23.38
Малашевци,2023-12-21,6.8,-2.5,1.7,42.73,23.38
Малашевци,2023-12-22,5.8,-1.2,2.3,42.73,23.38
Малашевци,2023-12-23,7.6,-1.6,2.3,42.73,23.38
Малашевци,2023-12-24,13.5,2.3,6.9,42.73,23.38
Малашевци,2023-12-25,13.7,2.5,7.3,42.73,23.38
Малашевци,2023-12-26,13.1,0.8,7.4,42.73,23.38
Малашевци,2023-12-27,12.1,0.0,4.2,42.73,23.38
Малашевци,2023-12-28,10.3,1.0,5.2,42.73,23.38
Малашевци,2023-12-29,10.2,1.6,5.8,42.73,23.38
Малашевци,2023-12-30,10.4,1.0,4.1,42.73,23.38
Малашевци,2023-12-31,7.8,1.8,4.2,42.73,23.38
Малинова долина,2023-01-01,12.2,4.9,9.1,42.63,23.37
Малинова долина,2023-01-02,12.9,7.5,10.4,42.63,23.37
Малинова долина,2023-01-03,13.9,7.4,10.7,42.63,23.37
Малинова долина,2023-01-04,8.0,5.7,6.7,42.63,23.37
Малинова долина,2023-01-05,11.9,5.0,6.8,42.63,23.37
Малинова долина,2023-01-06,9.6,4.2,6.7,42.63,23.37
Малинова долина,2023-01-07,10.1,1.2,5.1,42.63,23.37
Малинова долина,2023-01-08,9.4,2.4,6.0,42.63,23.37
Малинова долина,2023-01-09,8.2,-1.6,3.9,42.63,23.37
Малинова долина,2023-01-10,4.9,2.4,3.7,42.63,23.37
Малинова долина,2023-01-11,3.9,-1.4,1.8,42.63,23.37
Малинова долина,2023-01-12,4.0,1.7,2.6,42.63,23.37
Малинова долина,2023-01-13,4.6,0.6,2.7,42.63,23.37
Малинова долина,2023-01-14,5.4,-0.6,2.0,42.63,23.37
Малинова долина,2023-01-15,7.8,-0.7,3.3,42.63,23.37
Малинова долина,2023-01-16,7.4,-1.1,3.1,42.63,23.37
Малинова долина,2023-01-17,13.6,4.6,7.7,42.63,23.37
Малинова долина,2023-01-18,15.1,6.8,10.4,42.63,23.37
Малинова долина,2023-01-19,16.7,5.0,10.3,42.63,23.37
Малинова долина,2023-01-20,9.5,2.7,6.2,42.63,23.37
Малинова долина,2023-01-21,8.1,-0.3,4.0,42.63,23.37
Малинова долина,2023-01-22,8.8,4.9,6.5,42.63,23.37
Малинова долина,2023-01-23,7.2,4.0,6.1,42.63,23.37
Малинова долина,2023-01-24,3.7,0.4,2.1,42.63,23.37
Малинова долина,2023-01-25,2.3,-0.3,0.5,42.63,23.37
Малинова долина,2023-01-26,1.1,-2.0,-0.6,42.63,23.37
Малинова долина,2023-01-27,2.2,-0.6,0.5,42.63,23.37
Малинова долина,2023-01-28,2.0,-1.6,-0.4,42.63,23.37
Малинова долина,2023-01-29,1.1,-2.0,-0.5,42.63,23.37
Малинова долина,2023-01-30,1.8,-3.1,-1.5,42.63,23.37
Малинова долина,2023-01-31,2.2,-1.8,0.1,42.63,23.37
Малинова долина,2023-02-01,5.4,-1.9,0.7,42.63,23.37
Малинова долина,2023-02-02,6.4,-0.6,2.3,42.63,23.37
Малинова долина,2023-02-03,3.3,-1.8,0.5,42.63,23.37
Малинова долина,2023-02-04,3.8,-2.1,1.2,42.63,23.37
Малинова долина,2023-02-05,-2.1,-6.5,-4.9,42.63,23.37
Малинова долина,2023-02-06,-3.7,-8.2,-6.2,42.63,23.37
Малинова долина,2023-02-07,-2.8,-11.4,-6.3,42.63,23.37
Малинова долина,2023-02-08,-2.4,-13.1,-6.3,42.63,23.37
Малинова долина,2023-02-09,0.4,-8.4,-5.2,42.63,23.37
Малинова долина,2023-02-10,3.0,-7.7,-3.0,42.63,23.37
Малинова долина,2023-02-11,4.1,-5.1,-1.4,42.63,23.37
Малинова долина,2023-02-12,2.4,-2.8,-0.5,42.63,23.37
Малинова долина,2023-02-13,5.6,-4.9,0.5,42.63,23.37
Малинова долина,2023-02-14,3.2,-1.0,0.6,42.63,23.37
Малинова долина,2023-02-15,6.2,-1.4,1.8,42.63,23.37
Малинова долина,2023-02-16,12.0,-1.3,3.8,42.63,23.37
Малинова долина,2023-02-17,12.9,1.7,6.2,42.63,23.37
Малинова долина,2023-02-18,15.4,2.3,7.4,42.63,23.37
Малинова долина,2023-02-19,16.5,4.5,9.2,42.63,23.37
Малинова долина,2023-02-20,10.9,3.5,7.3,42.63,23.37
Малинова долина,2023-02-21,16.7,2.3,8.5,42.63,23.37
Малинова долина,2023-02-22,15.2,5.7,9.6,42.63,23.37
Малинова долина,2023-02-23,14.7,5.4,9.3,42.63,23.37
Малинова долина,2023-02-24,11.9,4.9,7.3,42.63,23.37
Малинова долина,2023-02-25,14.6,3.1,8.9,42.63,23.37
Малинова долина,2023-02-26,18.1,6.7,11.9,42.63,23.37
Малинова долина,2023-02-27,12.4,4.9,8.2,42.63,23.37
Малинова долина,2023-02-28,10.6,5.2,7.1,42.63,23.37
Малинова долина,2023-03-01,7.4,3.9,5.4,42.63,23.37
Малинова долина,2023-03-02,6.4,3.5,4.6,42.63,23.37
Малинова долина,2023-03-03,5.8,3.0,4.3,42.63,23.37
Малинова долина,2023-03-04,7.8,1.4,4.5,42.63,23.37
Малинова долина,2023-03-05,8.7,1.7,5.1,42.63,23.37
Малинова долина,2023-03-06,10.8,-1.5,4.4,42.63,23.37
Малинова долина,2023-03-07,12.9,0.7,6.2,42.63,23.37
Малинова долина,2023-03-08,13.5,2.2,7.4,42.63,23.37
Малинова долина,2023-03-09,16.6,3.9,9.6,42.63,23.37
Малинова долина,2023-03-10,15.7,6.6,9.8,42.63,23.37
Малинова долина,2023-03-11,13.7,4.7,9.1,42.63,23.37
Малинова долина,2023-03-12,5.9,-0.6,2.8,42.63,23.37
Малинова долина,2023-03-13,9.7,-2.3,3.2,42.63,23.37
Малинова долина,2023-03-14,15.3,1.0,6.8,42.63,23.37
Малинова долина,2023-03-15,11.6,2.2,6.6,42.63,23.37
Малинова долина,2023-03-16,5.3,0.5,2.0,42.63,23.37
Малинова долина,2023-03-17,7.0,-0.2,2.4,42.63,23.37
Малинова долина,2023-03-18,7.0,-1.6,2.6,42.63,23.37
Малинова долина,2023-03-19,14.1,0.1,6.4,42.63,23.37
Малинова долина,2023-03-20,18.5,4.0,11.2,42.63,23.37
Малинова долина,2023-03-21,14.2,8.5,11.7,42.63,23.37
Малинова долина,2023-03-22,11.2,5.5,8.2,42.63,23.37
Малинова долина,2023-03-23,13.8,3.6,8.2,42.63,23.37
Малинова долина,2023-03-24,17.8,4.9,11.2,42.63,23.37
Малинова долина,2023-03-25,19.4,6.7,12.2,42.63,23.37
Малинова долина,2023-03-26,14.7,6.4,10.1,42.63,23.37
Малинова долина,2023-03-27,15.8,4.6,8.9,42.63,23.37
Малинова долина,2023-03-28,5.2,-0.7,1.8,42.63,23.37
Малинова долина,2023-03-29,6.2,-2.5,1.4,42.63,23.37
Малинова долина,2023-03-30,12.8,2.1,6.8,42.63,23.37
Малинова долина,2023-03-31,16.2,5.5,10.4,42.63,23.37
Малинова долина,2023-04-01,16.9,6.2,10.5,42.63,23.37
Малинова долина,2023-04-02,14.3,4.4,9.3,42.63,23.37
Малинова долина,2023-04-03,13.6,4.2,7.7,42.63,23.37
Малинова долина,2023-04-04,7.6,0.0,4.7,42.63,23.37
Малинова долина,2023-04-05,4.5,-1.2,1.3,42.63,23.37
Малинова долина,2023-04-06,5.3,-2.3,1.1,42.63,23.37
Малинова долина,2023-04-07,7.8,-1.5,3.0,42.63,23.37
Малинова долина,2023-04-08,10.6,-0.0,5.6,42.63,23.37
Малинова долина,2023-04-09,10.3,4.5,6.8,42.63,23.37
Малинова долина,2023-04-10,8.7,3.8,6.1,42.63,23.37
Малинова долина,2023-04-11,11.3,4.1,7.2,42.63,23.37
Малинова долина,2023-04-12,11.8,5.6,8.1,42.63,23.37
Малинова долина,2023-04-13,18.4,2.9,10.2,42.63,23.37
Малинова долина,2023-04-14,20.3,5.3,11.1,42.63,23.37
Малинова долина,2023-04-15,16.1,4.1,10.0,42.63,23.37
Малинова долина,2023-04-16,16.1,8.0,11.1,42.63,23.37
Малинова долина,2023-04-17,14.3,8.0,9.8,42.63,23.37
Малинова долина,2023-04-18,10.9,8.0,9.0,42.63,23.37
Малинова долина,2023-04-19,13.6,6.8,9.1,42.63,23.37
Малинова долина,2023-04-20,13.0,5.9,9.1,42.63,23.37
Малинова долина,2023-04-21,14.3,6.3,10.2,42.63,23.37
Малинова долина,2023-04-22,14.7,6.6,10.3,42.63,23.37
Малинова долина,2023-04-23,15.7,5.0,10.2,42.63,23.37
Малинова долина,2023-04-24,18.4,5.5,11.3,42.63,23.37
Малинова долина,2023-04-25,14.6,7.7,11.2,42.63,23.37
Малинова долина,2023-04-26,12.9,5.3,8.9,42.63,23.37
Малинова долина,2023-04-27,10.9,3.9,7.5,42.63,23.37
Малинова долина,2023-04-28,13.7,3.1,7.6,42.63,23.37
Малинова долина,2023-04-29,14.5,5.0,10.1,42.63,23.37
Малинова долина,2023-04-30,15.8,7.0,11.5,42.63,23.37
Малинова долина,2023-05-01,16.9,7.0,11.9,42.63,23.37
Малинова долина,2023-05-02,18.0,8.1,12.9,42.63,23.37
Малинова долина,2023-05-03,16.8,8.7,11.5,42.63,23.37
Малинова долина,2023-05-04,13.0,8.4,10.4,42.63,23.37
Малинова долина,2023-05-05,15.4,5.9,10.8,42.63,23.37
Малинова долина,2023-05-06,16.8,7.4,12.2,42.63,23.37
Малинова долина,2023-05-07,20.1,8.8,14.3,42.63,23.37
Малинова долина,2023-05-08,19.4,10.4,14.1,42.63,23.37
Малинова долина,2023-05-09,12.2,8.9,10.6,42.63,23.37
Малинова долина,2023-05-10,9.7,7.3,8.3,42.63,23.37
Малинова долина,2023-05-11,13.5,7.0,9.9,42.63,23.37
Малинова долина,2023-05-12,13.7,7.3,9.7,42.63,23.37
Малинова долина,2023-05-13,17.5,8.3,12.2,42.63,23.37
Малинова долина,2023-05-14,14.8,10.7,12.2,42.63,23.37
Малинова долина,2023-05-15,18.9,9.9,14.1,42.63,23.37
Малинова долина,2023-05-16,19.8,13.1,15.4,42.63,23.37
Малинова долина,2023-05-17,18.3,11.7,14.3,42.63,23.37
Малинова долина,2023-05-18,13.2,10.5,11.6,42.63,23.37
Малинова долина,2023-05-19,18.4,8.6,13.4,42.63,23.37
Малинова долина,2023-05-20,18.3,11.2,14.8,42.63,23.37
Малинова долина,2023-05-21,18.9,10.8,14.6,42.63,23.37
Малинова долина,2023-05-22,18.1,9.6,14.1,42.63,23.37
Малинова долина,2023-05-23,19.8,9.6,15.2,42.63,23.37
Малинова долина,2023-05-24,21.6,10.9,17.0,42.63,23.37
Малинова долина,2023-05-25,20.0,12.4,16.4,42.63,23.37
Малинова долина,2023-05-26,19.6,11.2,15.6,42.63,23.37
Малинова долина,2023-05-27,19.7,10.3,15.5,42.63,23.37
Малинова долина,2023-05-28,16.7,11.0,14.5,42.63,23.37
Малинова долина,2023-05-29,19.3,12.5,15.3,42.63,23.37
Малинова долина,2023-05-30,20.9,11.8,16.3,42.63,23.37
Малинова долина,2023-05-31,21.1,12.1,16.8,42.63,23.37
Малинова долина,2023-06-01,21.9,12.9,17.0,42.63,23.37
Малинова долина,2023-06-02,21.7,13.8,17.8,42.63,23.37
Малинова долина,2023-06-03,19.6,13.6,16.7,42.63,23.37
Малинова долина,2023-06-04,19.7,12.6,15.9,42.63,23.37
Малинова долина,2023-06-05,21.3,12.3,16.9,42.63,23.37
Малинова долина,2023-06-06,22.1,12.3,17.2,42.63,23.37
Малинова долина,2023-06-07,21.3,12.8,17.4,42.63,23.37
Малинова долина,2023-06-08,23.2,12.3,18.2,42.63,23.37
Малинова долина,2023-06-09,23.0,13.2,18.3,42.63,23.37
Малинова долина,2023-06-10,22.1,15.3,17.6,42.63,23.37
Малинова долина,2023-06-11,22.4,13.6,18.0,42.63,23.37
Малинова долина,2023-06-12,22.8,14.1,17.5,42.63,23.37
Малинова долина,2023-06-13,18.6,14.4,16.2,42.63,23.37
Малинова долина,2023-06-14,21.5,14.3,17.6,42.63,23.37
Малинова долина,2023-06-15,20.5,14.9,17.7,42.63,23.37
Малинова долина,2023-06-16,21.8,15.6,17.7,42.63,23.37
Малинова долина,2023-06-17,19.2,14.3,15.7,42.63,23.37
Малинова долина,2023-06-18,19.9,13.6,16.5,42.63,23.37
Малинова долина,2023-06-19,23.5,14.5,18.9,42.63,23.37
Малинова долина,2023-06-20,23.5,14.2,19.3,42.63,23.37
Малинова долина,2023-06-21,25.8,15.9,21.3,42.63,23.37
Малинова долина,2023-06-22,26.5,16.9,22.1,42.63,23.37
Малинова долина,2023-06-23,28.0,18.5,23.2,42.63,23.37
Малинова долина,2023-06-24,28.2,17.8,22.5,42.63,23.37
Малинова долина,2023-06-25,23.5,17.0,19.6,42.63,23.37
Малинова долина,2023-06-26,22.8,15.9,19.2,42.63,23.37
Малинова долина,2023-06-27,24.7,14.2,20.0,42.63,23.37
Малинова долина,2023-06-28,24.3,15.0,18.9,42.63,23.37
Малинова долина,2023-06-29,20.9,12.8,16.5,42.63,23.37
Малинова долина,2023-06-30,24.8,12.7,18.7,42.63,23.37
Малинова долина,2023-07-01,26.2,16.1,21.4,42.63,23.37
Малинова долина,2023-07-02,23.2,16.2,19.5,42.63,23.37
Малинова долина,2023-07-03,25.4,16.2,20.9,42.63,23.37
Малинова долина,2023-07-04,27.4,17.1,22.5,42.63,23.37
Малинова долина,2023-07-05,25.6,19.0,21.6,42.63,23.37
Малинова долина,2023-07-06,24.4,17.2,20.6,42.63,23.37
Малинова долина,2023-07-07,24.8,17.5,20.7,42.63,23.37
Малинова долина,2023-07-08,23.4,15.9,19.7,42.63,23.37
Малинова долина,2023-07-09,24.9,14.9,20.2,42.63,23.37
Малинова долина,2023-07-10,26.3,15.2,21.4,42.63,23.37
Малинова долина,2023-07-11,28.4,16.4,22.9,42.63,23.37
Малинова долина,2023-07-12,31.8,19.9,25.8,42.63,23.37
Малинова долина,2023-07-13,34.4,22.2,28.4,42.63,23.37
Малинова долина,2023-07-14,31.1,21.9,26.1,42.63,23.37
Малинова долина,2023-07-15,30.4,21.5,25.6,42.63,23.37
Малинова долина,2023-07-16,31.0,20.2,25.9,42.63,23.37
Малинова долина,2023-07-17,31.7,22.3,26.8,42.63,23.37
Малинова долина,2023-07-18,31.8,22.5,27.4,42.63,23.37
Малинова долина,2023-07-19,32.1,19.8,26.2,42.63,23.37
Малинова долина,2023-07-20,30.5,19.8,25.3,42.63,23.37
Малинова долина,2023-07-21,32.2,19.6,25.5,42.63,23.37
Малинова долина,2023-07-22,34.7,19.8,26.8,42.63,23.37
Малинова долина,2023-07-23,29.8,21.6,25.5,42.63,23.37
Малинова долина,2023-07-24,32.4,20.0,25.8,42.63,23.37
Малинова долина,2023-07-25,36.7,20.8,28.4,42.63,23.37
Малинова долина,2023-07-26,33.8,20.5,27.1,42.63,23.37
Малинова долина,2023-07-27,21.6,15.7,18.4,42.63,23.37
Малинова долина,2023-07-28,28.3,11.9,20.0,42.63,23.37
Малинова долина,2023-07-29,29.4,17.3,23.6,42.63,23.37
Малинова долина,2023-07-30,30.4,20.3,25.2,42.63,23.37
Малинова долина,2023-07-31,25.8,18.6,22.0,42.63,23.37
Малинова долина,2023-08-01,28.9,16.6,22.5,42.63,23.37
Малинова долина,2023-08-02,30.5,19.0,24.6,42.63,23.37
Малинова долина,2023-08-03,34.1,21.1,27.5,42.63,23.37
Малинова долина,2023-08-04,34.1,23.1,28.7,42.63,23.37
Малинова долина,2023-08-05,32.6,21.2,26.8,42.63,23.37
Малинова долина,2023-08-06,25.7,17.6,21.3,42.63,23.37
Малинова долина,2023-08-07,26.4,14.7,19.0,42.63,23.37
Малинова долина,2023-08-08,21.2,14.3,17.3,42.63,23.37
Малинова долина,2023-08-09,25.2,11.4,18.0,42.63,23.37
Малинова долина,2023-08-10,19.8,15.6,17.5,42.63,23.37
Малинова долина,2023-08-11,23.6,13.0,18.0,42.63,23.37
Малинова долина,2023-08-12,25.1,13.8,19.6,42.63,23.37
Малинова долина,2023-08-13,25.1,17.0,21.2,42.63,23.37
Малинова долина,2023-08-14,27.0,16.2,21.9,42.63,23.37
Малинова долина,2023-08-15,23.7,18.4,20.9,42.63,23.37
Малинова долина,2023-08-16,25.8,18.5,21.8,42.63,23.37
Малинова долина,2023-08-17,30.6,18.7,23.9,42.63,23.37
Малинова долина,2023-08-18,30.8,19.5,24.7,42.63,23.37
Малинова долина,2023-08-19,29.0,18.4,23.5,42.63,23.37
Малинова долина,2023-08-20,29.6,18.2,24.2,42.63,23.37
Малинова долина,2023-08-21,30.6,20.5,26.1,42.63,23.37
Малинова долина,2023-08-22,30.8,20.4,25.9,42.63,23.37
Малинова долина,2023-08-23,31.5,20.9,26.7,42.63,23.37
Малинова долина,2023-08-24,29.5,20.3,25.9,42.63,23.37
Малинова долина,2023-08-25,30.9,19.9,24.8,42.63,23.37
Малинова долина,2023-08-26,31.7,20.5,25.7,42.63,23.37
Малинова долина,2023-08-27,31.0,20.1,25.6,42.63,23.37
Малинова долина,2023-08-28,32.7,19.8,25.5,42.63,23.37
Малинова долина,2023-08-29,28.4,19.6,23.3,42.63,23.37
Малинова долина,2023-08-30,27.6,16.6,21.8,42.63,23.37
Малинова долина,2023-08-31,25.8,16.9,20.7,42.63,23.37
Малинова долина,2023-09-01,25.9,15.1,20.2,42.63,23.37
Малинова долина,2023-09-02,26.9,16.6,21.6,42.63,23.37
Малинова долина,2023-09-03,26.8,17.8,22.2,42.63,23.37
Малинова долина,2023-09-04,20.6,14.4,15.4,42.63,23.37
Малинова долина,2023-09-05,20.4,14.5,16.8,42.63,23.37
Малинова долина,2023-09-06,22.7,14.5,18.4,42.63,23.37
Малинова долина,2023-09-07,23.3,16.4,19.6,42.63,23.37
Малинова долина,2023-09-08,23.8,14.7,19.4,42.63,23.37
Малинова долина,2023-09-09,24.1,14.4,18.7,42.63,23.37
Малинова долина,2023-09-10,24.5,13.6,18.8,42.63,23.37
Малинова долина,2023-09-11,24.3,12.5,18.4,42.63,23.37
Малинова долина,2023-09-12,26.8,14.7,20.3,42.63,23.37
Малинова долина,2023-09-13,29.4,16.6,22.1,42.63,23.37
Малинова долина,2023-09-14,28.3,18.1,22.9,42.63,23.37
Малинова долина,2023-09-15,25.7,16.5,20.3,42.63,23.37
Малинова долина,2023-09-16,22.5,16.3,18.7,42.63,23.37
Малинова долина,2023-09-17,23.0,15.8,18.8,42.63,23.37
Малинова долина,2023-09-18,23.4,15.8,18.9,42.63,23.37
Малинова долина,2023-09-19,23.5,13.3,18.3,42.63,23.37
Малинова долина,2023-09-20,24.5,15.6,19.2,42.63,23.37
Малинова долина,2023-09-21,26.0,17.5,21.1,42.63,23.37
Малинова долина,2023-09-22,28.9,15.1,21.3,42.63,23.37
Малинова долина,2023-09-23,31.0,17.1,23.1,42.63,23.37
Малинова долина,2023-09-24,26.9,18.6,22.2,42.63,23.37
Малинова долина,2023-09-25,23.6,16.8,19.7,42.63,23.37
Малинова долина,2023-09-26,22.4,14.6,18.2,42.63,23.37
Малинова долина,2023-09-27,22.1,13.6,17.5,42.63,23.37
Малинова долина,2023-09-28,21.6,13.5,17.5,42.63,23.37
Малинова долина,2023-09-29,22.8,13.4,17.8,42.63,23.37
Малинова долина,2023-09-30,23.1,12.9,18.0,42.63,23.37
Малинова долина,2023-10-01,22.0,13.5,17.0,42.63,23.37
Малинова долина,2023-10-02,20.4,12.3,15.5,42.63,23.37
Малинова долина,2023-10-03,21.4,9.9,15.4,42.63,23.37
Малинова долина,2023-10-04,23.8,13.6,18.3,42.63,23.37
Малинова долина,2023-10-05,22.9,13.5,17.4,42.63,23.37
Малинова долина,2023-10-06,20.3,13.2,16.6,42.63,23.37
Малинова долина,2023-10-07,22.8,9.3,15.0,42.63,23.37
Малинова долина,2023-10-08,23.4,10.7,17.0,42.63,23.37
Малинова долина,2023-10-09,19.5,11.5,15.4,42.63,23.37
Малинова долина,2023-10-10,19.6,12.4,15.9,42.63,23.37
Малинова долина,2023-10-11,19.6,10.4,14.4,42.63,23.37
Малинова долина,2023-10-12,22.0,9.3,15.0,42.63,23.37
Малинова долина,2023-10-13,24.0,15.3,18.7,42.63,23.37
Малинова долина,2023-10-14,24.7,14.8,18.9,42.63,23.37
Малинова долина,2023-10-15,24.9,13.4,18.4,42.63,23.37
Малинова долина,2023-10-16,13.8,7.7,10.4,42.63,23.37
Малинова долина,2023-10-17,11.8,4.7,8.3,42.63,23.37
Малинова долина,2023-10-18,14.4,6.9,10.1,42.63,23.37
Малинова долина,2023-10-19,18.8,6.2,11.6,42.63,23.37
Малинова долина,2023-10-20,26.4,10.1,16.8,42.63,23.37
Малинова долина,2023-10-21,27.6,12.9,19.1,42.63,23.37
Малинова долина,2023-10-22,25.0,13.7,19.1,42.63,23.37
Малинова долина,2023-10-23,22.8,14.1,17.8,42.63,23.37
Малинова долина,2023-10-24,22.7,14.0,17.4,42.63,23.37
Малинова долина,2023-10-25,24.0,12.4,17.8,42.63,23.37
Малинова долина,2023-10-26,22.3,12.2,16.4,42.63,23.37
Малинова долина,2023-10-27,23.5,12.2,17.3,42.63,23.37
Малинова долина,2023-10-28,23.6,11.8,17.0,42.63,23.37
Малинова долина,2023-10-29,20.9,12.4,15.8,42.63,23.37
Малинова долина,2023-10-30,21.5,11.8,15.9,42.63,23.37
Малинова долина,2023-10-31,22.6,7.4,14.7,42.63,23.37
Малинова долина,2023-11-01,18.4,11.1,14.3,42.63,23.37
Малинова долина,2023-11-02,17.1,9.5,13.3,42.63,23.37
Малинова долина,2023-11-03,20.8,8.5,14.1,42.63,23.37
Малинова долина,2023-11-04,15.0,7.6,12.0,42.63,23.37
Малинова долина,2023-11-05,18.5,5.1,11.3,42.63,23.37
Малинова долина,2023-11-06,19.6,9.4,13.8,42.63,23.37
Малинова долина,2023-11-07,18.0,10.5,14.1,42.63,23.37
Малинова долина,2023-11-08,14.8,9.1,11.8,42.63,23.37
Малинова долина,2023-11-09,11.8,3.0,7.1,42.63,23.37
Малинова долина,2023-11-10,13.7,3.3,8.1,42.63,23.37
Малинова долина,2023-11-11,14.6,8.3,10.4,42.63,23.37
Малинова долина,2023-11-12,8.8,3.3,6.7,42.63,23.37
Малинова долина,2023-11-13,12.6,5.5,8.2,42.63,23.37
Малинова долина,2023-11-14,18.4,4.7,10.5,42.63,23.37
Малинова долина,2023-11-15,17.1,6.9,10.2,42.63,23.37
Малинова долина,2023-11-16,11.8,4.3,7.9,42.63,23.37
Малинова долина,2023-11-17,13.0,4.8,8.4,42.63,23.37
Малинова долина,2023-11-18,8.2,1.5,3.3,42.63,23.37
Малинова долина,2023-11-19,5.2,0.7,2.7,42.63,23.37
Малинова долина,2023-11-20,13.6,2.7,6.8,42.63,23.37
Малинова долина,2023-11-21,11.7,4.5,7.8,42.63,23.37
Малинова долина,2023-11-22,10.5,4.9,8.3,42.63,23.37
Малинова долина,2023-11-23,10.8,7.2,8.3,42.63,23.37
Малинова долина,2023-11-24,12.6,6.3,9.4,42.63,23.37
Малинова долина,2023-11-25,9.9,0.1,4.2,42.63,23.37
Малинова долина,2023-11-26,-0.3,-4.7,-2.2,42.63,23.37
Малинова долина,2023-11-27,3.1,-4.5,-2.1,42.63,23.37
Малинова долина,2023-11-28,5.9,-4.7,2.3,42.63,23.37
Малинова долина,2023-11-29,5.4,-2.1,2.8,42.63,23.37
Малинова долина,2023-11-30,5.6,-3.5,2.1,42.63,23.37
Малинова долина,2023-12-01,15.7,2.2,8.7,42.63,23.37
Малинова долина,2023-12-02,15.3,5.6,10.6,42.63,23.37
Малинова долина,2023-12-03,11.4,1.2,6.7,42.63,23.37
Малинова долина,2023-12-04,3.3,-2.6,-0.3,42.63,23.37
Малинова долина,2023-12-05,5.9,0.5,2.6,42.63,23.37
Малинова долина,2023-12-06,4.6,2.2,3.6,42.63,23.37
Малинова долина,2023-12-07,4.3,0.8,3.1,42.63,23.37
Малинова долина,2023-12-08,1.6,-0.5,0.5,42.63,23.37
Малинова долина,2023-12-09,3.1,-0.8,0.5,42.63,23.37
Малинова долина,2023-12-10,5.8,-1.9,1.8,42.63,23.37
Малинова долина,2023-12-11,8.3,0.5,3.2,42.63,23.37
Малинова долина,2023-12-12,10.8,0.9,5.1,42.63,23.37
Малинова долина,2023-12-13,11.6,2.2,6.9,42.63,23.37
Малинова долина,2023-12-14,14.9,5.7,9.5,42.63,23.37
Малинова долина,2023-12-15,5.4,1.7,4.3,42.63,23.37
Малинова долина,2023-12-16,1.8,-1.3,0.3,42.63,23.37
Малинова долина,2023-12-17,4.3,-3.6,-1.2,42.63,23.37
Малинова долина,2023-12-18,6.2,-2.2,1.5,42.63,23.37
Малинова долина,2023-12-19,10.9,0.9,5.6,42.63,23.37
Малинова долина,2023-12-20,10.7,0.9,6.6,42.63,23.37
Малинова долина,2023-12-21,6.6,-0.5,2.4,42.63,23.37
Малинова долина,2023-12-22,6.5,-0.5,3.2,42.63,23.37
Малинова долина,2023-12-23,8.8,0.2,2.8,42.63,23.37
Малинова долина,2023-12-24,12.5,3.4,7.5,42.63,23.37
Малинова долина,2023-12-25,14.9,3.2,7.7,42.63,23.37
Малинова долина,2023-12-26,14.4,4.3,8.5,42.63,23.37
Малинова долина,2023-12-27,11.3,3.7,6.7,42.63,23.37
Малинова долина,2023-12-28,12.0,2.9,7.8,42.63,23.37
Малинова долина,2023-12-29,11.6,4.7,8.9,42.63,23.37
Малинова долина,2023-12-30,10.7,2.7,6.4,42.63,23.37
Малинова долина,2023-12-31,9.7,1.3,5.6,42.63,23.37
Модерно предградие,2023-01-01,10.4,-0.9,3.8,42.74,23.27
Модерно предградие,2023-01-02,11.1,-1.0,3.9,42.74,23.27
Модерно предградие,2023-01-03,12.7,-0.1,3.7,42.74,23.27
Модерно предградие,2023-01-04,8.3,-0.4,4.1,42.74,23.27
Модерно предградие,2023-01-05,11.6,2.3,5.5,42.74,23.27
Модерно предградие,2023-01-06,10.1,0.6,5.1,42.74,23.27
Модерно предградие,2023-01-07,10.2,-2.7,2.9,42.74,23.27
Модерно предградие,2023-01-08,8.5,-2.1,2.4,42.74,23.27
Модерно предградие,2023-01-09,4.8,-1.3,0.5,42.74,23.27
Модерно предградие,2023-01-10,4.4,-0.6,2.1,42.74,23.27
Модерно предградие,2023-01-11,5.3,-1.8,2.2,42.74,23.27
Модерно предградие,2023-01-12,5.4,2.1,3.5,42.74,23.27
Модерно предградие,2023-01-13,5.7,-1.0,3.2,42.74,23.27
Модерно предградие,2023-01-14,5.9,-1.4,2.0,42.74,23.27
Модерно предградие,2023-01-15,7.6,0.6,3.5,42.74,23.27
Модерно предградие,2023-01-16,7.0,-0.6,1.9,42.74,23.27
Модерно предградие,2023-01-17,13.7,0.2,5.8,42.74,23.27
Модерно предградие,2023-01-18,15.8,5.9,9.4,42.74,23.27
Модерно предградие,2023-01-19,17.8,4.8,10.2,42.74,23.27
Модерно предградие,2023-01-20,9.7,0.7,5.8,42.74,23.27
Модерно предградие,2023-01-21,9.2,-2.3,3.6,42.74,23.27
Модерно предградие,2023-01-22,9.6,3.5,6.3,42.74,23.27
Модерно предградие,2023-01-23,8.2,5.4,7.2,42.74,23.27
Модерно предградие,2023-01-24,5.0,0.6,2.3,42.74,23.27
Модерно предградие,2023-01-25,2.7,-0.1,0.8,42.74,23.27
Модерно предградие,2023-01-26,1.8,-1.3,-0.1,42.74,23.27
Модерно предградие,2023-01-27,4.2,-0.0,1.2,42.74,23.27
Модерно предградие,2023-01-28,3.2,-0.5,0.7,42.74,23.27
Модерно предградие,2023-01-29,2.0,-1.0,0.2,42.74,23.27
Модерно предградие,2023-01-30,1.9,-3.2,-1.0,42.74,23.27
Модерно предградие,2023-01-31,3.4,-2.1,0.2,42.74,23.27
Модерно предградие,2023-02-01,6.3,-2.2,1.1,42.74,23.27
Модерно предградие,2023-02-02,7.5,-1.9,2.0,42.74,23.27
Модерно предградие,2023-02-03,4.2,-1.3,1.0,42.74,23.27
Модерно предградие,2023-02-04,4.2,-0.8,1.8,42.74,23.27
Модерно предградие,2023-02-05,-0.9,-4.9,-3.1,42.74,23.27
Модерно предградие,2023-02-06,-1.4,-8.1,-4.4,42.74,23.27
Модерно предградие,2023-02-07,-0.1,-6.1,-3.6,42.74,23.27
Модерно предградие,2023-02-08,-1.1,-7.1,-4.0,42.74,23.27
Модерно предградие,2023-02-09,1.1,-7.4,-4.2,42.74,23.27
Модерно предградие,2023-02-10,3.8,-7.6,-2.9,42.74,23.27
Модерно предградие,2023-02-11,4.4,-7.2,-2.6,42.74,23.27
Модерно предградие,2023-02-12,4.3,-4.0,-0.0,42.74,23.27
Модерно предградие,2023-02-13,6.4,-4.4,0.3,42.74,23.27
Модерно предградие,2023-02-14,5.2,-2.9,0.5,42.74,23.27
Модерно предградие,2023-02-15,6.7,-2.9,1.6,42.74,23.27
Модерно предградие,2023-02-16,12.0,-4.6,1.5,42.74,23.27
Модерно предградие,2023-02-17,14.1,-3.3,3.3,42.74,23.27
Модерно предградие,2023-02-18,15.4,-3.0,4.3,42.74,23.27
Модерно предградие,2023-02-19,17.3,0.4,7.6,42.74,23.27
Модерно предградие,2023-02-20,12.1,2.6,7.1,42.74,23.27
Модерно предградие,2023-02-21,18.0,1.0,7.1,42.74,23.27
Модерно предградие,2023-02-22,16.3,-0.4,6.6,42.74,23.27
Модерно предградие,2023-02-23,15.7,-0.1,6.9,42.74,23.27
Модерно предградие,2023-02-24,12.3,4.0,7.2,42.74,23.27
Модерно предградие,2023-02-25,15.9,1.6,9.6,42.74,23.27
Модерно предградие,2023-02-26,18.8,5.6,11.7,42.74,23.27
Модерно предградие,2023-02-27,13.0,4.8,7.6,42.74,23.27
Модерно предградие,2023-02-28,11.2,3.8,7.0,42.74,23.27
Модерно предградие,2023-03-01,7.5,3.9,5.5,42.74,23.27
Модерно предградие,2023-03-02,7.5,4.1,5.3,42.74,23.27
Модерно предградие,2023-03-03,6.4,2.7,4.4,42.74,23.27
Модерно предградие,2023-03-04,9.7,0.1,4.2,42.74,23.27
Модерно предградие,2023-03-05,10.1,1.5,5.2,42.74,23.27
Модерно предградие,2023-03-06,12.6,-2.3,4.6,42.74,23.27
Модерно предградие,2023-03-07,14.7,2.7,7.8,42.74,23.27
Модерно предградие,2023-03-08,14.4,1.1,8.3,42.74,23.27
Модерно предградие,2023-03-09,18.8,2.5,10.0,42.74,23.27
Модерно предградие,2023-03-10,16.8,5.8,9.6,42.74,23.27
Модерно предградие,2023-03-11,14.8,5.1,9.5,42.74,23.27
Модерно предградие,2023-03-12,8.3,-0.5,3.6,42.74,23.27
Модерно предградие,2023-03-13,10.3,-4.2,2.6,42.74,23.27
Модерно предградие,2023-03-14,15.1,-2.8,4.8,42.74,23.27
Модерно предградие,2023-03-15,13.6,0.5,5.9,42.74,23.27
Модерно предградие,2023-03-16,6.0,1.0,2.8,42.74,23.27
Модерно предградие,2023-03-17,8.5,0.6,3.8,42.74,23.27
Модерно предградие,2023-03-18,8.7,-4.0,2.7,42.74,23.27
Модерно предградие,2023-03-19,14.8,-3.9,5.2,42.74,23.27
Модерно предградие,2023-03-20,19.0,-0.6,9.6,42.74,23.27
Модерно предградие,2023-03-21,16.9,4.9,10.8,42.74,23.27
Модерно предградие,2023-03-22,13.2,4.9,8.9,42.74,23.27
Модерно предградие,2023-03-23,15.5,1.0,7.6,42.74,23.27
Модерно предградие,2023-03-24,18.6,2.2,10.2,42.74,23.27
Модерно предградие,2023-03-25,19.8,3.4,11.2,42.74,23.27
Модерно предградие,2023-03-26,15.9,6.3,10.3,42.74,23.27
Модерно предградие,2023-03-27,14.7,2.9,8.3,42.74,23.27
Модерно предградие,2023-03-28,5.8,0.1,2.7,42.74,23.27
Модерно предградие,2023-03-29,7.4,-1.9,2.1,42.74,23.27
Модерно предградие,2023-03-30,14.0,0.7,6.6,42.74,23.27
Модерно предградие,2023-03-31,17.3,3.9,10.5,42.74,23.27
Модерно предградие,2023-04-01,16.5,5.7,10.8,42.74,23.27
Модерно предградие,2023-04-02,15.5,3.5,9.0,42.74,23.27
Модерно предградие,2023-04-03,14.6,1.4,7.2,42.74,23.27
Модерно предградие,2023-04-04,8.9,0.9,5.7,42.74,23.27
Модерно предградие,2023-04-05,5.4,-0.7,1.8,42.74,23.27
Модерно предградие,2023-04-06,6.3,-1.7,1.9,42.74,23.27
Модерно предградие,2023-04-07,8.1,-2.7,3.1,42.74,23.27
Модерно предградие,2023-04-08,11.9,0.0,5.8,42.74,23.27
Модерно предградие,2023-04-09,12.1,2.5,6.9,42.74,23.27
Модерно предградие,2023-04-10,11.1,3.4,7.4,42.74,23.27
Модерно предградие,2023-04-11,12.8,3.6,7.9,42.74,23.27
Модерно предградие,2023-04-12,12.8,4.1,8.5,42.74,23.27
Модерно предградие,2023-04-13,19.7,-0.8,9.4,42.74,23.27
Модерно предградие,2023-04-14,21.4,3.8,10.6,42.74,23.27
Модерно предградие,2023-04-15,16.7,3.1,10.4,42.74,23.27
Модерно предградие,2023-04-16,16.8,5.6,10.8,42.74,23.27
Модерно предградие,2023-04-17,15.4,6.7,10.1,42.74,23.27
Модерно предградие,2023-04-18,14.4,8.2,10.3,42.74,23.27
Модерно предградие,2023-04-19,15.0,6.6,10.0,42.74,23.27
Модерно предградие,2023-04-20,13.8,5.2,9.3,42.74,23.27
Модерно предградие,2023-04-21,15.7,4.4,10.1,42.74,23.27
Модерно предградие,2023-04-22,15.9,3.7,9.8,42.74,23.27
Модерно предградие,2023-04-23,17.1,3.9,10.4,42.74,23.27
Модерно предградие,2023-04-24,19.6,5.6,10.9,42.74,23.27
Модерно предградие,2023-04-25,14.9,7.9,11.4,42.74,23.27
Модерно предградие,2023-04-26,15.1,4.1,9.7,42.74,23.27
Модерно предградие,2023-04-27,12.0,3.6,8.5,42.74,23.27
Модерно предградие,2023-04-28,15.7,1.1,7.9,42.74,23.27
Модерно предградие,2023-04-29,15.3,3.7,9.5,42.74,23.27
Модерно предградие,2023-04-30,17.5,4.7,11.5,42.74,23.27
Модерно предградие,2023-05-01,19.0,5.4,12.1,42.74,23.27
Модерно предградие,2023-05-02,19.5,8.0,13.4,42.74,23.27
Модерно предградие,2023-05-03,17.8,9.4,12.2,42.74,23.27
Модерно предградие,2023-05-04,14.4,8.6,11.2,42.74,23.27
Модерно предградие,2023-05-05,17.3,5.2,11.8,42.74,23.27
Модерно предградие,2023-05-06,18.4,5.6,12.5,42.74,23.27
Модерно предградие,2023-05-07,21.6,7.3,14.5,42.74,23.27
Модерно предградие,2023-05-08,19.9,9.1,14.1,42.74,23.27
Модерно предградие,2023-05-09,14.4,9.6,11.6,42.74,23.27
Модерно предградие,2023-05-10,10.4,7.4,8.8,42.74,23.27
Модерно предградие,2023-05-11,13.0,7.2,10.2,42.74,23.27
Модерно предградие,2023-05-12,14.8,6.3,9.9,42.74,23.27
Модерно предградие,2023-05-13,18.8,7.0,12.7,42.74,23.27
Модерно предградие,2023-05-14,14.0,10.2,11.5,42.74,23.27
Модерно предградие,2023-05-15,16.0,8.7,12.1,42.74,23.27
Модерно предградие,2023-05-16,20.2,11.6,15.1,42.74,23.27
Модерно предградие,2023-05-17,19.7,11.2,14.6,42.74,23.27
Модерно предградие,2023-05-18,15.7,11.4,12.8,42.74,23.27
Модерно предградие,2023-05-19,19.8,7.0,14.2,42.74,23.27
Модерно предградие,2023-05-20,20.3,9.5,15.3,42.74,23.27
Модерно предградие,2023-05-21,20.4,9.8,15.1,42.74,23.27
Модерно предградие,2023-05-22,19.2,10.6,15.2,42.74,23.27
Модерно предградие,2023-05-23,21.3,7.2,15.3,42.74,23.27
Модерно предградие,2023-05-24,23.3,7.5,16.2,42.74,23.27
Модерно предградие,2023-05-25,21.2,10.4,16.1,42.74,23.27
Модерно предградие,2023-05-26,21.4,9.8,15.7,42.74,23.27
Модерно предградие,2023-05-27,21.2,8.5,15.5,42.74,23.27
Модерно предградие,2023-05-28,19.2,10.7,15.5,42.74,23.27
Модерно предградие,2023-05-29,20.7,12.9,16.5,42.74,23.27
Модерно предградие,2023-05-30,21.9,10.3,16.9,42.74,23.27
Модерно предградие,2023-05-31,22.2,12.2,17.1,42.74,23.27
Модерно предградие,2023-06-01,23.6,11.5,17.2,42.74,23.27
Модерно предградие,2023-06-02,23.5,12.3,18.1,42.74,23.27
Модерно предградие,2023-06-03,21.1,11.9,16.9,42.74,23.27
Модерно предградие,2023-06-04,20.6,13.0,16.7,42.74,23.27
Модерно предградие,2023-06-05,22.4,11.8,17.3,42.74,23.27
Модерно предградие,2023-06-06,23.6,12.3,17.7,42.74,23.27
Модерно предградие,2023-06-07,23.4,12.3,18.0,42.74,23.27
Модерно предградие,2023-06-08,25.0,13.0,18.9,42.74,23.27
Модерно предградие,2023-06-09,25.2,11.8,18.9,42.74,23.27
Модерно предградие,2023-06-10,23.6,13.7,18.6,42.74,23.27
Модерно предградие,2023-06-11,24.1,13.6,18.9,42.74,23.27
Модерно предградие,2023-06-12,24.3,13.6,18.1,42.74,23.27
Модерно предградие,2023-06-13,20.8,14.9,17.1,42.74,23.27
Модерно предградие,2023-06-14,22.6,13.8,18.4,42.74,23.27
Модерно предградие,2023-06-15,21.2,14.4,18.1,42.74,23.27
Модерно предградие,2023-06-16,22.7,15.7,18.4,42.74,23.27
Модерно предградие,2023-06-17,19.6,14.7,16.6,42.74,23.27
Модерно предградие,2023-06-18,21.6,14.2,17.2,42.74,23.27
Модерно предградие,2023-06-19,25.0,12.2,18.5,42.74,23.27
Модерно предградие,2023-06-20,25.1,11.0,19.0,42.74,23.27
Модерно предградие,2023-06-21,27.6,12.7,20.5,42.74,23.27
Модерно предградие,2023-06-22,29.0,14.3,21.6,42.74,23.27
Модерно предградие,2023-06-23,29.6,16.2,22.9,42.74,23.27
Модерно предградие,2023-06-24,29.2,16.3,22.9,42.74,23.27
Модерно предградие,2023-06-25,24.9,15.9,19.8,42.74,23.27
Модерно предградие,2023-06-26,24.2,15.7,20.0,42.74,23.27
Модерно предградие,2023-06-27,26.0,12.1,19.7,42.74,23.27
Модерно предградие,2023-06-28,25.0,13.8,18.7,42.74,23.27
Модерно предградие,2023-06-29,21.2,12.2,16.9,42.74,23.27
Модерно предградие,2023-06-30,25.6,10.0,18.4,42.74,23.27
Модерно предградие,2023-07-01,27.9,14.1,21.0,42.74,23.27
Модерно предградие,2023-07-02,23.7,15.3,19.6,42.74,23.27
Модерно предградие,2023-07-03,27.3,14.3,20.9,42.74,23.27
Модерно предградие,2023-07-04,28.6,14.0,21.7,42.74,23.27
Модерно предградие,2023-07-05,26.4,15.8,21.0,42.74,23.27
Модерно предградие,2023-07-06,25.4,15.6,20.4,42.74,23.27
Модерно предградие,2023-07-07,26.8,16.4,20.8,42.74,23.27
Модерно предградие,2023-07-08,25.0,15.5,20.3,42.74,23.27
Модерно предградие,2023-07-09,26.7,11.9,19.8,42.74,23.27
Модерно предградие,2023-07-10,28.1,12.5,21.0,42.74,23.27
Модерно предградие,2023-07-11,29.5,13.5,21.9,42.74,23.27
Модерно предградие,2023-07-12,32.6,16.0,24.7,42.74,23.27
Модерно предградие,2023-07-13,36.3,16.9,26.9,42.74,23.27
Модерно предградие,2023-07-14,32.0,18.9,25.7,42.74,23.27
Модерно предградие,2023-07-15,32.0,17.0,24.6,42.74,23.27
Модерно предградие,2023-07-16,32.1,19.4,26.0,42.74,23.27
Модерно предградие,2023-07-17,33.3,20.0,26.5,42.74,23.27
Модерно предградие,2023-07-18,33.4,18.5,26.0,42.74,23.27
Модерно предградие,2023-07-19,33.5,17.4,25.9,42.74,23.27
Модерно предградие,2023-07-20,31.4,17.7,24.8,42.74,23.27
Модерно предградие,2023-07-21,32.7,17.9,24.9,42.74,23.27
Модерно предградие,2023-07-22,35.1,19.6,26.6,42.74,23.27
Модерно предградие,2023-07-23,30.7,19.4,24.6,42.74,23.27
Модерно предградие,2023-07-24,33.0,15.6,24.6,42.74,23.27
Модерно предградие,2023-07-25,38.5,18.1,27.9,42.74,23.27
Модерно предградие,2023-07-26,34.9,20.1,27.2,42.74,23.27
Модерно предградие,2023-07-27,22.6,15.7,19.2,42.74,23.27
Модерно предградие,2023-07-28,28.9,9.9,19.7,42.74,23.27
Модерно предградие,2023-07-29,30.8,13.7,22.4,42.74,23.27
Модерно предградие,2023-07-30,31.7,15.3,24.0,42.74,23.27
Модерно предградие,2023-07-31,27.4,18.6,22.8,42.74,23.27
Модерно предградие,2023-08-01,29.9,14.1,22.6,42.74,23.27
Модерно предградие,2023-08-02,31.0,18.1,24.4,42.74,23.27
Модерно предградие,2023-08-03,35.0,18.5,26.6,42.74,23.27
Модерно предградие,2023-08-04,35.3,19.8,28.1,42.74,23.27
Модерно предградие,2023-08-05,33.7,20.2,27.7,42.74,23.27
Модерно предградие,2023-08-06,26.0,17.2,21.5,42.74,23.27
Модерно предградие,2023-08-07,25.5,14.6,19.5,42.74,23.27
Модерно предградие,2023-08-08,22.6,14.3,18.2,42.74,23.27
Модерно предградие,2023-08-09,26.7,9.1,18.0,42.74,23.27
Модерно предградие,2023-08-10,21.8,16.5,18.7,42.74,23.27
Модерно предградие,2023-08-11,25.4,11.5,18.5,42.74,23.27
Модерно предградие,2023-08-12,26.8,11.6,19.8,42.74,23.27
Модерно предградие,2023-08-13,27.5,15.2,21.6,42.74,23.27
Модерно предградие,2023-08-14,28.7,16.6,23.2,42.74,23.27
Модерно предградие,2023-08-15,25.8,18.9,21.7,42.74,23.27
Модерно предградие,2023-08-16,28.1,18.0,22.7,42.74,23.27
Модерно предградие,2023-08-17,30.9,16.8,24.6,42.74,23.27
Модерно предградие,2023-08-18,32.5,18.7,26.0,42.74,23.27
Модерно предградие,2023-08-19,31.1,19.0,25.2,42.74,23.27
Модерно предградие,2023-08-20,31.9,16.7,25.1,42.74,23.27
Модерно предградие,2023-08-21,33.2,17.3,26.0,42.74,23.27
Модерно предградие,2023-08-22,33.0,17.8,25.7,42.74,23.27
Модерно предградие,2023-08-23,33.2,19.6,26.4,42.74,23.27
Модерно предградие,2023-08-24,31.4,18.4,25.4,42.74,23.27
Модерно предградие,2023-08-25,32.6,17.3,24.5,42.74,23.27
Модерно предградие,2023-08-26,33.3,17.4,25.3,42.74,23.27
Модерно предградие,2023-08-27,33.0,19.3,25.8,42.74,23.27
Модерно предградие,2023-08-28,34.1,18.5,26.0,42.74,23.27
Модерно предградие,2023-08-29,29.3,19.3,23.7,42.74,23.27
Модерно предградие,2023-08-30,29.3,17.0,22.2,42.74,23.27
Модерно предградие,2023-08-31,27.0,14.7,20.7,42.74,23.27
Модерно предградие,2023-09-01,26.9,12.9,19.9,42.74,23.27
Модерно предградие,2023-09-02,27.8,13.1,20.5,42.74,23.27
Модерно предградие,2023-09-03,28.6,12.7,20.7,42.74,23.27
Модерно предградие,2023-09-04,19.4,14.9,15.9,42.74,23.27
Модерно предградие,2023-09-05,21.6,15.0,17.9,42.74,23.27
Модерно предградие,2023-09-06,24.0,14.8,19.5,42.74,23.27
Модерно предградие,2023-09-07,24.3,16.8,20.5,42.74,23.27
Модерно предградие,2023-09-08,24.9,12.5,20.0,42.74,23.27
Модерно предградие,2023-09-09,25.8,12.4,18.9,42.74,23.27
Модерно предградие,2023-09-10,26.1,12.7,19.1,42.74,23.27
Модерно предградие,2023-09-11,26.0,11.5,18.4,42.74,23.27
Модерно предградие,2023-09-12,28.2,11.6,19.3,42.74,23.27
Модерно предградие,2023-09-13,30.9,14.1,21.4,42.74,23.27
Модерно предградие,2023-09-14,30.1,16.2,22.5,42.74,23.27
Модерно предградие,2023-09-15,27.7,14.9,21.0,42.74,23.27
Модерно предградие,2023-09-16,23.0,15.4,18.9,42.74,23.27
Модерно предградие,2023-09-17,24.3,14.7,19.0,42.74,23.27
Модерно предградие,2023-09-18,24.9,14.8,19.4,42.74,23.27
Модерно предградие,2023-09-19,23.9,11.7,18.0,42.74,23.27
Модерно предградие,2023-09-20,26.3,13.9,19.2,42.74,23.27
Модерно предградие,2023-09-21,27.1,14.1,20.1,42.74,23.27
Модерно предградие,2023-09-22,30.2,14.3,21.7,42.74,23.27
Модерно предградие,2023-09-23,32.5,18.1,23.5,42.74,23.27
Модерно предградие,2023-09-24,28.3,16.9,21.8,42.74,23.27
Модерно предградие,2023-09-25,23.8,17.0,19.9,42.74,23.27
Модерно предградие,2023-09-26,23.5,16.0,19.6,42.74,23.27
Модерно предградие,2023-09-27,23.5,14.0,18.7,42.74,23.27
Модерно предградие,2023-09-28,23.5,14.3,18.7,42.74,23.27
Модерно предградие,2023-09-29,24.6,10.5,17.4,42.74,23.27
Модерно предградие,2023-09-30,25.5,9.2,17.1,42.74,23.27
Модерно предградие,2023-10-01,23.9,10.0,16.5,42.74,23.27
Модерно предградие,2023-10-02,22.3,11.8,16.2,42.74,23.27
Модерно предградие,2023-10-03,22.4,7.4,14.6,42.74,23.27
Модерно предградие,2023-10-04,26.1,9.8,16.6,42.74,23.27
Модерно предградие,2023-10-05,24.3,11.1,16.6,42.74,23.27
Модерно предградие,2023-10-06,22.5,10.1,15.8,42.74,23.27
Модерно предградие,2023-10-07,23.4,5.9,13.9,42.74,23.27
Модерно предградие,2023-10-08,24.4,7.2,15.8,42.74,23.27
Модерно предградие,2023-10-09,20.2,10.7,15.2,42.74,23.27
Модерно предградие,2023-10-10,21.0,10.5,15.2,42.74,23.27
Модерно предградие,2023-10-11,21.5,9.7,14.7,42.74,23.27
Модерно предградие,2023-10-12,23.1,7.4,14.9,42.74,23.27
Модерно предградие,2023-10-13,26.2,7.2,16.3,42.74,23.27
Модерно предградие,2023-10-14,25.7,9.1,16.6,42.74,23.27
Модерно предградие,2023-10-15,25.5,9.2,17.0,42.74,23.27
Модерно предградие,2023-10-16,15.6,7.5,11.2,42.74,23.27
Модерно предградие,2023-10-17,12.2,4.1,8.0,42.74,23.27
Модерно предградие,2023-10-18,14.9,6.5,10.3,42.74,23.27
Модерно предградие,2023-10-19,19.7,4.5,10.3,42.74,23.27
Модерно предградие,2023-10-20,27.3,8.9,17.0,42.74,23.27
Модерно предградие,2023-10-21,28.5,10.8,18.2,42.74,23.27
Модерно предградие,2023-10-22,26.1,12.9,18.7,42.74,23.27
Модерно предградие,2023-10-23,23.4,12.3,17.1,42.74,23.27
Модерно предградие,2023-10-24,24.0,9.1,15.5,42.74,23.27
Модерно предградие,2023-10-25,25.5,10.9,17.3,42.74,23.27
Модерно предградие,2023-10-26,23.0,13.3,17.4,42.74,23.27
Модерно предградие,2023-10-27,24.7,13.3,18.8,42.74,23.27
Модерно предградие,2023-10-28,25.0,12.7,17.9,42.74,23.27
Модерно предградие,2023-10-29,22.3,8.8,14.6,42.74,23.27
Модерно предградие,2023-10-30,22.3,9.4,14.2,42.74,23.27
Модерно предградие,2023-10-31,22.7,8.4,14.5,42.74,23.27
Модерно предградие,2023-11-01,18.1,8.9,13.7,42.74,23.27
Модерно предградие,2023-11-02,18.0,7.9,12.0,42.74,23.27
Модерно предградие,2023-11-03,18.2,8.3,12.1,42.74,23.27
Модерно предградие,2023-11-04,13.7,9.1,11.4,42.74,23.27
Модерно предградие,2023-11-05,19.1,5.9,11.7,42.74,23.27
Модерно предградие,2023-11-06,21.0,8.2,14.6,42.74,23.27
Модерно предградие,2023-11-07,18.6,7.0,11.1,42.74,23.27
Модерно предградие,2023-11-08,14.5,7.6,10.4,42.74,23.27
Модерно предградие,2023-11-09,12.0,3.3,7.3,42.74,23.27
Модерно предградие,2023-11-10,12.8,0.8,5.7,42.74,23.27
Модерно предградие,2023-11-11,13.8,5.4,8.9,42.74,23.27
Модерно предградие,2023-11-12,9.3,2.1,6.5,42.74,23.27
Модерно предградие,2023-11-13,12.8,3.3,6.7,42.74,23.27
Модерно предградие,2023-11-14,18.7,1.8,8.2,42.74,23.27
Модерно предградие,2023-11-15,16.1,4.7,9.1,42.74,23.27
Модерно предградие,2023-11-16,12.0,3.4,7.8,42.74,23.27
Модерно предградие,2023-11-17,11.9,2.0,6.4,42.74,23.27
Модерно предградие,2023-11-18,7.3,2.3,3.8,42.74,23.27
Модерно предградие,2023-11-19,4.7,1.2,2.8,42.74,23.27
Модерно предградие,2023-11-20,12.9,-1.9,4.2,42.74,23.27
Модерно предградие,2023-11-21,10.4,-0.5,3.6,42.74,23.27
Модерно предградие,2023-11-22,11.0,1.7,6.6,42.74,23.27
Модерно предградие,2023-11-23,9.8,6.0,8.0,42.74,23.27
Модерно предградие,2023-11-24,13.6,5.7,9.1,42.74,23.27
Модерно предградие,2023-11-25,10.1,0.2,4.1,42.74,23.27
Модерно предградие,2023-11-26,0.0,-3.6,-1.7,42.74,23.27
Модерно предградие,2023-11-27,1.4,-4.2,-2.0,42.74,23.27
Модерно предградие,2023-11-28,1.6,-4.7,-0.7,42.74,23.27
Модерно предградие,2023-11-29,5.1,-1.9,2.4,42.74,23.27
Модерно предградие,2023-11-30,6.1,-3.8,0.0,42.74,23.27
Модерно предградие,2023-12-01,17.5,-0.8,8.4,42.74,23.27
Модерно предградие,2023-12-02,14.9,4.9,10.4,42.74,23.27
Модерно предградие,2023-12-03,9.4,1.0,5.9,42.74,23.27
Модерно предградие,2023-12-04,3.0,-3.5,-0.9,42.74,23.27
Модерно предградие,2023-12-05,3.8,-1.2,0.9,42.74,23.27
Модерно предградие,2023-12-06,4.7,1.5,3.2,42.74,23.27
Модерно предградие,2023-12-07,4.7,1.3,2.8,42.74,23.27
Модерно предградие,2023-12-08,3.2,-0.7,1.2,42.74,23.27
Модерно предградие,2023-12-09,3.3,-3.2,0.6,42.74,23.27
Модерно предградие,2023-12-10,6.1,-4.2,0.1,42.74,23.27
Модерно предградие,2023-12-11,8.7,-0.5,2.7,42.74,23.27
Модерно предградие,2023-12-12,10.6,-0.7,3.9,42.74,23.27
Модерно предградие,2023-12-13,11.3,0.9,4.6,42.74,23.27
Модерно предградие,2023-12-14,13.2,2.8,6.5,42.74,23.27
Модерно предградие,2023-12-15,6.5,2.2,4.8,42.74,23.27
Модерно предградие,2023-12-16,2.2,0.3,1.2,42.74,23.27
Модерно предградие,2023-12-17,4.0,-3.9,-0.5,42.74,23.27
Модерно предградие,2023-12-18,9.6,-4.3,-0.2,42.74,23.27
Модерно предградие,2023-12-19,9.9,-4.8,1.1,42.74,23.27
Модерно предградие,2023-12-20,11.3,-5.1,0.8,42.74,23.27
Модерно предградие,2023-12-21,6.1,-3.8,0.6,42.74,23.27
Модерно предградие,2023-12-22,5.5,-3.2,1.9,42.74,23.27
Модерно предградие,2023-12-23,6.9,-1.3,2.3,42.74,23.27
Модерно предградие,2023-12-24,13.0,2.5,6.0,42.74,23.27
Модерно предградие,2023-12-25,13.7,0.2,4.4,42.74,23.27
Модерно предградие,2023-12-26,14.1,-1.8,3.4,42.74,23.27
Модерно предградие,2023-12-27,12.0,-0.7,3.2,42.74,23.27
Модерно предградие,2023-12-28,11.3,-3.2,2.6,42.74,23.27
Модерно предградие,2023-12-29,11.1,-3.6,2.5,42.74,23.27
Модерно предградие,2023-12-30,10.4,-3.1,1.3,42.74,23.27
Модерно предградие,2023-12-31,8.2,-2.5,2.1,42.74,23.27
Обеля,2023-01-01,10.4,-0.9,3.8,42.75,23.26
Обеля,2023-01-02,11.1,-1.0,3.9,42.75,23.26
Обеля,2023-01-03,12.7,-0.1,3.7,42.75,23.26
Обеля,2023-01-04,8.3,-0.4,4.1,42.75,23.26
Обеля,2023-01-05,11.6,2.3,5.5,42.75,23.26
Обеля,2023-01-06,10.1,0.6,5.1,42.75,23.26
Обеля,2023-01-07,10.2,-2.7,2.9,42.75,23.26
Обеля,2023-01-08,8.5,-2.1,2.4,42.75,23.26
Обеля,2023-01-09,4.8,-1.3,0.5,42.75,23.26
Обеля,2023-01-10,4.4,-0.6,2.1,42.75,23.26
Обеля,2023-01-11,5.3,-1.8,2.2,42.75,23.26
Обеля,2023-01-12,5.4,2.1,3.5,42.75,23.26
Обеля,2023-01-13,5.7,-1.0,3.2,42.75,23.26
Обеля,2023-01-14,5.9,-1.4,2.0,42.75,23.26
Обеля,2023-01-15,7.6,0.6,3.5,42.75,23.26
Обеля,2023-01-16,7.0,-0.6,1.9,42.75,23.26
Обеля,2023-01-17,13.7,0.2,5.8,42.75,23.26
Обеля,2023-01-18,15.8,5.9,9.4,42.75,23.26
Обеля,2023-01-19,17.8,4.8,10.2,42.75,23.26
Обеля,2023-01-20,9.7,0.7,5.8,42.75,23.26
Обеля,2023-01-21,9.2,-2.3,3.6,42.75,23.26
Обеля,2023-01-22,9.6,3.5,6.3,42.75,23.26
Обеля,2023-01-23,8.2,5.4,7.2,42.75,23.26
Обеля,2023-01-24,5.0,0.6,2.3,42.75,23.26
Обеля,2023-01-25,2.7,-0.1,0.8,42.75,23.26
Обеля,2023-01-26,1.8,-1.3,-0.1,42.75,23.26
Обеля,2023-01-27,4.2,-0.0,1.2,42.75,23.26
Обеля,2023-01-28,3.2,-0.5,0.7,42.75,23.26
Обеля,2023-01-29,2.0,-1.0,0.2,42.75,23.26
Обеля,2023-01-30,1.9,-3.2,-1.0,42.75,23.26
Обеля,2023-01-31,3.4,-2.1,0.2,42.75,23.26
Обеля,2023-02-01,6.3,-2.2,1.1,42.75,23.26
Обеля,2023-02-02,7.5,-1.9,2.0,42.75,23.26
Обеля,2023-02-03,4.2,-1.3,1.0,42.75,23.26
Обеля,2023-02-04,4.2,-0.8,1.8,42.75,23.26
Обеля,2023-02-05,-0.9,-4.9,-3.1,42.75,23.26
Обеля,2023-02-06,-1.4,-8.1,-4.4,42.75,23.26
Обеля,2023-02-07,-0.1,-6.1,-3.6,42.75,23.26
Обеля,2023-02-08,-1.1,-7.1,-4.0,42.75,23.26
Обеля,2023-02-09,1.1,-7.4,-4.2,42.75,23.26
Обеля,2023-02-10,3.8,-7.6,-2.9,42.75,23.26
Обеля,2023-02-11,4.4,-7.2,-2.6,42.75,23.26
Обеля,2023-02-12,4.3,-4.0,-0.0,42.75,23.26
Обеля,2023-02-13,6.4,-4.4,0.3,42.75,23.26
Обеля,2023-02-14,5.2,-2.9,0.5,42.75,23.26
Обеля,2023-02-15,6.7,-2.9,1.6,42.75,23.26
Обеля,2023-02-16,12.0,-4.6,1.5,42.75,23.26
Обеля,2023-02-17,14.1,-3.3,3.3,42.75,23.26
Обеля,2023-02-18,15.4,-3.0,4.3,42.75,23.26
Обеля,2023-02-19,17.3,0.4,7.6,42.75,23.26
Обеля,2023-02-20,12.1,2.6,7.1,42.75,23.26
Обеля,2023-02-21,18.0,1.0,7.1,42.75,23.26
Обеля,2023-02-22,16.3,-0.4,6.6,42.75,23.26
Обеля,2023-02-23,15.7,-0.1,6.9,42.75,23.26
Обеля,2023-02-24,12.3,4.0,7.2,42.75,23.26
Обеля,2023-02-25,15.9,1.6,9.6,42.75,23.26
Обеля,2023-02-26,18.8,5.6,11.7,42.75,23.26
Обеля,2023-02-27,13.0,4.8,7.6,42.75,23.26
Обеля,2023-02-28,11.2,3.8,7.0,42.75,23.26
Обеля,2023-03-01,7.5,3.9,5.5,42.75,23.26
Обеля,2023-03-02,7.5,4.1,5.3,42.75,23.26
Обеля,2023-03-03,6.4,2.7,4.4,42.75,23.26
Обеля,2023-03-04,9.7,0.1,4.2,42.75,23.26
Обеля,2023-03-05,10.1,1.5,5.2,42.75,23.26
Обеля,2023-03-06,12.6,-2.3,4.6,42.75,23.26
Обеля,2023-03-07,14.7,2.7,7.8,42.75,23.26
Обеля,2023-03-08,14.4,1.1,8.3,42.75,23.26
Обеля,2023-03-09,18.8,2.5,10.0,42.75,23.26
Обеля,2023-03-10,16.8,5.8,9.6,42.75,23.26
Обеля,2023-03-11,14.8,5.1,9.5,42.75,23.26
Обеля,2023-03-12,8.3,-0.5,3.6,42.75,23.26
Обеля,2023-03-13,10.3,-4.2,2.6,42.75,23.26
Обеля,2023-03-14,15.1,-2.8,4.8,42.75,23.26
Обеля,2023-03-15,13.6,0.5,5.9,42.75,23.26
Обеля,2023-03-16,6.0,1.0,2.8,42.75,23.26
Обеля,2023-03-17,8.5,0.6,3.8,42.75,23.26
Обеля,2023-03-18,8.7,-4.0,2.7,42.75,23.26
Обеля,2023-03-19,14.8,-3.9,5.2,42.75,23.26
Обеля,2023-03-20,19.0,-0.6,9.6,42.75,23.26
Обеля,2023-03-21,16.9,4.9,10.8,42.75,23.26
Обеля,2023-03-22,13.2,4.9,8.9,42.75,23.26
Обеля,2023-03-23,15.5,1.0,7.6,42.75,23.26
Обеля,2023-03-24,18.6,2.2,10.2,42.75,23.26
Обеля,2023-03-25,19.8,3.4,11.2,42.75,23.26
Обеля,2023-03-26,15.9,6.3,10.3,42.75,23.26
Обеля,2023-03-27,14.7,2.9,8.3,42.75,23.26
Обеля,2023-03-28,5.8,0.1,2.7,42.75,23.26
Обеля,2023-03-29,7.4,-1.9,2.1,42.75,23.26
Обеля,2023-03-30,14.0,0.7,6.6,42.75,23.26
Обеля,2023-03-31,17.3,3.9,10.5,42.75,23.26
Обеля,2023-04-01,16.5,5.7,10.8,42.75,23.26
Обеля,2023-04-02,15.5,3.5,9.0,42.75,23.26
Обеля,2023-04-03,14.6,1.4,7.2,42.75,23.26
Обеля,2023-04-04,8.9,0.9,5.7,42.75,23.26
Обеля,2023-04-05,5.4,-0.7,1.8,42.75,23.26
Обеля,2023-04-06,6.3,-1.7,1.9,42.75,23.26
Обеля,2023-04-07,8.1,-2.7,3.1,42.75,23.26
Обеля,2023-04-08,11.9,0.0,5.8,42.75,23.26
Обеля,2023-04-09,12.1,2.5,6.9,42.75,23.26
Обеля,2023-04-10,11.1,3.4,7.4,42.75,23.26
Обеля,2023-04-11,12.8,3.6,7.9,42.75,23.26
Обеля,2023-04-12,12.8,4.1,8.5,42.75,23.26
Обеля,2023-04-13,19.7,-0.8,9.4,42.75,23.26
Обеля,2023-04-14,21.4,3.8,10.6,42.75,23.26
Обеля,2023-04-15,16.7,3.1,10.4,42.75,23.26
Обеля,2023-04-16,16.8,5.6,10.8,42.75,23.26
Обеля,2023-04-17,15.4,6.7,10.1,42.75,23.26
Обеля,2023-04-18,14.4,8.2,10.3,42.75,23.26
Обеля,2023-04-19,15.0,6.6,10.0,42.75,23.26
Обеля,2023-04-20,13.8,5.2,9.3,42.75,23.26
Обеля,2023-04-21,15.7,4.4,10.1,42.75,23.26
Обеля,2023-04-22,15.9,3.7,9.8,42.75,23.26
Обеля,2023-04-23,17.1,3.9,10.4,42.75,23.26
Обеля,2023-04-24,19.6,5.6,10.9,42.75,23.26
Обеля,2023-04-25,14.9,7.9,11.4,42.75,23.26
Обеля,2023-04-26,15.1,4.1,9.7,42.75,23.26
Обеля,2023-04-27,12.0,3.6,8.5,42.75,23.26
Обеля,2023-04-28,15.7,1.1,7.9,42.75,23.26
Обеля,2023-04-29,15.3,3.7,9.5,42.75,23.26
Обеля,2023-04-30,17.5,4.7,11.5,42.75,23.26
Обеля,2023-05-01,19.0,5.4,12.1,42.75,23.26
Обеля,2023-05-02,19.5,8.0,13.4,42.75,23.26
Обеля,2023-05-03,17.8,9.4,12.2,42.75,23.26
Обеля,2023-05-04,14.4,8.6,11.2,42.75,23.26
Обеля,2023-05-05,17.3,5.2,11.8,42.75,23.26
Обеля,2023-05-06,18.4,5.6,12.5,42.75,23.26
Обеля,2023-05-07,21.6,7.3,14.5,42.75,23.26
Обеля,2023-05-08,19.9,9.1,14.1,42.75,23.26
Обеля,2023-05-09,14.4,9.6,11.6,42.75,23.26
Обеля,2023-05-10,10.4,7.4,8.8,42.75,23.26
Обеля,2023-05-11,13.0,7.2,10.2,42.75,23.26
Обеля,2023-05-12,14.8,6.3,9.9,42.75,23.26
Обеля,2023-05-13,18.8,7.0,12.7,42.75,23.26
Обеля,2023-05-14,14.0,10.2,11.5,42.75,23.26
Обеля,2023-05-15,16.0,8.7,12.1,42.75,23.26
Обеля,2023-05-16,20.2,11.6,15.1,42.75,23.26
Обеля,2023-05-17,19.7,11.2,14.6,42.75,23.26
Обеля,2023-05-18,15.7,11.4,12.8,42.75,23.26
Обеля,2023-05-19,19.8,7.0,14.2,42.75,23.26
Обеля,2023-05-20,20.3,9.5,15.3,42.75,23.26
Обеля,2023-05-21,20.4,9.8,15.1,42.75,23.26
Обеля,2023-05-22,19.2,10.6,15.2,42.75,23.26
Обеля,2023-05-23,21.3,7.2,15.3,42.75,23.26
Обеля,2023-05-24,23.3,7.5,16.2,42.75,23.26
Обеля,2023-05-25,21.2,10.4,16.1,42.75,23.26
Обеля,2023-05-26,21.4,9.8,15.7,42.75,23.26
Обеля,2023-05-27,21.2,8.5,15.5,42.75,23.26
Обеля,2023-05-28,19.2,10.7,15.5,42.75,23.26
Обеля,2023-05-29,20.7,12.9,16.5,42.75,23.26
Обеля,2023-05-30,21.9,10.3,16.9,42.75,23.26
Обеля,2023-05-31,22.2,12.2,17.1,42.75,23.26
Обеля,2023-06-01,23.6,11.5,17.2,42.75,23.26
Обеля,2023-06-02,23.5,12.3,18.1,42.75,23.26
Обеля,2023-06-03,21.1,11.9,16.9,42.75,23.26
Обеля,2023-06-04,20.6,13.0,16.7,42.75,23.26
Обеля,2023-06-05,22.4,11.8,17.3,42.75,23.26
Обеля,2023-06-06,23.6,12.3,17.7,42.75,23.26
Обеля,2023-06-07,23.4,12.3,18.0,42.75,23.26
Обеля,2023-06-08,25.0,13.0,18.9,42.75,23.26
Обеля,2023-06-09,25.2,11.8,18.9,42.75,23.26
Обеля,2023-06-10,23.6,13.7,18.6,42.75,23.26
Обеля,2023-06-11,24.1,13.6,18.9,42.75,23.26
Обеля,2023-06-12,24.3,13.6,18.1,42.75,23.26
Обеля,2023-06-13,20.8,14.9,17.1,42.75,23.26
Обеля,2023-06-14,22.6,13.8,18.4,42.75,23.26
Обеля,2023-06-15,21.2,14.4,18.1,42.75,23.26
Обеля,2023-06-16,22.7,15.7,18.4,42.75,23.26
Обеля,2023-06-17,19.6,14.7,16.6,42.75,23.26
Обеля,2023-06-18,21.6,14.2,17.2,42.75,23.26
Обеля,2023-06-19,25.0,12.2,18.5,42.75,23.26
Обеля,2023-06-20,25.1,11.0,19.0,42.75,23.26
Обеля,2023-06-21,27.6,12.7,20.5,42.75,23.26
Обеля,2023-06-22,29.0,14.3,21.6,42.75,23.26
Обеля,2023-06-23,29.6,16.2,22.9,42.75,23.26
Обеля,2023-06-24,29.2,16.3,22.9,42.75,23.26
Обеля,2023-06-25,24.9,15.9,19.8,42.75,23.26
Обеля,2023-06-26,24.2,15.7,20.0,42.75,23.26
Обеля,2023-06-27,26.0,12.1,19.7,42.75,23.26
Обеля,2023-06-28,25.0,13.8,18.7,42.75,23.26
Обеля,2023-06-29,21.2,12.2,16.9,42.75,23.26
Обеля,2023-06-30,25.6,10.0,18.4,42.75,23.26
Обеля,2023-07-01,27.9,14.1,21.0,42.75,23.26
Обеля,2023-07-02,23.7,15.3,19.6,42.75,23.26
Обеля,2023-07-03,27.3,14.3,20.9,42.75,23.26
Обеля,2023-07-04,28.6,14.0,21.7,42.75,23.26
Обеля,2023-07-05,26.4,15.8,21.0,42.75,23.26
Обеля,2023-07-06,25.4,15.6,20.4,42.75,23.26
Обеля,2023-07-07,26.8,16.4,20.8,42.75,23.26
Обеля,2023-07-08,25.0,15.5,20.3,42.75,23.26
Обеля,2023-07-09,26.7,11.9,19.8,42.75,23.26
Обеля,2023-07-10,28.1,12.5,21.0,42.75,23.26
Обеля,2023-07-11,29.5,13.5,21.9,42.75,23.26
Обеля,2023-07-12,32.6,16.0,24.7,42.75,23.26
Обеля,2023-07-13,36.3,16.9,26.9,42.75,23.26
Обеля,2023-07-14,32.0,18.9,25.7,42.75,23.26
Обеля,2023-07-15,32.0,17.0,24.6,42.75,23.26
Обеля,2023-07-16,32.1,19.4,26.0,42.75,23.26
Обеля,2023-07-17,33.3,20.0,26.5,42.75,23.26
Обеля,2023-07-18,33.4,18.5,26.0,42.75,23.26
Обеля,2023-07-19,33.5,17.4,25.9,42.75,23.26
Обеля,2023-07-20,31.4,17.7,24.8,42.75,23.26
Обеля,2023-07-21,32.7,17.9,24.9,42.75,23.26
Обеля,2023-07-22,35.1,19.6,26.6,42.75,23.26
Обеля,2023-07-23,30.7,19.4,24.6,42.75,23.26
Обеля,2023-07-24,33.0,15.6,24.6,42.75,23.26
Обеля,2023-07-25,38.5,18.1,27.9,42.75,23.26
Обеля,2023-07-26,34.9,20.1,27.2,42.75,23.26
Обеля,2023-07-27,22.6,15.7,19.2,42.75,23.26
Обеля,2023-07-28,28.9,9.9,19.7,42.75,23.26
Обеля,2023-07-29,30.8,13.7,22.4,42.75,23.26
Обеля,2023-07-30,31.7,15.3,24.0,42.75,23.26
Обеля,2023-07-31,27.4,18.6,22.8,42.75,23.26
Обеля,2023-08-01,29.9,14.1,22.6,42.75,23.26
Обеля,2023-08-02,31.0,18.1,24.4,42.75,23.26
Обеля,2023-08-03,35.0,18.5,26.6,42.75,23.26
Обеля,2023-08-04,35.3,19.8,28.1,42.75,23.26
Обеля,2023-08-05,33.7,20.2,27.7,42.75,23.26
Обеля,2023-08-06,26.0,17.2,21.5,42.75,23.26
Обеля,2023-08-07,25.5,14.6,19.5,42.75,23.26
Обеля,2023-08-08,22.6,14.3,18.2,42.75,23.26
Обеля,2023-08-09,26.7,9.1,18.0,42.75,23.26
Обеля,2023-08-10,21.8,16.5,18.7,42.75,23.26
Обеля,2023-08-11,25.4,11.5,18.5,42.75,23.26
Обеля,2023-08-12,26.8,11.6,19.8,42.75,23.26
Обеля,2023-08-13,27.5,15.2,21.6,42.75,23.26
Обеля,2023-08-14,28.7,16.6,23.2,42.75,23.26
Обеля,2023-08-15,25.8,18.9,21.7,42.75,23.26
Обеля,2023-08-16,28.1,18.0,22.7,42.75,23.26
Обеля,2023-08-17,30.9,16.8,24.6,42.75,23.26
Обеля,2023-08-18,32.5,18.7,26.0,42.75,23.26
Обеля,2023-08-19,31.1,19.0,25.2,42.75,23.26
Обеля,2023-08-20,31.9,16.7,25.1,42.75,23.26
Обеля,2023-08-21,33.2,17.3,26.0,42.75,23.26
Обеля,2023-08-22,33.0,17.8,25.7,42.75,23.26
Обеля,2023-08-23,33.2,19.6,26.4,42.75,23.26
Обеля,2023-08-24,31.4,18.4,25.4,42.75,23.26
Обеля,2023-08-25,32.6,17.3,24.5,42.75,23.26
Обеля,2023-08-26,33.3,17.4,25.3,42.75,23.26
Обеля,2023-08-27,33.0,19.3,25.8,42.75,23.26
Обеля,2023-08-28,34.1,18.5,26.0,42.75,23.26
Обеля,2023-08-29,29.3,19.3,23.7,42.75,23.26
Обеля,2023-08-30,29.3,17.0,22.2,42.75,23.26
Обеля,2023-08-31,27.0,14.7,20.7,42.75,23.26
Обеля,2023-09-01,26.9,12.9,19.9,42.75,23.26
Обеля,2023-09-02,27.8,13.1,20.5,42.75,23.26
Обеля,2023-09-03,28.6,12.7,20.7,42.75,23.26
Обеля,2023-09-04,19.4,14.9,15.9,42.75,23.26
Обеля,2023-09-05,21.6,15.0,17.9,42.75,23.26
Обеля,2023-09-06,24.0,14.8,19.5,42.75,23.26
Обеля,2023-09-07,24.3,16.8,20.5,42.75,23.26
Обеля,2023-09-08,24.9,12.5,20.0,42.75,23.26
Обеля,2023-09-09,25.8,12.4,18.9,42.75,23.26
Обеля,2023-09-10,26.1,12.7,19.1,42.75,23.26
Обеля,2023-09-11,26.0,11.5,18.4,42.75,23.26
Обеля,2023-09-12,28.2,11.6,19.3,42.75,23.26
Обеля,2023-09-13,30.9,14.1,21.4,42.75,23.26
Обеля,2023-09-14,30.1,16.2,22.5,42.75,23.26
Обеля,2023-09-15,27.7,14.9,21.0,42.75,23.26
Обеля,2023-09-16,23.0,15.4,18.9,42.75,23.26
Обеля,2023-09-17,24.3,14.7,19.0,42.75,23.26
Обеля,2023-09-18,24.9,14.8,19.4,42.75,23.26
Обеля,2023-09-19,23.9,11.7,18.0,42.75,23.26
Обеля,2023-09-20,26.3,13.9,19.2,42.75,23.26
Обеля,2023-09-21,27.1,14.1,20.1,42.75,23.26
Обеля,2023-09-22,30.2,14.3,21.7,42.75,23.26
Обеля,2023-09-23,32.5,18.1,23.5,42.75,23.26
Обеля,2023-09-24,28.3,16.9,21.8,42.75,23.26
Обеля,2023-09-25,23.8,17.0,19.9,42.75,23.26
Обеля,2023-09-26,23.5,16.0,19.6,42.75,23.26
Обеля,2023-09-27,23.5,14.0,18.7,42.75,23.26
Обеля,2023-09-28,23.5,14.3,18.7,42.75,23.26
Обеля,2023-09-29,24.6,10.5,17.4,42.75,23.26
Обеля,2023-09-30,25.5,9.2,17.1,42.75,23.26
Обеля,2023-10-01,23.9,10.0,16.5,42.75,23.26
Обеля,2023-10-02,22.3,11.8,16.2,42.75,23.26
Обеля,2023-10-03,22.4,7.4,14.6,42.75,23.26
Обеля,2023-10-04,26.1,9.8,16.6,42.75,23.26
Обеля,2023-10-05,24.3,11.1,16.6,42.75,23.26
Обеля,2023-10-06,22.5,10.1,15.8,42.75,23.26
Обеля,2023-10-07,23.4,5.9,13.9,42.75,23.26
Обеля,2023-10-08,24.4,7.2,15.8,42.75,23.26
Обеля,2023-10-09,20.2,10.7,15.2,42.75,23.26
Обеля,2023-10-10,21.0,10.5,15.2,42.75,23.26
Обеля,2023-10-11,21.5,9.7,14.7,42.75,23.26
Обеля,2023-10-12,23.1,7.4,14.9,42.75,23.26
Обеля,2023-10-13,26.2,7.2,16.3,42.75,23.26
Обеля,2023-10-14,25.7,9.1,16.6,42.75,23.26
Обеля,2023-10-15,25.5,9.2,17.0,42.75,23.26
Обеля,2023-10-16,15.6,7.5,11.2,42.75,23.26
Обеля,2023-10-17,12.2,4.1,8.0,42.75,23.26
Обеля,2023-10-18,14.9,6.5,10.3,42.75,23.26
Обеля,2023-10-19,19.7,4.5,10.3,42.75,23.26
Обеля,2023-10-20,27.3,8.9,17.0,42.75,23.26
Обеля,2023-10-21,28.5,10.8,18.2,42.75,23.26
Обеля,2023-10-22,26.1,12.9,18.7,42.75,23.26
Обеля,2023-10-23,23.4,12.3,17.1,42.75,23.26
Обеля,2023-10-24,24.0,9.1,15.5,42.75,23.26
Обеля,2023-10-25,25.5,10.9,17.3,42.75,23.26
Обеля,2023-10-26,23.0,13.3,17.4,42.75,23.26
Обеля,2023-10-27,24.7,13.3,18.8,42.75,23.26
Обеля,2023-10-28,25.0,12.7,17.9,42.75,23.26
Обеля,2023-10-29,22.3,8.8,14.6,42.75,23.26
Обеля,2023-10-30,22.3,9.4,14.2,42.75,23.26
Обеля,2023-10-31,22.7,8.4,14.5,42.75,23.26
Обеля,2023-11-01,18.1,8.9,13.7,42.75,23.26
Обеля,2023-11-02,18.0,7.9,12.0,42.75,23.26
Обеля,2023-11-03,18.2,8.3,12.1,42.75,23.26
Обеля,2023-11-04,13.7,9.1,11.4,42.75,23.26
Обеля,2023-11-05,19.1,5.9,11.7,42.75,23.26
Обеля,2023-11-06,21.0,8.2,14.6,42.75,23.26
Обеля,2023-11-07,18.6,7.0,11.1,42.75,23.26
Обеля,2023-11-08,14.5,7.6,10.4,42.75,23.26
Обеля,2023-11-09,12.0,3.3,7.3,42.75,23.26
Обеля,2023-11-10,12.8,0.8,5.7,42.75,23.26
Обеля,2023-11-11,13.8,5.4,8.9,42.75,23.26
Обеля,2023-11-12,9.3,2.1,6.5,42.75,23.26
Обеля,2023-11-13,12.8,3.3,6.7,42.75,23.26
Обеля,2023-11-14,18.7,1.8,8.2,42.75,23.26
Обеля,2023-11-15,16.1,4.7,9.1,42.75,23.26
Обеля,2023-11-16,12.0,3.4,7.8,42.75,23.26
Обеля,2023-11-17,11.9,2.0,6.4,42.75,23.26
Обеля,2023-11-18,7.3,2.3,3.8,42.75,23.26
Обеля,2023-11-19,4.7,1.2,2.8,42.75,23.26
Обеля,2023-11-20,12.9,-1.9,4.2,42.75,23.26
Обеля,2023-11-21,10.4,-0.5,3.6,42.75,23.26
Обеля,2023-11-22,11.0,1.7,6.6,42.75,23.26
Обеля,2023-11-23,9.8,6.0,8.0,42.75,23.26
Обеля,2023-11-24,13.6,5.7,9.1,42.75,23.26
Обеля,2023-11-25,10.1,0.2,4.1,42.75,23.26
Обеля,2023-11-26,0.0,-3.6,-1.7,42.75,23.26
Обеля,2023-11-27,1.4,-4.2,-2.0,42.75,23.26
Обеля,2023-11-28,1.6,-4.7,-0.7,42.75,23.26
Обеля,2023-11-29,5.1,-1.9,2.4,42.75,23.26
Обеля,2023-11-30,6.1,-3.8,0.0,42.75,23.26
Обеля,2023-12-01,17.5,-0.8,8.4,42.75,23.26
Обеля,2023-12-02,14.9,4.9,10.4,42.75,23.26
Обеля,2023-12-03,9.4,1.0,5.9,42.75,23.26
Обеля,2023-12-04,3.0,-3.5,-0.9,42.75,23.26
Обеля,2023-12-05,3.8,-1.2,0.9,42.75,23.26
Обеля,2023-12-06,4.7,1.5,3.2,42.75,23.26
Обеля,2023-12-07,4.7,1.3,2.8,42.75,23.26
Обеля,2023-12-08,3.2,-0.7,1.2,42.75,23.26
Обеля,2023-12-09,3.3,-3.2,0.6,42.75,23.26
Обеля,2023-12-10,6.1,-4.2,0.1,42.75,23.26
Обеля,2023-12-11,8.7,-0.5,2.7,42.75,23.26
Обеля,2023-12-12,10.6,-0.7,3.9,42.75,23.26
Обеля,2023-12-13,11.3,0.9,4.6,42.75,23.26
Обеля,2023-12-14,13.2,2.8,6.5,42.75,23.26
Обеля,2023-12-15,6.5,2.2,4.8,42.75,23.26
Обеля,2023-12-16,2.2,0.3,1.2,42.75,23.26
Обеля,2023-12-17,4.0,-3.9,-0.5,42.75,23.26
Обеля,2023-12-18,9.6,-4.3,-0.2,42.75,23.26
Обеля,2023-12-19,9.9,-4.8,1.1,42.75,23.26
Обеля,2023-12-20,11.3,-5.1,0.8,42.75,23.26
Обеля,2023-12-21,6.1,-3.8,0.6,42.75,23.26
Обеля,2023-12-22,5.5,-3.2,1.9,42.75,23.26
Обеля,2023-12-23,6.9,-1.3,2.3,42.75,23.26
Обеля,2023-12-24,13.0,2.5,6.0,42.75,23.26
Обеля,2023-12-25,13.7,0.2,4.4,42.75,23.26
Обеля,2023-12-26,14.1,-1.8,3.4,42.75,23.26
Обеля,2023-12-27,12.0,-0.7,3.2,42.75,23.26
Обеля,2023-12-28,11.3,-3.2,2.6,42.75,23.26
Обеля,2023-12-29,11.1,-3.6,2.5,42.75,23.26
Обеля,2023-12-30,10.4,-3.1,1.3,42.75,23.26
Обеля,2023-12-31,8.2,-2.5,2.1,42.75,23.26
Павлово,2023-01-01,10.8,0.9,5.7,42.66,23.29
Павлово,2023-01-02,11.6,3.8,6.5,42.66,23.29
Павлово,2023-01-03,13.2,2.2,6.5,42.66,23.29
Павлово,2023-01-04,7.0,3.5,4.9,42.66,23.29
Павлово,2023-01-05,11.1,3.7,5.6,42.66,23.29
Павлово,2023-01-06,9.1,2.3,5.5,42.66,23.29
Павлово,2023-01-07,9.6,-0.6,4.0,42.66,23.29
Павлово,2023-01-08,8.1,0.5,4.0,42.66,23.29
Павлово,2023-01-09,6.0,-2.3,1.2,42.66,23.29
Павлово,2023-01-10,3.1,-0.8,1.7,42.66,23.29
Павлово,2023-01-11,3.2,-1.6,1.3,42.66,23.29
Павлово,2023-01-12,3.7,1.1,2.1,42.66,23.29
Павлово,2023-01-13,3.8,-0.6,1.9,42.66,23.29
Павлово,2023-01-14,4.3,-2.1,1.4,42.66,23.29
Павлово,2023-01-15,7.1,-0.4,2.6,42.66,23.29
Павлово,2023-01-16,6.3,-0.3,2.0,42.66,23.29
Павлово,2023-01-17,12.4,-0.2,5.4,42.66,23.29
Павлово,2023-01-18,14.1,3.9,8.5,42.66,23.29
Павлово,2023-01-19,16.0,3.5,10.1,42.66,23.29
Павлово,2023-01-20,8.4,0.4,5.2,42.66,23.29
Павлово,2023-01-21,8.1,-2.3,3.0,42.66,23.29
Павлово,2023-01-22,8.4,2.3,5.2,42.66,23.29
Павлово,2023-01-23,6.8,3.8,5.8,42.66,23.29
Павлово,2023-01-24,3.5,-0.4,1.4,42.66,23.29
Павлово,2023-01-25,1.8,-1.3,-0.3,42.66,23.29
Павлово,2023-01-26,0.8,-2.7,-1.3,42.66,23.29
Павлово,2023-01-27,2.2,-1.2,-0.2,42.66,23.29
Павлово,2023-01-28,1.5,-1.9,-0.8,42.66,23.29
Павлово,2023-01-29,0.7,-2.4,-1.0,42.66,23.29
Павлово,2023-01-30,0.9,-3.5,-2.0,42.66,23.29
Павлово,2023-01-31,2.2,-2.5,-0.6,42.66,23.29
Павлово,2023-02-01,5.0,-2.8,0.5,42.66,23.29
Павлово,2023-02-02,6.2,-2.1,1.8,42.66,23.29
Павлово,2023-02-03,2.9,-1.9,0.2,42.66,23.29
Павлово,2023-02-04,3.2,-1.9,1.0,42.66,23.29
Павлово,2023-02-05,-2.2,-6.6,-4.8,42.66,23.29
Павлово,2023-02-06,-3.4,-9.1,-6.0,42.66,23.29
Павлово,2023-02-07,-2.0,-7.6,-5.3,42.66,23.29
Павлово,2023-02-08,-2.5,-8.9,-5.6,42.66,23.29
Павлово,2023-02-09,-0.4,-8.6,-5.7,42.66,23.29
Павлово,2023-02-10,2.3,-8.2,-3.8,42.66,23.29
Павлово,2023-02-11,3.2,-6.6,-2.7,42.66,23.29
Павлово,2023-02-12,2.7,-3.1,-0.8,42.66,23.29
Павлово,2023-02-13,5.2,-3.7,-0.1,42.66,23.29
Павлово,2023-02-14,2.8,-2.0,-0.2,42.66,23.29
Павлово,2023-02-15,5.3,-2.0,1.0,42.66,23.29
Павлово,2023-02-16,11.6,-3.0,2.3,42.66,23.29
Павлово,2023-02-17,13.0,-0.9,4.5,42.66,23.29
Павлово,2023-02-18,14.4,0.2,5.8,42.66,23.29
Павлово,2023-02-19,16.2,2.0,8.0,42.66,23.29
Павлово,2023-02-20,10.6,3.7,6.7,42.66,23.29
Павлово,2023-02-21,16.6,1.1,7.7,42.66,23.29
Павлово,2023-02-22,15.1,3.3,8.2,42.66,23.29
Павлово,2023-02-23,14.4,2.0,7.2,42.66,23.29
Павлово,2023-02-24,11.8,4.0,6.8,42.66,23.29
Павлово,2023-02-25,14.4,2.4,8.4,42.66,23.29
Павлово,2023-02-26,17.1,6.8,11.3,42.66,23.29
Павлово,2023-02-27,12.4,2.8,7.6,42.66,23.29
Павлово,2023-02-28,10.4,3.2,6.2,42.66,23.29
Павлово,2023-03-01,6.7,3.0,4.6,42.66,23.29
Павлово,2023-03-02,6.4,3.0,4.3,42.66,23.29
Павлово,2023-03-03,5.4,2.2,3.5,42.66,23.29
Павлово,2023-03-04,8.4,0.2,3.8,42.66,23.29
Павлово,2023-03-05,8.6,1.0,4.4,42.66,23.29
Павлово,2023-03-06,10.8,-2.2,3.9,42.66,23.29
Павлово,2023-03-07,13.1,0.7,6.3,42.66,23.29
Павлово,2023-03-08,13.1,0.9,7.1,42.66,23.29
Павлово,2023-03-09,17.0,2.5,9.2,42.66,23.29
Павлово,2023-03-10,15.4,5.2,9.3,42.66,23.29
Павлово,2023-03-11,13.6,3.8,8.9,42.66,23.29
Павлово,2023-03-12,6.3,-1.3,2.3,42.66,23.29
Павлово,2023-03-13,9.2,-4.1,2.2,42.66,23.29
Павлово,2023-03-14,14.4,-1.3,6.0,42.66,23.29
Павлово,2023-03-15,11.9,1.1,5.6,42.66,23.29
Павлово,2023-03-16,4.6,-0.2,1.5,42.66,23.29
Павлово,2023-03-17,6.9,-1.0,2.3,42.66,23.29
Павлово,2023-03-18,7.2,-2.5,2.3,42.66,23.29
Павлово,2023-03-19,14.1,-2.3,5.1,42.66,23.29
Павлово,2023-03-20,18.2,2.4,10.2,42.66,23.29
Павлово,2023-03-21,14.6,6.1,10.6,42.66,23.29
Павлово,2023-03-22,11.3,4.9,7.8,42.66,23.29
Павлово,2023-03-23,13.9,2.7,7.7,42.66,23.29
Павлово,2023-03-24,17.8,4.8,10.7,42.66,23.29
Павлово,2023-03-25,18.8,4.6,11.8,42.66,23.29
Павлово,2023-03-26,14.5,5.3,9.4,42.66,23.29
Павлово,2023-03-27,14.2,3.7,8.1,42.66,23.29
Павлово,2023-03-28,4.8,-1.1,1.5,42.66,23.29
Павлово,2023-03-29,6.1,-3.0,1.1,42.66,23.29
Павлово,2023-03-30,13.0,1.5,6.2,42.66,23.29
Павлово,2023-03-31,16.1,4.1,10.0,42.66,23.29
Павлово,2023-04-01,15.4,5.5,9.6,42.66,23.29
Павлово,2023-04-02,14.2,4.3,8.7,42.66,23.29
Павлово,2023-04-03,13.4,2.2,6.7,42.66,23.29
Павлово,2023-04-04,7.7,-0.8,4.1,42.66,23.29
Павлово,2023-04-05,4.0,-1.5,0.7,42.66,23.29
Павлово,2023-04-06,4.8,-2.7,0.7,42.66,23.29
Павлово,2023-04-07,7.5,-1.2,2.8,42.66,23.29
Павлово,2023-04-08,10.3,0.9,5.3,42.66,23.29
Павлово,2023-04-09,9.9,3.2,6.0,42.66,23.29
Павлово,2023-04-10,9.1,2.9,6.0,42.66,23.29
Павлово,2023-04-11,10.9,2.7,6.7,42.66,23.29
Павлово,2023-04-12,11.4,5.1,7.6,42.66,23.29
Павлово,2023-04-13,18.2,0.2,9.4,42.66,23.29
Павлово,2023-04-14,20.0,5.7,10.2,42.66,23.29
Павлово,2023-04-15,15.5,2.8,9.3,42.66,23.29
Павлово,2023-04-16,15.8,6.1,9.9,42.66,23.29
Павлово,2023-04-17,13.8,6.7,9.1,42.66,23.29
Павлово,2023-04-18,12.4,6.8,8.9,42.66,23.29
Павлово,2023-04-19,13.4,5.4,8.6,42.66,23.29
Павлово,2023-04-20,12.4,5.2,8.5,42.66,23.29
Павлово,2023-04-21,14.4,5.5,9.8,42.66,23.29
Павлово,2023-04-22,14.6,4.1,9.6,42.66,23.29
Павлово,2023-04-23,15.9,5.2,9.8,42.66,23.29
Павлово,2023-04-24,18.2,6.3,10.9,42.66,23.29
Павлово,2023-04-25,13.9,7.2,10.6,42.66,23.29
Павлово,2023-04-26,13.1,5.1,8.6,42.66,23.29
Павлово,2023-04-27,10.5,3.0,7.1,42.66,23.29
Павлово,2023-04-28,13.9,1.9,7.1,42.66,23.29
Павлово,2023-04-29,14.1,3.2,9.1,42.66,23.29
Павлово,2023-04-30,15.9,5.1,10.6,42.66,23.29
Павлово,2023-05-01,17.0,5.6,11.3,42.66,23.29
Павлово,2023-05-02,18.1,5.9,12.1,42.66,23.29
Павлово,2023-05-03,16.8,8.1,11.1,42.66,23.29
Павлово,2023-05-04,12.9,7.1,9.9,42.66,23.29
Павлово,2023-05-05,15.4,5.2,10.5,42.66,23.29
Павлово,2023-05-06,16.5,5.7,11.6,42.66,23.29
Павлово,2023-05-07,20.0,9.1,14.2,42.66,23.29
Павлово,2023-05-08,19.5,10.2,13.7,42.66,23.29
Павлово,2023-05-09,12.6,8.4,10.3,42.66,23.29
Павлово,2023-05-10,9.4,6.7,7.9,42.66,23.29
Павлово,2023-05-11,12.4,6.6,9.4,42.66,23.29
Павлово,2023-05-12,13.5,6.1,9.2,42.66,23.29
Павлово,2023-05-13,17.4,6.8,11.8,42.66,23.29
Павлово,2023-05-14,14.4,9.6,11.3,42.66,23.29
Павлово,2023-05-15,16.9,8.6,12.2,42.66,23.29
Павлово,2023-05-16,19.2,10.8,14.2,42.66,23.29
Павлово,2023-05-17,18.1,10.5,13.5,42.66,23.29
Павлово,2023-05-18,13.8,10.1,11.4,42.66,23.29
Павлово,2023-05-19,18.1,6.9,12.7,42.66,23.29
Павлово,2023-05-20,18.6,9.9,14.6,42.66,23.29
Павлово,2023-05-21,18.5,9.3,13.8,42.66,23.29
Павлово,2023-05-22,17.6,8.5,13.4,42.66,23.29
Павлово,2023-05-23,19.7,8.0,14.6,42.66,23.29
Павлово,2023-05-24,21.5,8.2,15.9,42.66,23.29
Павлово,2023-05-25,19.4,11.0,15.7,42.66,23.29
Павлово,2023-05-26,19.5,9.9,14.9,42.66,23.29
Павлово,2023-05-27,19.8,8.4,14.6,42.66,23.29
Павлово,2023-05-28,17.2,9.9,14.2,42.66,23.29
Павлово,2023-05-29,18.9,11.7,14.9,42.66,23.29
Павлово,2023-05-30,20.4,11.6,15.7,42.66,23.29
Павлово,2023-05-31,20.8,10.9,16.1,42.66,23.29
Павлово,2023-06-01,21.1,12.1,16.2,42.66,23.29
Павлово,2023-06-02,21.8,11.9,17.4,42.66,23.29
Павлово,2023-06-03,19.2,11.6,15.9,42.66,23.29
Павлово,2023-06-04,19.1,12.6,15.3,42.66,23.29
Павлово,2023-06-05,20.9,11.6,16.3,42.66,23.29
Павлово,2023-06-06,21.6,10.6,16.3,42.66,23.29
Павлово,2023-06-07,20.9,11.3,16.4,42.66,23.29
Павлово,2023-06-08,23.3,11.1,17.4,42.66,23.29
Павлово,2023-06-09,24.0,11.8,17.6,42.66,23.29
Павлово,2023-06-10,22.1,14.2,17.2,42.66,23.29
Павлово,2023-06-11,22.1,12.8,17.7,42.66,23.29
Павлово,2023-06-12,22.2,14.1,17.2,42.66,23.29
Павлово,2023-06-13,19.0,12.9,15.6,42.66,23.29
Павлово,2023-06-14,21.2,13.2,17.1,42.66,23.29
Павлово,2023-06-15,19.8,13.3,17.0,42.66,23.29
Павлово,2023-06-16,20.6,14.5,17.0,42.66,23.29
Павлово,2023-06-17,18.1,13.4,15.2,42.66,23.29
Павлово,2023-06-18,19.8,13.1,16.0,42.66,23.29
Павлово,2023-06-19,23.4,13.2,18.1,42.66,23.29
Павлово,2023-06-20,23.4,13.4,19.0,42.66,23.29
Павлово,2023-06-21,25.8,15.2,20.7,42.66,23.29
Павлово,2023-06-22,27.2,15.1,21.4,42.66,23.29
Павлово,2023-06-23,28.0,16.8,22.3,42.66,23.29
Павлово,2023-06-24,27.9,17.5,22.1,42.66,23.29
Павлово,2023-06-25,23.1,15.9,18.9,42.66,23.29
Павлово,2023-06-26,22.7,14.9,18.9,42.66,23.29
Павлово,2023-06-27,24.5,13.0,19.3,42.66,23.29
Павлово,2023-06-28,23.9,14.4,18.1,42.66,23.29
Павлово,2023-06-29,20.5,11.6,15.9,42.66,23.29
Павлово,2023-06-30,24.9,11.1,17.9,42.66,23.29
Павлово,2023-07-01,26.6,14.9,20.4,42.66,23.29
Павлово,2023-07-02,22.6,14.8,18.9,42.66,23.29
Павлово,2023-07-03,25.6,15.1,20.4,42.66,23.29
Павлово,2023-07-04,27.2,14.8,21.3,42.66,23.29
Павлово,2023-07-05,25.1,16.2,20.7,42.66,23.29
Павлово,2023-07-06,23.9,15.7,19.8,42.66,23.29
Павлово,2023-07-07,25.0,16.6,20.0,42.66,23.29
Павлово,2023-07-08,23.4,15.1,19.2,42.66,23.29
Павлово,2023-07-09,24.8,13.6,19.6,42.66,23.29
Павлово,2023-07-10,26.7,13.6,20.6,42.66,23.29
Павлово,2023-07-11,28.3,14.4,22.0,42.66,23.29
Павлово,2023-07-12,31.9,17.6,24.5,42.66,23.29
Павлово,2023-07-13,34.3,18.6,26.4,42.66,23.29
Павлово,2023-07-14,30.6,19.8,25.2,42.66,23.29
Павлово,2023-07-15,30.5,19.4,24.6,42.66,23.29
Павлово,2023-07-16,30.9,20.0,25.5,42.66,23.29
Павлово,2023-07-17,31.4,20.5,26.3,42.66,23.29
Павлово,2023-07-18,31.9,20.4,26.5,42.66,23.29
Павлово,2023-07-19,32.0,18.0,25.4,42.66,23.29
Павлово,2023-07-20,30.4,17.9,24.2,42.66,23.29
Павлово,2023-07-21,32.3,18.2,24.7,42.66,23.29
Павлово,2023-07-22,34.4,18.8,26.1,42.66,23.29
Павлово,2023-07-23,29.5,20.1,24.4,42.66,23.29
Павлово,2023-07-24,32.2,17.2,24.9,42.66,23.29
Павлово,2023-07-25,36.7,19.4,27.4,42.66,23.29
Павлово,2023-07-26,33.3,20.0,26.5,42.66,23.29
Павлово,2023-07-27,21.3,14.9,18.0,42.66,23.29
Павлово,2023-07-28,28.2,10.4,19.4,42.66,23.29
Павлово,2023-07-29,29.4,15.9,22.8,42.66,23.29
Павлово,2023-07-30,30.6,16.6,23.9,42.66,23.29
Павлово,2023-07-31,25.9,17.8,21.7,42.66,23.29
Павлово,2023-08-01,29.1,15.1,22.0,42.66,23.29
Павлово,2023-08-02,30.2,18.3,24.1,42.66,23.29
Павлово,2023-08-03,33.5,18.8,26.4,42.66,23.29
Павлово,2023-08-04,33.3,21.4,27.9,42.66,23.29
Павлово,2023-08-05,32.3,19.6,26.0,42.66,23.29
Павлово,2023-08-06,25.2,16.8,20.7,42.66,23.29
Павлово,2023-08-07,25.2,14.1,18.5,42.66,23.29
Павлово,2023-08-08,21.1,13.7,16.8,42.66,23.29
Павлово,2023-08-09,24.9,10.2,17.2,42.66,23.29
Павлово,2023-08-10,20.0,14.8,17.1,42.66,23.29
Павлово,2023-08-11,23.4,11.4,17.3,42.66,23.29
Павлово,2023-08-12,25.1,12.4,18.9,42.66,23.29
Павлово,2023-08-13,25.2,15.2,20.5,42.66,23.29
Павлово,2023-08-14,26.7,15.0,21.5,42.66,23.29
Павлово,2023-08-15,24.3,17.5,20.3,42.66,23.29
Павлово,2023-08-16,26.2,17.0,21.4,42.66,23.29
Павлово,2023-08-17,29.6,16.3,23.0,42.66,23.29
Павлово,2023-08-18,31.1,17.3,24.1,42.66,23.29
Павлово,2023-08-19,29.5,16.9,23.4,42.66,23.29
Павлово,2023-08-20,30.0,17.5,23.7,42.66,23.29
Павлово,2023-08-21,31.5,18.6,25.5,42.66,23.29
Павлово,2023-08-22,31.0,18.8,25.0,42.66,23.29
Павлово,2023-08-23,31.5,20.6,26.1,42.66,23.29
Павлово,2023-08-24,29.7,18.1,24.9,42.66,23.29
Павлово,2023-08-25,31.4,18.0,24.3,42.66,23.29
Павлово,2023-08-26,32.2,18.1,25.2,42.66,23.29
Павлово,2023-08-27,31.1,19.2,24.8,42.66,23.29
Павлово,2023-08-28,32.5,17.9,24.9,42.66,23.29
Павлово,2023-08-29,28.0,17.9,22.5,42.66,23.29
Павлово,2023-08-30,28.5,16.1,21.4,42.66,23.29
Павлово,2023-08-31,26.2,14.7,20.2,42.66,23.29
Павлово,2023-09-01,25.6,13.9,19.6,42.66,23.29
Павлово,2023-09-02,27.0,14.4,20.5,42.66,23.29
Павлово,2023-09-03,27.1,15.7,21.0,42.66,23.29
Павлово,2023-09-04,18.4,14.1,15.0,42.66,23.29
Павлово,2023-09-05,20.2,14.1,16.6,42.66,23.29
Павлово,2023-09-06,22.5,13.9,18.2,42.66,23.29
Павлово,2023-09-07,22.9,15.9,19.3,42.66,23.29
Павлово,2023-09-08,23.4,13.4,18.8,42.66,23.29
Павлово,2023-09-09,24.4,13.6,18.2,42.66,23.29
Павлово,2023-09-10,24.8,14.5,18.9,42.66,23.29
Павлово,2023-09-11,24.5,11.3,17.9,42.66,23.29
Павлово,2023-09-12,26.6,12.9,19.1,42.66,23.29
Павлово,2023-09-13,29.8,15.3,21.6,42.66,23.29
Павлово,2023-09-14,28.5,17.5,22.1,42.66,23.29
Павлово,2023-09-15,26.0,15.6,20.0,42.66,23.29
Павлово,2023-09-16,22.3,15.1,18.3,42.66,23.29
Павлово,2023-09-17,23.0,14.6,18.2,42.66,23.29
Павлово,2023-09-18,23.5,14.2,18.3,42.66,23.29
Павлово,2023-09-19,23.0,13.2,17.3,42.66,23.29
Павлово,2023-09-20,24.8,14.2,18.4,42.66,23.29
Павлово,2023-09-21,26.0,14.4,19.5,42.66,23.29
Павлово,2023-09-22,29.8,13.9,21.0,42.66,23.29
Павлово,2023-09-23,31.2,15.2,22.2,42.66,23.29
Павлово,2023-09-24,27.0,16.0,21.1,42.66,23.29
Павлово,2023-09-25,22.5,16.1,19.0,42.66,23.29
Павлово,2023-09-26,22.1,14.6,18.1,42.66,23.29
Павлово,2023-09-27,22.3,12.9,17.3,42.66,23.29
Павлово,2023-09-28,22.0,12.1,17.2,42.66,23.29
Павлово,2023-09-29,23.3,11.9,17.3,42.66,23.29
Павлово,2023-09-30,23.8,11.0,17.4,42.66,23.29
Павлово,2023-10-01,22.1,12.4,16.3,42.66,23.29
Павлово,2023-10-02,20.9,11.5,15.4,42.66,23.29
Павлово,2023-10-03,21.3,7.8,14.6,42.66,23.29
Павлово,2023-10-04,24.0,11.8,17.2,42.66,23.29
Павлово,2023-10-05,23.4,12.2,16.5,42.66,23.29
Павлово,2023-10-06,20.8,11.7,15.5,42.66,23.29
Павлово,2023-10-07,22.6,7.1,14.2,42.66,23.29
Павлово,2023-10-08,23.2,9.3,16.2,42.66,23.29
Павлово,2023-10-09,19.4,10.6,14.7,42.66,23.29
Павлово,2023-10-10,19.8,10.5,14.9,42.66,23.29
Павлово,2023-10-11,19.5,9.2,13.9,42.66,23.29
Павлово,2023-10-12,22.5,8.9,14.8,42.66,23.29
Павлово,2023-10-13,24.2,10.1,17.1,42.66,23.29
Павлово,2023-10-14,24.5,11.9,17.0,42.66,23.29
Павлово,2023-10-15,24.6,11.1,17.1,42.66,23.29
Павлово,2023-10-16,13.9,7.2,10.0,42.66,23.29
Павлово,2023-10-17,10.9,3.5,7.2,42.66,23.29
Павлово,2023-10-18,14.1,6.8,9.6,42.66,23.29
Павлово,2023-10-19,18.9,5.8,11.0,42.66,23.29
Павлово,2023-10-20,25.9,10.6,17.3,42.66,23.29
Павлово,2023-10-21,27.0,14.9,19.3,42.66,23.29
Павлово,2023-10-22,24.5,14.4,19.0,42.66,23.29
Павлово,2023-10-23,22.4,12.7,16.6,42.66,23.29
Павлово,2023-10-24,23.1,9.9,15.6,42.66,23.29
Павлово,2023-10-25,24.1,12.8,17.7,42.66,23.29
Павлово,2023-10-26,22.0,12.4,16.5,42.66,23.29
Павлово,2023-10-27,23.2,13.1,17.9,42.66,23.29
Павлово,2023-10-28,23.6,12.2,17.5,42.66,23.29
Павлово,2023-10-29,21.2,9.4,14.9,42.66,23.29
Павлово,2023-10-30,21.6,10.5,14.6,42.66,23.29
Павлово,2023-10-31,22.0,6.2,15.0,42.66,23.29
Павлово,2023-11-01,17.5,9.1,13.6,42.66,23.29
Павлово,2023-11-02,17.6,8.1,12.0,42.66,23.29
Павлово,2023-11-03,19.4,8.6,12.7,42.66,23.29
Павлово,2023-11-04,13.1,9.3,11.3,42.66,23.29
Павлово,2023-11-05,17.9,5.1,11.8,42.66,23.29
Павлово,2023-11-06,19.8,10.2,14.1,42.66,23.29
Павлово,2023-11-07,18.2,7.6,11.7,42.66,23.29
Павлово,2023-11-08,13.9,8.2,11.2,42.66,23.29
Павлово,2023-11-09,11.4,3.5,7.2,42.66,23.29
Павлово,2023-11-10,12.9,3.0,7.0,42.66,23.29
Павлово,2023-11-11,13.2,5.6,8.9,42.66,23.29
Павлово,2023-11-12,7.9,1.9,5.9,42.66,23.29
Павлово,2023-11-13,12.1,3.8,6.7,42.66,23.29
Павлово,2023-11-14,18.0,2.0,8.6,42.66,23.29
Павлово,2023-11-15,16.6,5.1,8.9,42.66,23.29
Павлово,2023-11-16,11.2,2.7,7.2,42.66,23.29
Павлово,2023-11-17,11.9,3.8,7.0,42.66,23.29
Павлово,2023-11-18,7.1,1.2,2.8,42.66,23.29
Павлово,2023-11-19,4.2,0.1,2.1,42.66,23.29
Павлово,2023-11-20,12.8,-0.2,4.9,42.66,23.29
Павлово,2023-11-21,10.4,3.1,5.8,42.66,23.29
Павлово,2023-11-22,9.7,5.1,7.0,42.66,23.29
Павлово,2023-11-23,9.4,5.3,7.1,42.66,23.29
Павлово,2023-11-24,12.6,5.2,8.6,42.66,23.29
Павлово,2023-11-25,8.4,-0.8,3.2,42.66,23.29
Павлово,2023-11-26,-1.0,-4.3,-2.6,42.66,23.29
Павлово,2023-11-27,0.6,-3.8,-2.3,42.66,23.29
Павлово,2023-11-28,3.2,-2.8,0.5,42.66,23.29
Павлово,2023-11-29,3.2,-0.9,1.9,42.66,23.29
Павлово,2023-11-30,6.7,-2.3,1.3,42.66,23.29
Павлово,2023-12-01,16.1,1.0,9.1,42.66,23.29
Павлово,2023-12-02,14.9,6.8,10.9,42.66,23.29
Павлово,2023-12-03,10.1,-0.2,5.2,42.66,23.29
Павлово,2023-12-04,2.2,-3.8,-1.5,42.66,23.29
Павлово,2023-12-05,3.8,-1.6,0.8,42.66,23.29
Павлово,2023-12-06,3.8,0.8,2.4,42.66,23.29
Павлово,2023-12-07,3.4,0.2,2.1,42.66,23.29
Павлово,2023-12-08,1.5,-1.5,-0.1,42.66,23.29
Павлово,2023-12-09,2.1,-2.5,-0.7,42.66,23.29
Павлово,2023-12-10,5.9,-2.8,0.5,42.66,23.29
Павлово,2023-12-11,8.2,-1.5,2.6,42.66,23.29
Павлово,2023-12-12,10.1,-1.2,3.6,42.66,23.29
Павлово,2023-12-13,11.1,0.1,5.3,42.66,23.29
Павлово,2023-12-14,13.4,3.8,6.9,42.66,23.29
Павлово,2023-12-15,4.9,1.0,3.6,42.66,23.29
Павлово,2023-12-16,1.1,-2.9,-0.3,42.66,23.29
Павлово,2023-12-17,3.2,-4.0,-1.3,42.66,23.29
Павлово,2023-12-18,9.3,-3.4,1.0,42.66,23.29
Павлово,2023-12-19,9.9,-3.0,2.6,42.66,23.29
Павлово,2023-12-20,10.9,-1.1,3.0,42.66,23.29
Павлово,2023-12-21,5.7,-3.3,1.0,42.66,23.29
Павлово,2023-12-22,5.9,-3.3,2.0,42.66,23.29
Павлово,2023-12-23,7.8,-0.6,2.5,42.66,23.29
Павлово,2023-12-24,12.1,2.3,6.9,42.66,23.29
Павлово,2023-12-25,13.9,0.8,5.2,42.66,23.29
Павлово,2023-12-26,14.1,0.3,4.9,42.66,23.29
Павлово,2023-12-27,10.8,1.8,4.9,42.66,23.29
Павлово,2023-12-28,11.5,0.1,4.8,42.66,23.29
Павлово,2023-12-29,10.9,-1.2,3.3,42.66,23.29
Павлово,2023-12-30,10.1,-0.6,3.4,42.66,23.29
Павлово,2023-12-31,8.5,-0.9,3.7,42.66,23.29
Симеоново,2023-01-01,11.7,4.3,8.6,42.63,23.32
Симеоново,2023-01-02,12.4,6.9,9.8,42.63,23.32
Симеоново,2023-01-03,13.4,6.9,10.1,42.63,23.32
Симеоново,2023-01-04,7.4,5.2,6.2,42.63,23.32
Симеоново,2023-01-05,11.3,4.5,6.2,42.63,23.32
Симеоново,2023-01-06,9.1,3.7,6.1,42.63,23.32
Симеоново,2023-01-07,9.5,0.7,4.5,42.63,23.32
Симеоново,2023-01-08,8.8,1.8,5.4,42.63,23.32
Симеоново,2023-01-09,7.6,-2.1,3.3,42.63,23.32
Симеоново,2023-01-10,4.3,1.8,3.1,42.63,23.32
Симеоново,2023-01-11,3.3,-1.9,1.2,42.63,23.32
Симеоново,2023-01-12,3.5,1.1,2.0,42.63,23.32
Симеоново,2023-01-13,4.1,0.1,2.1,42.63,23.32
Симеоново,2023-01-14,4.8,-1.2,1.5,42.63,23.32
Симеоново,2023-01-15,7.3,-1.3,2.7,42.63,23.32
Симеоново,2023-01-16,6.9,-1.6,2.5,42.63,23.32
Симеоново,2023-01-17,13.1,4.0,7.2,42.63,23.32
Симеоново,2023-01-18,14.5,6.3,9.8,42.63,23.32
Симеоново,2023-01-19,16.1,4.5,9.7,42.63,23.32
Симеоново,2023-01-20,8.9,2.1,5.6,42.63,23.32
Симеоново,2023-01-21,7.6,-0.8,3.5,42.63,23.32
Симеоново,2023-01-22,8.3,4.3,5.9,42.63,23.32
Симеоново,2023-01-23,6.6,3.4,5.5,42.63,23.32
Симеоново,2023-01-24,3.1,-0.1,1.5,42.63,23.32
Симеоново,2023-01-25,1.8,-0.8,-0.1,42.63,23.32
Симеоново,2023-01-26,0.5,-2.5,-1.2,42.63,23.32
Симеоново,2023-01-27,1.6,-1.2,-0.1,42.63,23.32
Симеоново,2023-01-28,1.4,-2.2,-1.0,42.63,23.32
Симеоново,2023-01-29,0.5,-2.6,-1.1,42.63,23.32
Симеоново,2023-01-30,1.2,-3.7,-2.0,42.63,23.32
Симеоново,2023-01-31,1.7,-2.4,-0.5,42.63,23.32
Симеоново,2023-02-01,4.8,-2.5,0.2,42.63,23.32
Симеоново,2023-02-02,5.8,-1.1,1.7,42.63,23.32
Симеоново,2023-02-03,2.8,-2.4,-0.0,42.63,23.32
Симеоново,2023-02-04,3.2,-2.7,0.6,42.63,23.32
Симеоново,2023-02-05,-2.6,-7.0,-5.5,42.63,23.32
Симеоново,2023-02-06,-4.2,-8.8,-6.8,42.63,23.32
Симеоново,2023-02-07,-3.4,-12.0,-6.8,42.63,23.32
Симеоново,2023-02-08,-2.9,-13.6,-6.9,42.63,23.32
Симеоново,2023-02-09,-0.2,-9.0,-5.7,42.63,23.32
Симеоново,2023-02-10,2.4,-8.3,-3.6,42.63,23.32
Симеоново,2023-02-11,3.6,-5.7,-2.0,42.63,23.32
Симеоново,2023-02-12,1.9,-3.3,-1.1,42.63,23.32
Симеоново,2023-02-13,5.1,-5.5,-0.1,42.63,23.32
Симеоново,2023-02-14,2.6,-1.5,0.1,42.63,23.32
Симеоново,2023-02-15,5.6,-1.9,1.2,42.63,23.32
Симеоново,2023-02-16,11.4,-1.9,3.3,42.63,23.32
Симеоново,2023-02-17,12.3,1.1,5.6,42.63,23.32
Симеоново,2023-02-18,14.8,1.8,6.9,42.63,23.32
Симеоново,2023-02-19,16.0,4.0,8.7,42.63,23.32
Симеоново,2023-02-20,10.4,2.9,6.8,42.63,23.32
Симеоново,2023-02-21,16.1,1.7,7.9,42.63,23.32
Симеоново,2023-02-22,14.6,5.1,9.1,42.63,23.32
Симеоново,2023-02-23,14.2,4.8,8.7,42.63,23.32
Симеоново,2023-02-24,11.3,4.4,6.7,42.63,23.32
Симеоново,2023-02-25,14.1,2.6,8.3,42.63,23.32
Симеоново,2023-02-26,17.5,6.2,11.3,42.63,23.32
Симеоново,2023-02-27,11.9,4.4,7.6,42.63,23.32
Симеоново,2023-02-28,10.1,4.6,6.6,42.63,23.32
Симеоново,2023-03-01,6.8,3.4,4.8,42.63,23.32
Симеоново,2023-03-02,5.9,2.9,4.1,42.63,23.32
Симеоново,2023-03-03,5.2,2.5,3.7,42.63,23.32
Симеоново,2023-03-04,7.3,0.9,3.9,42.63,23.32
Симеоново,2023-03-05,8.1,1.2,4.5,42.63,23.32
Симеоново,2023-03-06,10.2,-2.0,3.8,42.63,23.32
Симеоново,2023-03-07,12.4,0.2,5.6,42.63,23.32
Симеоново,2023-03-08,13.0,1.7,6.9,42.63,23.32
Симеоново,2023-03-09,16.1,3.4,9.1,42.63,23.32
Симеоново,2023-03-10,15.1,6.0,9.3,42.63,23.32
Симеоново,2023-03-11,13.2,4.1,8.5,42.63,23.32
Симеоново,2023-03-12,5.4,-1.1,2.3,42.63,23.32
Симеоново,2023-03-13,9.2,-2.8,2.6,42.63,23.32
Симеоново,2023-03-14,14.8,0.4,6.2,42.63,23.32
Симеоново,2023-03-15,11.0,1.6,6.1,42.63,23.32
Симеоново,2023-03-16,4.8,-0.1,1.4,42.63,23.32
Симеоново,2023-03-17,6.4,-0.8,1.8,42.63,23.32
Симеоново,2023-03-18,6.4,-2.1,2.0,42.63,23.32
Симеоново,2023-03-19,13.5,-0.5,5.9,42.63,23.32
Симеоново,2023-03-20,17.9,3.5,10.7,42.63,23.32
Симеоново,2023-03-21,13.6,7.9,11.2,42.63,23.32
Симеоново,2023-03-22,10.7,4.9,7.6,42.63,23.32
Симеоново,2023-03-23,13.2,3.1,7.6,42.63,23.32
Симеоново,2023-03-24,17.2,4.3,10.6,42.63,23.32
Симеоново,2023-03-25,18.9,6.1,11.6,42.63,23.32
Симеоново,2023-03-26,14.1,5.9,9.5,42.63,23.32
Симеоново,2023-03-27,15.3,4.0,8.3,42.63,23.32
Симеоново,2023-03-28,4.7,-1.3,1.3,42.63,23.32
Симеоново,2023-03-29,5.7,-3.1,0.9,42.63,23.32
Симеоново,2023-03-30,12.2,1.6,6.2,42.63,23.32
Симеоново,2023-03-31,15.6,5.0,9.8,42.63,23.32
Симеоново,2023-04-01,16.4,5.7,9.9,42.63,23.32
Симеоново,2023-04-02,13.7,3.8,8.7,42.63,23.32
Симеоново,2023-04-03,13.1,3.7,7.2,42.63,23.32
Симеоново,2023-04-04,7.0,-0.5,4.1,42.63,23.32
Симеоново,2023-04-05,3.9,-1.7,0.7,42.63,23.32
Симеоново,2023-04-06,4.8,-2.9,0.5,42.63,23.32
Симеоново,2023-04-07,7.3,-2.1,2.4,42.63,23.32
Симеоново,2023-04-08,10.0,-0.6,5.0,42.63,23.32
Симеоново,2023-04-09,9.7,3.9,6.2,42.63,23.32
Симеоново,2023-04-10,8.1,3.3,5.5,42.63,23.32
Симеоново,2023-04-11,10.7,3.6,6.7,42.63,23.32
Симеоново,2023-04-12,11.3,5.0,7.5,42.63,23.32
Симеоново,2023-04-13,17.9,2.3,9.6,42.63,23.32
Симеоново,2023-04-14,19.8,4.8,10.6,42.63,23.32
Симеоново,2023-04-15,15.6,3.6,9.4,42.63,23.32
Симеоново,2023-04-16,15.6,7.4,10.5,42.63,23.32
Симеоново,2023-04-17,13.8,7.5,9.2,42.63,23.32
Симеоново,2023-04-18,10.3,7.5,8.5,42.63,23.32
Симеоново,2023-04-19,13.0,6.2,8.6,42.63,23.32
Симеоново,2023-04-20,12.4,5.3,8.5,42.63,23.32
Симеоново,2023-04-21,13.7,5.8,9.7,42.63,23.32
Симеоново,2023-04-22,14.1,6.0,9.8,42.63,23.32
Симеоново,2023-04-23,15.2,4.5,9.7,42.63,23.32
Симеоново,2023-04-24,17.9,4.9,10.7,42.63,23.32
Симеоново,2023-04-25,14.0,7.1,10.6,42.63,23.32
Симеоново,2023-04-26,12.4,4.7,8.4,42.63,23.32
Симеоново,2023-04-27,10.4,3.4,6.9,42.63,23.32
Симеоново,2023-04-28,13.2,2.5,7.0,42.63,23.32
Симеоново,2023-04-29,14.0,4.5,9.5,42.63,23.32
Симеоново,2023-04-30,15.2,6.4,11.0,42.63,23.32
Симеоново,2023-05-01,16.4,6.4,11.3,42.63,23.32
Симеоново,2023-05-02,17.5,7.5,12.3,42.63,23.32
Симеоново,2023-05-03,16.2,8.1,11.0,42.63,23.32
Симеоново,2023-05-04,12.4,7.9,9.8,42.63,23.32
Симеоново,2023-05-05,14.8,5.3,10.3,42.63,23.32
Симеоново,2023-05-06,16.3,6.9,11.6,42.63,23.32
Симеоново,2023-05-07,19.6,8.3,13.7,42.63,23.32
Симеоново,2023-05-08,18.8,9.9,13.6,42.63,23.32
Симеоново,2023-05-09,11.7,8.3,10.0,42.63,23.32
Симеоново,2023-05-10,9.1,6.8,7.7,42.63,23.32
Симеоново,2023-05-11,13.0,6.5,9.3,42.63,23.32
Симеоново,2023-05-12,13.2,6.7,9.2,42.63,23.32
Симеоново,2023-05-13,17.0,7.7,11.7,42.63,23.32
Симеоново,2023-05-14,14.3,10.1,11.6,42.63,23.32
Симеоново,2023-05-15,18.3,9.4,13.5,42.63,23.32
Симеоново,2023-05-16,19.3,12.5,14.8,42.63,23.32
Симеоново,2023-05-17,17.7,11.2,13.8,42.63,23.32
Симеоново,2023-05-18,12.7,10.0,11.0,42.63,23.32
Симеоново,2023-05-19,17.8,8.1,12.8,42.63,23.32
Симеоново,2023-05-20,17.7,10.7,14.2,42.63,23.32
Симеоново,2023-05-21,18.3,10.3,14.0,42.63,23.32
Симеоново,2023-05-22,17.6,9.1,13.6,42.63,23.32
Симеоново,2023-05-23,19.3,9.1,14.6,42.63,23.32
Симеоново,2023-05-24,21.0,10.4,16.4,42.63,23.32
Симеоново,2023-05-25,19.5,11.8,15.8,42.63,23.32
Симеоново,2023-05-26,19.1,10.6,15.0,42.63,23.32
Симеоново,2023-05-27,19.2,9.8,14.9,42.63,23.32
Симеоново,2023-05-28,16.2,10.4,13.9,42.63,23.32
Симеоново,2023-05-29,18.8,12.0,14.8,42.63,23.32
Симеоново,2023-05-30,20.3,11.3,15.7,42.63,23.32
Симеоново,2023-05-31,20.6,11.5,16.3,42.63,23.32
Симеоново,2023-06-01,21.3,12.4,16.5,42.63,23.32
Симеоново,2023-06-02,21.2,13.2,17.3,42.63,23.32
Симеоново,2023-06-03,19.1,13.1,16.2,42.63,23.32
Симеоново,2023-06-04,19.1,12.1,15.4,42.63,23.32
Симеоново,2023-06-05,20.7,11.7,16.3,42.63,23.32
Симеоново,2023-06-06,21.5,11.7,16.6,42.63,23.32
Симеоново,2023-06-07,20.8,12.2,16.8,42.63,23.32
Симеоново,2023-06-08,22.7,11.7,17.6,42.63,23.32
Симеоново,2023-06-09,22.4,12.7,17.8,42.63,23.32
Симеоново,2023-06-10,21.6,14.7,17.0,42.63,23.32
Симеоново,2023-06-11,21.8,13.0,17.4,42.63,23.32
Симеоново,2023-06-12,22.2,13.6,16.9,42.63,23.32
Симеоново,2023-06-13,18.0,13.8,15.7,42.63,23.32
Симеоново,2023-06-14,21.0,13.8,17.0,42.63,23.32
Симеоново,2023-06-15,20.0,14.4,17.1,42.63,23.32
Симеоново,2023-06-16,21.3,15.0,17.1,42.63,23.32
Симеоново,2023-06-17,18.6,13.8,15.2,42.63,23.32
Симеоново,2023-06-18,19.3,13.0,15.9,42.63,23.32
Симеоново,2023-06-19,22.9,14.0,18.3,42.63,23.32
Симеоново,2023-06-20,23.0,13.6,18.8,42.63,23.32
Симеоново,2023-06-21,25.3,15.4,20.7,42.63,23.32
Симеоново,2023-06-22,26.0,16.3,21.5,42.63,23.32
Симеоново,2023-06-23,27.5,18.0,22.7,42.63,23.32
Симеоново,2023-06-24,27.6,17.3,22.0,42.63,23.32
Симеоново,2023-06-25,23.0,16.4,19.1,42.63,23.32
Симеоново,2023-06-26,22.2,15.3,18.7,42.63,23.32
Симеоново,2023-06-27,24.2,13.6,19.4,42.63,23.32
Симеоново,2023-06-28,23.8,14.4,18.3,42.63,23.32
Симеоново,2023-06-29,20.3,12.3,15.9,42.63,23.32
Симеоново,2023-06-30,24.2,12.1,18.2,42.63,23.32
Симеоново,2023-07-01,25.7,15.6,20.8,42.63,23.32
Симеоново,2023-07-02,22.6,15.7,19.0,42.63,23.32
Симеоново,2023-07-03,24.8,15.6,20.3,42.63,23.32
Симеоново,2023-07-04,26.8,16.6,21.9,42.63,23.32
Симеоново,2023-07-05,25.1,18.5,21.0,42.63,23.32
Симеоново,2023-07-06,23.8,16.6,20.0,42.63,23.32
Симеоново,2023-07-07,24.3,17.0,20.1,42.63,23.32
Симеоново,2023-07-08,22.9,15.4,19.2,42.63,23.32
Симеоново,2023-07-09,24.3,14.3,19.7,42.63,23.32
Симеоново,2023-07-10,25.8,14.6,20.8,42.63,23.32
Симеоново,2023-07-11,27.8,15.9,22.3,42.63,23.32
Симеоново,2023-07-12,31.3,19.3,25.2,42.63,23.32
Симеоново,2023-07-13,33.9,21.6,27.9,42.63,23.32
Симеоново,2023-07-14,30.5,21.3,25.6,42.63,23.32
Симеоново,2023-07-15,29.8,20.9,25.1,42.63,23.32
Симеоново,2023-07-16,30.5,19.7,25.3,42.63,23.32
Симеоново,2023-07-17,31.2,21.8,26.2,42.63,23.32
Симеоново,2023-07-18,31.2,22.0,26.9,42.63,23.32
Симеоново,2023-07-19,31.6,19.2,25.6,42.63,23.32
Симеоново,2023-07-20,29.9,19.3,24.8,42.63,23.32
Симеоново,2023-07-21,31.7,19.0,24.9,42.63,23.32
Симеоново,2023-07-22,34.2,19.3,26.2,42.63,23.32
Симеоново,2023-07-23,29.2,21.1,24.9,42.63,23.32
Симеоново,2023-07-24,31.8,19.5,25.2,42.63,23.32
Симеоново,2023-07-25,36.1,20.2,27.8,42.63,23.32
Симеоново,2023-07-26,33.3,20.0,26.6,42.63,23.32
Симеоново,2023-07-27,21.1,15.2,17.9,42.63,23.32
Симеоново,2023-07-28,27.7,11.3,19.4,42.63,23.32
Симеоново,2023-07-29,28.8,16.8,23.1,42.63,23.32
Симеоново,2023-07-30,29.9,19.8,24.6,42.63,23.32
Симеоново,2023-07-31,25.3,18.0,21.4,42.63,23.32
Симеоново,2023-08-01,28.3,16.0,22.0,42.63,23.32
Симеоново,2023-08-02,29.9,18.5,24.0,42.63,23.32
Симеоново,2023-08-03,33.5,20.5,26.9,42.63,23.32
Симеоново,2023-08-04,33.6,22.6,28.1,42.63,23.32
Симеоново,2023-08-05,32.1,20.6,26.2,42.63,23.32
Симеоново,2023-08-06,25.1,17.0,20.8,42.63,23.32
Симеоново,2023-08-07,25.9,14.1,18.5,42.63,23.32
Симеоново,2023-08-08,20.7,13.8,16.7,42.63,23.32
Симеоново,2023-08-09,24.6,10.9,17.5,42.63,23.32
Симеоново,2023-08-10,19.3,15.1,16.9,42.63,23.32
Симеоново,2023-08-11,23.1,12.4,17.4,42.63,23.32
Симеоново,2023-08-12,24.5,13.3,19.0,42.63,23.32
Симеоново,2023-08-13,24.6,16.4,20.7,42.63,23.32
Симеоново,2023-08-14,26.5,15.7,21.3,42.63,23.32
Симеоново,2023-08-15,23.1,17.9,20.3,42.63,23.32
Симеоново,2023-08-16,25.2,17.9,21.3,42.63,23.32
Симеоново,2023-08-17,30.1,18.2,23.3,42.63,23.32
Симеоново,2023-08-18,30.2,18.9,24.2,42.63,23.32
Симеоново,2023-08-19,28.4,17.8,22.9,42.63,23.32
Симеоново,2023-08-20,29.0,17.6,23.6,42.63,23.32
Симеоново,2023-08-21,30.1,20.0,25.5,42.63,23.32
Симеоново,2023-08-22,30.2,19.8,25.4,42.63,23.32
Симеоново,2023-08-23,31.0,20.3,26.2,42.63,23.32
Симеоново,2023-08-24,28.9,19.8,25.3,42.63,23.32
Симеоново,2023-08-25,30.3,19.3,24.2,42.63,23.32
Симеоново,2023-08-26,31.2,19.9,25.2,42.63,23.32
Симеоново,2023-08-27,30.4,19.6,25.0,42.63,23.32
Симеоново,2023-08-28,32.1,19.2,25.0,42.63,23.32
Симеоново,2023-08-29,27.9,19.0,22.7,42.63,23.32
Симеоново,2023-08-30,27.0,16.1,21.2,42.63,23.32
Симеоново,2023-08-31,25.3,16.3,20.1,42.63,23.32
Симеоново,2023-09-01,25.3,14.5,19.6,42.63,23.32
Симеоново,2023-09-02,26.4,16.0,21.0,42.63,23.32
Симеоново,2023-09-03,26.2,17.3,21.7,42.63,23.32
Симеоново,2023-09-04,20.0,13.8,14.9,42.63,23.32
Симеоново,2023-09-05,19.9,14.0,16.2,42.63,23.32
Симеоново,2023-09-06,22.1,14.0,17.9,42.63,23.32
Симеоново,2023-09-07,22.7,15.8,19.1,42.63,23.32
Симеоново,2023-09-08,23.3,14.2,18.9,42.63,23.32
Симеоново,2023-09-09,23.6,13.8,18.1,42.63,23.32
Симеоново,2023-09-10,24.0,13.1,18.2,42.63,23.32
Симеоново,2023-09-11,23.8,12.0,17.8,42.63,23.32
Симеоново,2023-09-12,26.3,14.1,19.7,42.63,23.32
Симеоново,2023-09-13,28.9,16.0,21.6,42.63,23.32
Симеоново,2023-09-14,27.8,17.6,22.3,42.63,23.32
Симеоново,2023-09-15,25.2,16.0,19.7,42.63,23.32
Симеоново,2023-09-16,22.0,15.7,18.2,42.63,23.32
Симеоново,2023-09-17,22.5,15.3,18.2,42.63,23.32
Симеоново,2023-09-18,22.8,15.3,18.3,42.63,23.32
Симеоново,2023-09-19,22.9,12.8,17.7,42.63,23.32
Симеоново,2023-09-20,24.0,15.0,18.7,42.63,23.32
Симеоново,2023-09-21,25.4,16.9,20.5,42.63,23.32
Симеоново,2023-09-22,28.3,14.5,20.7,42.63,23.32
Симеоново,2023-09-23,30.4,16.6,22.5,42.63,23.32
Симеоново,2023-09-24,26.4,18.1,21.6,42.63,23.32
Симеоново,2023-09-25,23.1,16.3,19.1,42.63,23.32
Симеоново,2023-09-26,21.8,14.0,17.7,42.63,23.32
Симеоново,2023-09-27,21.6,13.0,16.9,42.63,23.32
Симеоново,2023-09-28,21.0,12.9,17.0,42.63,23.32
Симеоново,2023-09-29,22.2,12.8,17.3,42.63,23.32
Симеоново,2023-09-30,22.5,12.3,17.4,42.63,23.32
Симеоново,2023-10-01,21.5,12.9,16.4,42.63,23.32
Симеоново,2023-10-02,19.8,11.7,14.9,42.63,23.32
Симеоново,2023-10-03,20.9,9.3,14.9,42.63,23.32
Симеоново,2023-10-04,23.2,13.0,17.8,42.63,23.32
Симеоново,2023-10-05,22.3,12.9,16.9,42.63,23.32
Симеоново,2023-10-06,19.8,12.7,16.0,42.63,23.32
Симеоново,2023-10-07,22.2,8.8,14.5,42.63,23.32
Симеоново,2023-10-08,22.9,10.1,16.4,42.63,23.32
Симеоново,2023-10-09,18.9,11.0,14.8,42.63,23.32
Симеоново,2023-10-10,19.1,11.8,15.3,42.63,23.32
Симеоново,2023-10-11,19.0,9.9,13.8,42.63,23.32
Симеоново,2023-10-12,21.4,8.8,14.4,42.63,23.32
Симеоново,2023-10-13,23.4,14.7,18.1,42.63,23.32
Симеоново,2023-10-14,24.2,14.2,18.4,42.63,23.32
Симеоново,2023-10-15,24.4,12.9,17.8,42.63,23.32
Симеоново,2023-10-16,13.3,7.1,9.8,42.63,23.32
Симеоново,2023-10-17,11.2,4.2,7.8,42.63,23.32
Симеоново,2023-10-18,13.8,6.4,9.6,42.63,23.32
Симеоново,2023-10-19,18.3,5.6,11.0,42.63,23.32
Симеоново,2023-10-20,25.9,9.6,16.2,42.63,23.32
Симеоново,2023-10-21,27.0,12.4,18.5,42.63,23.32
Симеоново,2023-10-22,24.4,13.1,18.5,42.63,23.32
Симеоново,2023-10-23,22.2,13.5,17.2,42.63,23.32
Симеоново,2023-10-24,22.2,13.4,16.8,42.63,23.32
Симеоново,2023-10-25,23.4,11.9,17.2,42.63,23.32
Симеоново,2023-10-26,21.7,11.7,15.9,42.63,23.32
Симеоново,2023-10-27,22.9,11.7,16.7,42.63,23.32
Симеоново,2023-10-28,23.1,11.3,16.4,42.63,23.32
Симеоново,2023-10-29,20.3,11.9,15.2,42.63,23.32
Симеоново,2023-10-30,20.9,11.2,15.4,42.63,23.32
Симеоново,2023-10-31,22.0,6.8,14.1,42.63,23.32
Симеоново,2023-11-01,17.8,10.5,13.7,42.63,23.32
Симеоново,2023-11-02,16.6,9.0,12.8,42.63,23.32
Симеоново,2023-11-03,20.3,8.0,13.6,42.63,23.32
Симеоново,2023-11-04,14.4,7.1,11.5,42.63,23.32
Симеоново,2023-11-05,18.0,4.5,10.7,42.63,23.32
Симеоново,2023-11-06,19.1,8.8,13.3,42.63,23.32
Симеоново,2023-11-07,17.5,9.9,13.5,42.63,23.32
Симеоново,2023-11-08,14.2,8.5,11.2,42.63,23.32
Симеоново,2023-11-09,11.3,2.5,6.6,42.63,23.32
Симеоново,2023-11-10,13.1,2.8,7.5,42.63,23.32
Симеоново,2023-11-11,14.0,7.8,9.8,42.63,23.32
Симеоново,2023-11-12,8.3,2.8,6.1,42.63,23.32
Симеоново,2023-11-13,12.1,4.9,7.6,42.63,23.32
Симеоново,2023-11-14,17.8,4.1,9.9,42.63,23.32
Симеоново,2023-11-15,16.6,6.3,9.7,42.63,23.32
Симеоново,2023-11-16,11.3,3.8,7.4,42.63,23.32
Симеоново,2023-11-17,12.4,4.2,7.8,42.63,23.32
Симеоново,2023-11-18,7.6,1.0,2.7,42.63,23.32
Симеоново,2023-11-19,4.7,0.2,2.1,42.63,23.32
Симеоново,2023-11-20,13.0,2.2,6.3,42.63,23.32
Симеоново,2023-11-21,11.2,4.0,7.3,42.63,23.32
Симеоново,2023-11-22,10.0,4.4,7.7,42.63,23.32
Симеоново,2023-11-23,10.3,6.7,7.7,42.63,23.32
Симеоново,2023-11-24,12.0,5.7,8.8,42.63,23.32
Симеоново,2023-11-25,9.4,-0.5,3.6,42.63,23.32
Симеоново,2023-11-26,-0.9,-5.2,-2.7,42.63,23.32
Симеоново,2023-11-27,2.5,-5.0,-2.7,42.63,23.32
Симеоново,2023-11-28,5.3,-5.2,1.7,42.63,23.32
Симеоново,2023-11-29,4.8,-2.6,2.2,42.63,23.32
Симеоново,2023-11-30,5.1,-4.1,1.5,42.63,23.32
Симеоново,2023-12-01,15.2,1.6,8.2,42.63,23.32
Симеоново,2023-12-02,14.8,5.0,10.0,42.63,23.32
Симеоново,2023-12-03,10.8,0.7,6.1,42.63,23.32
Симеоново,2023-12-04,2.7,-3.2,-0.9,42.63,23.32
Симеоново,2023-12-05,5.3,-0.0,2.1,42.63,23.32
Симеоново,2023-12-06,4.1,1.7,3.1,42.63,23.32
Симеоново,2023-12-07,3.7,0.2,2.5,42.63,23.32
Симеоново,2023-12-08,1.0,-1.1,-0.0,42.63,23.32
Симеоново,2023-12-09,2.6,-1.3,-0.1,42.63,23.32
Симеоново,2023-12-10,5.3,-2.4,1.3,42.63,23.32
Симеоново,2023-12-11,7.8,-0.0,2.7,42.63,23.32
Симеоново,2023-12-12,10.2,0.4,4.5,42.63,23.32
Симеоново,2023-12-13,11.1,1.6,6.4,42.63,23.32
Симеоново,2023-12-14,14.3,5.1,9.0,42.63,23.32
Симеоново,2023-12-15,4.8,1.2,3.8,42.63,23.32
Симеоново,2023-12-16,1.3,-1.9,-0.2,42.63,23.32
Симеоново,2023-12-17,3.7,-4.1,-1.7,42.63,23.32
Симеоново,2023-12-18,5.6,-2.8,0.9,42.63,23.32
Симеоново,2023-12-19,10.3,0.4,5.0,42.63,23.32
Симеоново,2023-12-20,10.1,0.3,6.0,42.63,23.32
Симеоново,2023-12-21,6.0,-1.0,1.8,42.63,23.32
Симеоново,2023-12-22,6.0,-1.0,2.6,42.63,23.32
Симеоново,2023-12-23,8.2,-0.3,2.2,42.63,23.32
Симеоново,2023-12-24,11.9,2.8,6.9,42.63,23.32
Симеоново,2023-12-25,14.4,2.7,7.2,42.63,23.32
Симеоново,2023-12-26,13.8,3.8,8.0,42.63,23.32
Симеоново,2023-12-27,10.7,3.2,6.1,42.63,23.32
Симеоново,2023-12-28,11.5,2.4,7.2,42.63,23.32
Симеоново,2023-12-29,11.0,4.2,8.4,42.63,23.32
Симеоново,2023-12-30,10.1,2.2,5.8,42.63,23.32
Симеоново,2023-12-31,9.1,0.8,5.0,42.63,23.32
Суха река,2023-01-01,10.6,4.0,6.5,42.705,23.37
Суха река,2023-01-02,10.6,2.8,6.3,42.705,23.37
Суха река,2023-01-03,12.4,0.9,5.9,42.705,23.37
Суха река,2023-01-04,8.1,0.5,4.7,42.705,23.37
Суха река,2023-01-05,12.4,1.2,5.7,42.705,23.37
Суха река,2023-01-06,10.4,1.1,5.4,42.705,23.37
Суха река,2023-01-07,9.9,-0.1,4.2,42.705,23.37
Суха река,2023-01-08,8.4,-2.0,2.7,42.705,23.37
Суха река,2023-01-09,5.2,-2.1,0.7,42.705,23.37
Суха река,2023-01-10,4.8,0.3,2.7,42.705,23.37
Суха река,2023-01-11,5.1,-1.2,2.3,42.705,23.37
Суха река,2023-01-12,5.2,2.4,3.6,42.705,23.37
Суха река,2023-01-13,5.6,0.9,3.5,42.705,23.37
Суха река,2023-01-14,5.0,-1.4,1.9,42.705,23.37
Суха река,2023-01-15,7.8,-0.1,3.9,42.705,23.37
Суха река,2023-01-16,6.4,-1.1,1.9,42.705,23.37
Суха река,2023-01-17,14.4,1.8,6.5,42.705,23.37
Суха река,2023-01-18,17.0,5.8,10.1,42.705,23.37
Суха река,2023-01-19,18.5,5.2,10.8,42.705,23.37
Суха река,2023-01-20,10.2,1.8,6.5,42.705,23.37
Суха река,2023-01-21,9.2,-1.6,4.0,42.705,23.37
Суха река,2023-01-22,9.4,4.2,6.8,42.705,23.37
Суха река,2023-01-23,8.2,5.1,7.1,42.705,23.37
Суха река,2023-01-24,4.8,1.0,2.7,42.705,23.37
Суха река,2023-01-25,2.8,0.3,1.1,42.705,23.37
Суха река,2023-01-26,2.3,-1.1,0.2,42.705,23.37
Суха река,2023-01-27,3.4,0.1,1.2,42.705,23.37
Суха река,2023-01-28,3.4,-0.7,0.8,42.705,23.37
Суха река,2023-01-29,2.2,-1.1,0.4,42.705,23.37
Суха река,2023-01-30,2.5,-3.5,-0.8,42.705,23.37
Суха река,2023-01-31,3.3,-2.7,0.6,42.705,23.37
Суха река,2023-02-01,6.6,-1.9,1.4,42.705,23.37
Суха река,2023-02-02,7.7,-1.8,2.1,42.705,23.37
Суха река,2023-02-03,4.5,-2.6,1.1,42.705,23.37
Суха река,2023-02-04,4.7,-0.8,1.8,42.705,23.37
Суха река,2023-02-05,-0.6,-4.8,-3.1,42.705,23.37
Суха река,2023-02-06,-1.6,-7.7,-4.3,42.705,23.37
Суха река,2023-02-07,-0.1,-6.1,-3.6,42.705,23.37
Суха река,2023-02-08,-1.2,-7.4,-4.1,42.705,23.37
Суха река,2023-02-09,1.4,-7.6,-4.2,42.705,23.37
Суха река,2023-02-10,4.0,-7.4,-2.7,42.705,23.37
Суха река,2023-02-11,4.8,-6.4,-1.9,42.705,23.37
Суха река,2023-02-12,4.5,-4.1,0.5,42.705,23.37
Суха река,2023-02-13,6.7,-4.2,0.6,42.705,23.37
Суха река,2023-02-14,4.7,-2.0,0.9,42.705,23.37
Суха река,2023-02-15,7.0,-1.7,2.0,42.705,23.37
Суха река,2023-02-16,12.4,-2.3,3.5,42.705,23.37
Суха река,2023-02-17,14.4,-0.1,4.9,42.705,23.37
Суха река,2023-02-18,16.1,0.3,6.4,42.705,23.37
Суха река,2023-02-19,17.5,2.0,8.5,42.705,23.37
Суха река,2023-02-20,12.4,1.6,7.4,42.705,23.37
Суха река,2023-02-21,17.7,0.8,7.2,42.705,23.37
Суха река,2023-02-22,16.2,2.8,8.7,42.705,23.37
Суха река,2023-02-23,15.6,4.4,8.1,42.705,23.37
Суха река,2023-02-24,12.6,4.2,7.1,42.705,23.37
Суха река,2023-02-25,16.3,0.0,8.1,42.705,23.37
Суха река,2023-02-26,19.9,5.9,12.0,42.705,23.37
Суха река,2023-02-27,12.9,3.4,7.9,42.705,23.37
Суха река,2023-02-28,11.2,3.8,7.3,42.705,23.37
Суха река,2023-03-01,8.2,4.2,5.9,42.705,23.37
Суха река,2023-03-02,7.1,4.2,5.3,42.705,23.37
Суха река,2023-03-03,6.2,3.5,4.5,42.705,23.37
Суха река,2023-03-04,9.0,1.1,4.7,42.705,23.37
Суха река,2023-03-05,10.2,1.8,5.5,42.705,23.37
Суха река,2023-03-06,12.4,-2.6,5.3,42.705,23.37
Суха река,2023-03-07,14.5,-0.3,6.5,42.705,23.37
Суха река,2023-03-08,14.6,2.2,8.1,42.705,23.37
Суха река,2023-03-09,18.6,4.4,10.1,42.705,23.37
Суха река,2023-03-10,16.8,6.3,9.8,42.705,23.37
Суха река,2023-03-11,15.2,5.4,9.5,42.705,23.37
Суха река,2023-03-12,8.3,0.2,4.1,42.705,23.37
Суха река,2023-03-13,10.8,-3.5,3.7,42.705,23.37
Суха река,2023-03-14,15.4,-2.5,5.3,42.705,23.37
Суха река,2023-03-15,12.6,0.3,5.9,42.705,23.37
Суха река,2023-03-16,6.4,1.1,3.0,42.705,23.37
Суха река,2023-03-17,8.8,0.8,3.8,42.705,23.37
Суха река,2023-03-18,8.9,-2.4,3.5,42.705,23.37
Суха река,2023-03-19,15.1,-0.6,6.2,42.705,23.37
Суха река,2023-03-20,19.4,3.3,10.1,42.705,23.37
Суха река,2023-03-21,16.2,7.2,11.1,42.705,23.37
Суха река,2023-03-22,13.1,6.4,9.3,42.705,23.37
Суха река,2023-03-23,15.4,2.5,8.4,42.705,23.37
Суха река,2023-03-24,18.9,4.5,10.5,42.705,23.37
Суха река,2023-03-25,20.2,7.6,12.4,42.705,23.37
Суха река,2023-03-26,15.9,6.2,10.4,42.705,23.37
Суха река,2023-03-27,16.5,3.2,8.6,42.705,23.37
Суха река,2023-03-28,6.2,0.4,3.1,42.705,23.37
Суха река,2023-03-29,7.8,-1.5,2.6,42.705,23.37
Суха река,2023-03-30,14.0,0.2,7.1,42.705,23.37
Суха река,2023-03-31,17.7,5.5,10.9,42.705,23.37
Суха река,2023-04-01,17.2,6.6,10.6,42.705,23.37
Суха река,2023-04-02,15.8,3.8,9.5,42.705,23.37
Суха река,2023-04-03,15.2,4.1,8.5,42.705,23.37
Суха река,2023-04-04,8.6,1.3,6.0,42.705,23.37
Суха река,2023-04-05,5.3,-0.3,2.1,42.705,23.37
Суха река,2023-04-06,6.5,-1.4,2.2,42.705,23.37
Суха река,2023-04-07,9.0,-2.5,3.6,42.705,23.37
Суха река,2023-04-08,11.6,0.7,6.1,42.705,23.37
Суха река,2023-04-09,12.1,4.5,7.7,42.705,23.37
Суха река,2023-04-10,10.6,4.2,7.4,42.705,23.37
Суха река,2023-04-11,13.1,4.5,8.3,42.705,23.37
Суха река,2023-04-12,12.9,5.2,9.0,42.705,23.37
Суха река,2023-04-13,20.3,3.1,10.7,42.705,23.37
Суха река,2023-04-14,20.8,6.4,11.1,42.705,23.37
Суха река,2023-04-15,17.3,3.3,10.7,42.705,23.37
Суха река,2023-04-16,17.4,5.6,11.3,42.705,23.37
Суха река,2023-04-17,15.9,7.4,10.4,42.705,23.37
Суха река,2023-04-18,13.7,8.6,10.4,42.705,23.37
Суха река,2023-04-19,14.9,6.1,10.1,42.705,23.37
Суха река,2023-04-20,14.1,4.9,9.4,42.705,23.37
Суха река,2023-04-21,15.7,4.1,10.5,42.705,23.37
Суха река,2023-04-22,15.9,6.4,10.9,42.705,23.37
Суха река,2023-04-23,16.6,4.5,10.5,42.705,23.37
Суха река,2023-04-24,19.9,5.1,11.3,42.705,23.37
Суха река,2023-04-25,15.3,7.5,11.4,42.705,23.37
Суха река,2023-04-26,14.8,5.4,10.1,42.705,23.37
Суха река,2023-04-27,12.4,4.2,8.8,42.705,23.37
Суха река,2023-04-28,15.9,2.5,8.4,42.705,23.37
Суха река,2023-04-29,15.6,4.4,10.0,42.705,23.37
Суха река,2023-04-30,17.5,7.5,12.6,42.705,23.37
Суха река,2023-05-01,18.8,6.4,12.7,42.705,23.37
Суха река,2023-05-02,19.5,6.8,13.2,42.705,23.37
Суха река,2023-05-03,17.6,9.5,12.3,42.705,23.37
Суха река,2023-05-04,14.6,9.0,11.4,42.705,23.37
Суха река,2023-05-05,17.3,6.1,12.0,42.705,23.37
Суха река,2023-05-06,18.1,6.8,12.9,42.705,23.37
Суха река,2023-05-07,21.5,9.1,14.6,42.705,23.37
Суха река,2023-05-08,20.0,8.9,14.0,42.705,23.37
Суха река,2023-05-09,13.7,9.8,11.6,42.705,23.37
Суха река,2023-05-10,10.7,7.7,9.0,42.705,23.37
Суха река,2023-05-11,13.6,7.4,10.4,42.705,23.37
Суха река,2023-05-12,14.9,6.8,10.1,42.705,23.37
Суха река,2023-05-13,18.5,7.6,12.8,42.705,23.37
Суха река,2023-05-14,14.5,10.8,12.0,42.705,23.37
Суха река,2023-05-15,17.1,9.2,12.8,42.705,23.37
Суха река,2023-05-16,20.5,12.2,15.3,42.705,23.37
Суха река,2023-05-17,19.6,11.4,14.8,42.705,23.37
Суха река,2023-05-18,15.1,11.1,12.7,42.705,23.37
Суха река,2023-05-19,19.9,8.1,14.2,42.705,23.37
Суха река,2023-05-20,20.2,10.8,15.4,42.705,23.37
Суха река,2023-05-21,20.4,11.3,15.3,42.705,23.37
Суха река,2023-05-22,19.8,10.4,15.1,42.705,23.37
Суха река,2023-05-23,21.5,8.2,15.9,42.705,23.37
Суха река,2023-05-24,23.4,7.9,17.1,42.705,23.37
Суха река,2023-05-25,20.8,11.6,16.7,42.705,23.37
Суха река,2023-05-26,20.7,10.1,16.4,42.705,23.37
Суха река,2023-05-27,20.6,9.6,16.1,42.705,23.37
Суха река,2023-05-28,18.9,10.2,15.4,42.705,23.37
Суха река,2023-05-29,20.7,12.8,16.4,42.705,23.37
Суха река,2023-05-30,21.8,12.2,17.1,42.705,23.37
Суха река,2023-05-31,22.3,12.7,17.6,42.705,23.37
Суха река,2023-06-01,23.7,12.8,17.6,42.705,23.37
Суха река,2023-06-02,23.8,13.1,18.4,42.705,23.37
Суха река,2023-06-03,20.8,13.1,17.2,42.705,23.37
Суха река,2023-06-04,20.8,14.0,16.8,42.705,23.37
Суха река,2023-06-05,22.5,11.2,17.2,42.705,23.37
Суха река,2023-06-06,23.3,12.4,17.6,42.705,23.37
Суха река,2023-06-07,22.6,12.4,18.0,42.705,23.37
Суха река,2023-06-08,24.7,12.6,18.8,42.705,23.37
Суха река,2023-06-09,25.0,12.4,18.7,42.705,23.37
Суха река,2023-06-10,23.7,14.7,18.6,42.705,23.37
Суха река,2023-06-11,23.8,14.1,19.0,42.705,23.37
Суха река,2023-06-12,24.6,14.3,18.4,42.705,23.37
Суха река,2023-06-13,19.8,14.3,17.1,42.705,23.37
Суха река,2023-06-14,22.6,14.4,18.5,42.705,23.37
Суха река,2023-06-15,21.5,14.8,18.3,42.705,23.37
Суха река,2023-06-16,23.0,15.7,18.5,42.705,23.37
Суха река,2023-06-17,20.2,14.9,16.7,42.705,23.37
Суха река,2023-06-18,21.6,14.2,17.4,42.705,23.37
Суха река,2023-06-19,25.2,12.5,19.0,42.705,23.37
Суха река,2023-06-20,25.4,12.9,20.0,42.705,23.37
Суха река,2023-06-21,27.3,15.9,21.6,42.705,23.37
Суха река,2023-06-22,28.4,15.8,22.3,42.705,23.37
Суха река,2023-06-23,29.6,17.8,23.4,42.705,23.37
Суха река,2023-06-24,29.2,16.1,22.7,42.705,23.37
Суха река,2023-06-25,25.0,16.9,20.0,42.705,23.37
Суха река,2023-06-26,24.5,16.0,20.3,42.705,23.37
Суха река,2023-06-27,25.7,14.4,20.4,42.705,23.37
Суха река,2023-06-28,25.3,14.7,19.4,42.705,23.37
Суха река,2023-06-29,21.5,12.9,17.2,42.705,23.37
Суха река,2023-06-30,26.0,13.4,19.1,42.705,23.37
Суха река,2023-07-01,27.2,14.8,21.0,42.705,23.37
Суха река,2023-07-02,23.5,15.9,20.0,42.705,23.37
Суха река,2023-07-03,27.1,15.4,21.6,42.705,23.37
Суха река,2023-07-04,28.9,16.6,23.0,42.705,23.37
Суха река,2023-07-05,26.8,19.1,22.1,42.705,23.37
Суха река,2023-07-06,25.8,16.1,21.0,42.705,23.37
Суха река,2023-07-07,26.7,16.8,21.0,42.705,23.37
Суха река,2023-07-08,25.4,16.1,20.8,42.705,23.37
Суха река,2023-07-09,27.1,13.6,20.6,42.705,23.37
Суха река,2023-07-10,28.1,14.5,22.0,42.705,23.37
Суха река,2023-07-11,29.6,15.8,23.4,42.705,23.37
Суха река,2023-07-12,33.2,19.6,26.1,42.705,23.37
Суха река,2023-07-13,36.0,20.6,27.9,42.705,23.37
Суха река,2023-07-14,32.5,19.5,26.5,42.705,23.37
Суха река,2023-07-15,32.2,20.0,25.9,42.705,23.37
Суха река,2023-07-16,32.5,19.5,26.5,42.705,23.37
Суха река,2023-07-17,33.8,21.0,27.9,42.705,23.37
Суха река,2023-07-18,33.5,21.5,27.8,42.705,23.37
Суха река,2023-07-19,33.4,19.0,26.6,42.705,23.37
Суха река,2023-07-20,32.0,18.6,25.5,42.705,23.37
Суха река,2023-07-21,33.4,18.5,25.7,42.705,23.37
Суха река,2023-07-22,36.0,19.1,27.3,42.705,23.37
Суха река,2023-07-23,31.1,20.8,26.0,42.705,23.37
Суха река,2023-07-24,33.5,18.7,26.0,42.705,23.37
Суха река,2023-07-25,38.3,20.2,29.2,42.705,23.37
Суха река,2023-07-26,35.3,20.8,27.4,42.705,23.37
Суха река,2023-07-27,23.0,16.5,19.8,42.705,23.37
Суха река,2023-07-28,29.6,12.9,20.8,42.705,23.37
Суха река,2023-07-29,31.3,16.6,24.4,42.705,23.37
Суха река,2023-07-30,32.0,18.6,25.6,42.705,23.37
Суха река,2023-07-31,28.0,19.3,23.5,42.705,23.37
Суха река,2023-08-01,30.1,16.0,23.2,42.705,23.37
Суха река,2023-08-02,31.6,18.9,25.2,42.705,23.37
Суха река,2023-08-03,35.7,20.0,27.9,42.705,23.37
Суха река,2023-08-04,36.0,22.2,29.5,42.705,23.37
Суха река,2023-08-05,34.0,22.1,28.1,42.705,23.37
Суха река,2023-08-06,26.5,17.5,22.1,42.705,23.37
Суха река,2023-08-07,27.0,15.1,20.2,42.705,23.37
Суха река,2023-08-08,23.1,15.1,18.6,42.705,23.37
Суха река,2023-08-09,27.0,11.2,18.6,42.705,23.37
Суха река,2023-08-10,21.8,16.0,18.5,42.705,23.37
Суха река,2023-08-11,25.6,12.8,19.1,42.705,23.37
Суха река,2023-08-12,27.0,12.6,20.4,42.705,23.37
Суха река,2023-08-13,27.2,18.1,22.5,42.705,23.37
Суха река,2023-08-14,28.5,15.5,22.8,42.705,23.37
Суха река,2023-08-15,25.2,19.2,22.0,42.705,23.37
Суха река,2023-08-16,27.9,18.6,22.9,42.705,23.37
Суха река,2023-08-17,32.0,17.1,24.7,42.705,23.37
Суха река,2023-08-18,33.1,18.2,25.9,42.705,23.37
Суха река,2023-08-19,31.5,18.3,25.0,42.705,23.37
Суха река,2023-08-20,31.9,18.2,25.2,42.705,23.37
Суха река,2023-08-21,33.0,18.5,26.7,42.705,23.37
Суха река,2023-08-22,33.0,19.0,26.5,42.705,23.37
Суха река,2023-08-23,33.2,21.9,27.7,42.705,23.37
Суха река,2023-08-24,31.1,19.2,26.3,42.705,23.37
Суха река,2023-08-25,32.6,19.2,25.4,42.705,23.37
Суха река,2023-08-26,33.5,20.7,26.4,42.705,23.37
Суха река,2023-08-27,33.0,18.5,25.7,42.705,23.37
Суха река,2023-08-28,34.1,17.9,25.6,42.705,23.37
Суха река,2023-08-29,29.5,19.5,23.7,42.705,23.37
Суха река,2023-08-30,28.4,17.1,22.3,42.705,23.37
Суха река,2023-08-31,27.5,16.0,21.3,42.705,23.37
Суха река,2023-09-01,27.8,14.0,20.7,42.705,23.37
Суха река,2023-09-02,28.2,15.1,22.0,42.705,23.37
Суха река,2023-09-03,28.8,16.4,22.3,42.705,23.37
Суха река,2023-09-04,21.1,14.8,16.4,42.705,23.37
Суха река,2023-09-05,22.0,15.5,18.1,42.705,23.37
Суха река,2023-09-06,24.0,13.9,19.5,42.705,23.37
Суха река,2023-09-07,24.6,16.7,20.7,42.705,23.37
Суха река,2023-09-08,24.9,14.1,20.2,42.705,23.37
Суха река,2023-09-09,25.9,14.1,19.4,42.705,23.37
Суха река,2023-09-10,26.1,13.9,19.9,42.705,23.37
Суха река,2023-09-11,26.0,11.0,19.0,42.705,23.37
Суха река,2023-09-12,28.1,13.1,19.8,42.705,23.37
Суха река,2023-09-13,30.6,13.4,21.1,42.705,23.37
Суха река,2023-09-14,30.0,15.9,22.4,42.705,23.37
Суха река,2023-09-15,27.5,15.4,21.0,42.705,23.37
Суха река,2023-09-16,23.5,16.5,19.3,42.705,23.37
Суха река,2023-09-17,24.2,15.9,19.4,42.705,23.37
Суха река,2023-09-18,24.9,15.8,19.8,42.705,23.37
Суха река,2023-09-19,24.3,12.2,18.3,42.705,23.37
Суха река,2023-09-20,26.4,15.0,20.1,42.705,23.37
Суха река,2023-09-21,27.4,15.4,20.5,42.705,23.37
Суха река,2023-09-22,29.5,14.6,21.0,42.705,23.37
Суха река,2023-09-23,32.2,15.6,22.6,42.705,23.37
Суха река,2023-09-24,28.2,17.4,22.2,42.705,23.37
Суха река,2023-09-25,24.1,17.6,20.6,42.705,23.37
Суха река,2023-09-26,23.2,14.2,19.2,42.705,23.37
Суха река,2023-09-27,23.6,13.4,18.3,42.705,23.37
Суха река,2023-09-28,23.4,12.9,18.5,42.705,23.37
Суха река,2023-09-29,24.8,12.4,18.4,42.705,23.37
Суха река,2023-09-30,25.0,10.9,18.3,42.705,23.37
Суха река,2023-10-01,24.0,10.9,17.1,42.705,23.37
Суха река,2023-10-02,22.1,12.6,16.6,42.705,23.37
Суха река,2023-10-03,22.4,9.5,15.6,42.705,23.37
Суха река,2023-10-04,26.0,10.0,17.4,42.705,23.37
Суха река,2023-10-05,24.4,12.0,17.6,42.705,23.37
Суха река,2023-10-06,22.5,11.1,16.9,42.705,23.37
Суха река,2023-10-07,24.0,8.6,15.1,42.705,23.37
Суха река,2023-10-08,24.6,7.8,16.4,42.705,23.37
Суха река,2023-10-09,20.7,11.9,16.3,42.705,23.37
Суха река,2023-10-10,21.4,11.5,16.1,42.705,23.37
Суха река,2023-10-11,21.5,9.3,15.1,42.705,23.37
Суха река,2023-10-12,23.0,6.8,14.3,42.705,23.37
Суха река,2023-10-13,26.2,11.8,17.6,42.705,23.37
Суха река,2023-10-14,25.9,11.8,17.4,42.705,23.37
Суха река,2023-10-15,26.4,12.6,17.8,42.705,23.37
Суха река,2023-10-16,15.7,7.7,11.5,42.705,23.37
Суха река,2023-10-17,12.1,4.8,8.3,42.705,23.37
Суха река,2023-10-18,15.1,5.7,10.5,42.705,23.37
Суха река,2023-10-19,18.6,4.1,10.2,42.705,23.37
Суха река,2023-10-20,27.8,8.1,16.4,42.705,23.37
Суха река,2023-10-21,29.1,9.9,17.7,42.705,23.37
Суха река,2023-10-22,26.6,12.6,18.9,42.705,23.37
Суха река,2023-10-23,23.8,14.6,18.4,42.705,23.37
Суха река,2023-10-24,23.5,12.1,16.6,42.705,23.37
Суха река,2023-10-25,25.9,10.5,17.2,42.705,23.37
Суха река,2023-10-26,23.6,11.6,16.9,42.705,23.37
Суха река,2023-10-27,25.0,12.1,17.8,42.705,23.37
Суха река,2023-10-28,25.3,13.7,18.3,42.705,23.37
Суха река,2023-10-29,22.5,12.1,16.2,42.705,23.37
Суха река,2023-10-30,21.9,10.1,14.5,42.705,23.37
Суха река,2023-10-31,22.7,7.4,14.4,42.705,23.37
Суха река,2023-11-01,18.9,9.9,14.1,42.705,23.37
Суха река,2023-11-02,17.4,9.1,12.6,42.705,23.37
Суха река,2023-11-03,18.7,8.3,12.8,42.705,23.37
Суха река,2023-11-04,13.1,9.6,11.7,42.705,23.37
Суха река,2023-11-05,19.5,4.9,11.4,42.705,23.37
Суха река,2023-11-06,20.8,9.2,14.2,42.705,23.37
Суха река,2023-11-07,18.0,8.1,12.6,42.705,23.37
Суха река,2023-11-08,14.4,7.6,10.6,42.705,23.37
Суха река,2023-11-09,11.9,2.8,7.5,42.705,23.37
Суха река,2023-11-10,12.8,0.9,5.9,42.705,23.37
Суха река,2023-11-11,15.2,5.7,9.6,42.705,23.37
Суха река,2023-11-12,9.1,4.1,6.8,42.705,23.37
Суха река,2023-11-13,12.9,3.6,7.7,42.705,23.37
Суха река,2023-11-14,19.0,4.4,10.5,42.705,23.37
Суха река,2023-11-15,16.6,6.1,10.1,42.705,23.37
Суха река,2023-11-16,12.4,4.4,8.6,42.705,23.37
Суха река,2023-11-17,12.3,2.5,6.9,42.705,23.37
Суха река,2023-11-18,7.6,2.7,4.1,42.705,23.37
Суха река,2023-11-19,5.6,1.4,3.2,42.705,23.37
Суха река,2023-11-20,13.6,0.7,5.9,42.705,23.37
Суха река,2023-11-21,11.0,2.8,5.5,42.705,23.37
Суха река,2023-11-22,11.1,2.0,7.0,42.705,23.37
Суха река,2023-11-23,10.2,5.8,8.1,42.705,23.37
Суха река,2023-11-24,13.1,5.2,8.5,42.705,23.37
Суха река,2023-11-25,8.6,0.4,4.1,42.705,23.37
Суха река,2023-11-26,0.2,-2.7,-1.2,42.705,23.37
Суха река,2023-11-27,3.0,-3.9,-1.0,42.705,23.37
Суха река,2023-11-28,2.4,-5.3,-0.2,42.705,23.37
Суха река,2023-11-29,5.4,-2.0,3.0,42.705,23.37
Суха река,2023-11-30,6.4,-2.6,0.6,42.705,23.37
Суха река,2023-12-01,16.5,0.8,7.8,42.705,23.37
Суха река,2023-12-02,12.4,5.3,8.5,42.705,23.37
Суха река,2023-12-03,8.8,1.5,5.8,42.705,23.37
Суха река,2023-12-04,2.9,-2.5,-0.4,42.705,23.37
Суха река,2023-12-05,4.4,-0.8,1.6,42.705,23.37
Суха река,2023-12-06,4.7,1.8,3.4,42.705,23.37
Суха река,2023-12-07,4.8,1.5,3.1,42.705,23.37
Суха река,2023-12-08,3.2,0.2,1.6,42.705,23.37
Суха река,2023-12-09,3.7,-3.2,1.0,42.705,23.37
Суха река,2023-12-10,5.3,-3.2,0.4,42.705,23.37
Суха река,2023-12-11,8.9,0.2,3.7,42.705,23.37
Суха река,2023-12-12,11.1,1.5,5.3,42.705,23.37
Суха река,2023-12-13,10.2,0.6,5.0,42.705,23.37
Суха река,2023-12-14,13.4,3.5,6.6,42.705,23.37
Суха река,2023-12-15,6.6,2.2,5.2,42.705,23.37
Суха река,2023-12-16,2.7,-0.6,1.5,42.705,23.37
Суха река,2023-12-17,4.3,-3.6,-0.3,42.705,23.37
Суха река,2023-12-18,9.6,-3.0,1.0,42.705,23.37
Суха река,2023-12-19,10.0,-2.8,3.0,42.705,23.37
Суха река,2023-12-20,9.4,-0.3,3.3,42.705,23.37
Суха река,2023-12-21,6.8,-2.5,1.7,42.705,23.37
Суха река,2023-12-22,5.8,-1.2,2.3,42.705,23.37
Суха река,2023-12-23,7.6,-1.6,2.3,42.705,23.37
Суха река,2023-12-24,13.5,2.3,6.9,42.705,23.37
Суха река,2023-12-25,13.7,2.5,7.3,42.705,23.37
Суха река,2023-12-26,13.1,0.8,7.4,42.705,23.37
Суха река,2023-12-27,12.1,0.0,4.2,42.705,23.37
Суха река,2023-12-28,10.3,1.0,5.2,42.705,23.37
Суха река,2023-12-29,10.2,1.6,5.8,42.705,23.37
Суха река,2023-12-30,10.4,1.0,4.1,42.705,23.37
Суха река,2023-12-31,7.8,1.8,4.2,42.705,23.37
Хаджи Димитър,2023-01-01,10.6,4.0,6.5,42.71,23.35
Хаджи Димитър,2023-01-02,10.6,2.8,6.3,42.71,23.35
Хаджи Димитър,2023-01-03,12.4,0.9,5.9,42.71,23.35
Хаджи Димитър,2023-01-04,8.1,0.5,4.7,42.71,23.35
Хаджи Димитър,2023-01-05,12.4,1.2,5.7,42.71,23.35
Хаджи Димитър,2023-01-06,10.4,1.1,5.4,42.71,23.35
Хаджи Димитър,2023-01-07,9.9,-0.1,4.2,42.71,23.35
Хаджи Димитър,2023-01-08,8.4,-2.0,2.7,42.71,23.35
Хаджи Димитър,2023-01-09,5.2,-2.1,0.7,42.71,23.35
Хаджи Димитър,2023-01-10,4.8,0.3,2.7,42.71,23.35
Хаджи Димитър,2023-01-11,5.1,-1.2,2.3,42.71,23.35
Хаджи Димитър,2023-01-12,5.2,2.4,3.6,42.71,23.35
Хаджи Димитър,2023-01-13,5.6,0.9,3.5,42.71,23.35
Хаджи Димитър,2023-01-14,5.0,-1.4,1.9,42.71,23.35
Хаджи Димитър,2023-01-15,7.8,-0.1,3.9,42.71,23.35
Хаджи Димитър,2023-01-16,6.4,-1.1,1.9,42.71,23.35
Хаджи Димитър,2023-01-17,14.4,1.8,6.5,42.71,23.35
Хаджи Димитър,2023-01-18,17.0,5.8,10.1,42.71,23.35
Хаджи Димитър,2023-01-19,18.5,5.2,10.8,42.71,23.35
Хаджи Димитър,2023-01-20,10.2,1.8,6.5,42.71,23.35
Хаджи Димитър,2023-01-21,9.2,-1.6,4.0,42.71,23.35
Хаджи Димитър,2023-01-22,9.4,4.2,6.8,42.71,23.35
Хаджи Димитър,2023-01-23,8.2,5.1,7.1,42.71,23.35
Хаджи Димитър,2023-01-24,4.8,1.0,2.7,42.71,23.35
Хаджи Димитър,2023-01-25,2.8,0.3,1.1,42.71,23.35
Хаджи Димитър,2023-01-26,2.3,-1.1,0.2,42.71,23.35
Хаджи Димитър,2023-01-27,3.4,0.1,1.2,42.71,23.35
Хаджи Димитър,2023-01-28,3.4,-0.7,0.8,42.71,23.35
Хаджи Димитър,2023-01-29,2.2,-1.1,0.4,42.71,23.35
Хаджи Димитър,2023-01-30,2.5,-3.5,-0.8,42.71,23.35
Хаджи Димитър,2023-01-31,3.3,-2.7,0.6,42.71,23.35
Хаджи Димитър,2023-02-01,6.6,-1.9,1.4,42.71,23.35
Хаджи Димитър,2023-02-02,7.7,-1.8,2.1,42.71,23.35
Хаджи Димитър,2023-02-03,4.5,-2.6,1.1,42.71,23.35
Хаджи Димитър,2023-02-04,4.7,-0.8,1.8,42.71,23.35
Хаджи Димитър,2023-02-05,-0.6,-4.8,-3.1,42.71,23.35
Хаджи Димитър,2023-02-06,-1.6,-7.7,-4.3,42.71,23.35
Хаджи Димитър,2023-02-07,-0.1,-6.1,-3.6,42.71,23.35
Хаджи Димитър,2023-02-08,-1.2,-7.4,-4.1,42.71,23.35
Хаджи Димитър,2023-02-09,1.4,-7.6,-4.2,42.71,23.35
Хаджи Димитър,2023-02-10,4.0,-7.4,-2.7,42.71,23.35
Хаджи Димитър,2023-02-11,4.8,-6.4,-1.9,42.71,23.35
Хаджи Димитър,2023-02-12,4.5,-4.1,0.5,42.71,23.35
Хаджи Димитър,2023-02-13,6.7,-4.2,0.6,42.71,23.35
Хаджи Димитър,2023-02-14,4.7,-2.0,0.9,42.71,23.35
Хаджи Димитър,2023-02-15,7.0,-1.7,2.0,42.71,23.35
Хаджи Димитър,2023-02-16,12.4,-2.3,3.5,42.71,23.35
Хаджи Димитър,2023-02-17,14.4,-0.1,4.9,42.71,23.35
Хаджи Димитър,2023-02-18,16.1,0.3,6.4,42.71,23.35
Хаджи Димитър,2023-02-19,17.5,2.0,8.5,42.71,23.35
Хаджи Димитър,2023-02-20,12.4,1.6,7.4,42.71,23.35
Хаджи Димитър,2023-02-21,17.7,0.8,7.2,42.71,23.35
Хаджи Димитър,2023-02-22,16.2,2.8,8.7,42.71,23.35
Хаджи Димитър,2023-02-23,15.6,4.4,8.1,42.71,23.35
Хаджи Димитър,2023-02-24,12.6,4.2,7.1,42.71,23.35
Хаджи Димитър,2023-02-25,16.3,0.0,8.1,42.71,23.35
Хаджи Димитър,2023-02-26,19.9,5.9,12.0,42.71,23.35
Хаджи Димитър,2023-02-27,12.9,3.4,7.9,42.71,23.35
Хаджи Димитър,2023-02-28,11.2,3.8,7.3,42.71,23.35
Хаджи Димитър,2023-03-01,8.2,4.2,5.9,42.71,23.35
Хаджи Димитър,2023-03-02,7.1,4.2,5.3,42.71,23.35
Хаджи Димитър,2023-03-03,6.2,3.5,4.5,42.71,23.35
Хаджи Димитър,2023-03-04,9.0,1.1,4.7,42.71,23.35
Хаджи Димитър,2023-03-05,10.2,1.8,5.5,42.71,23.35
Хаджи Димитър,2023-03-06,12.4,-2.6,5.3,42.71,23.35
Хаджи Димитър,2023-03-07,14.5,-0.3,6.5,42.71,23.35
Хаджи Димитър,2023-03-08,14.6,2.2,8.1,42.71,23.35
Хаджи Димитър,2023-03-09,18.6,4.4,10.1,42.71,23.35
Хаджи Димитър,2023-03-10,16.8,6.3,9.8,42.71,23.35
Хаджи Димитър,2023-03-11,15.2,5.4,9.5,42.71,23.35
Хаджи Димитър,2023-03-12,8.3,0.2,4.1,42.71,23.35
Хаджи Димитър,2023-03-13,10.8,-3.5,3.7,42.71,23.35
Хаджи Димитър,2023-03-14,15.4,-2.5,5.3,42.71,23.35
Хаджи Димитър,2023-03-15,12.6,0.3,5.9,42.71,23.35
Хаджи Димитър,2023-03-16,6.4,1.1,3.0,42.71,23.35
Хаджи Димитър,2023-03-17,8.8,0.8,3.8,42.71,23.35
Хаджи Димитър,2023-03-18,8.9,-2.4,3.5,42.71,23.35
Хаджи Димитър,2023-03-19,15.1,-0.6,6.2,42.71,23.35
Хаджи Димитър,2023-03-20,19.4,3.3,10.1,42.71,23.35
Хаджи Димитър,2023-03-21,16.2,7.2,11.1,42.71,23.35
Хаджи Димитър,2023-03-22,13.1,6.4,9.3,42.71,23.35
Хаджи Димитър,2023-03-23,15.4,2.5,8.4,42.71,23.35
Хаджи Димитър,2023-03-24,18.9,4.5,10.5,42.71,23.35
Хаджи Димитър,2023-03-25,20.2,7.6,12.4,42.71,23.35
Хаджи Димитър,2023-03-26,15.9,6.2,10.4,42.71,23.35
Хаджи Димитър,2023-03-27,16.5,3.2,8.6,42.71,23.35
Хаджи Димитър,2023-03-28,6.2,0.4,3.1,42.71,23.35
Хаджи Димитър,2023-03-29,7.8,-1.5,2.6,42.71,23.35
Хаджи Димитър,2023-03-30,14.0,0.2,7.1,42.71,23.35
Хаджи Димитър,2023-03-31,17.7,5.5,10.9,42.71,23.35
Хаджи Димитър,2023-04-01,17.2,6.6,10.6,42.71,23.35
Хаджи Димитър,2023-04-02,15.8,3.8,9.5,42.71,23.35
Хаджи Димитър,2023-04-03,15.2,4.1,8.5,42.71,23.35
Хаджи Димитър,2023-04-04,8.6,1.3,6.0,42.71,23.35
Хаджи Димитър,2023-04-05,5.3,-0.3,2.1,42.71,23.35
Хаджи Димитър,2023-04-06,6.5,-1.4,2.2,42.71,23.35
Хаджи Димитър,2023-04-07,9.0,-2.5,3.6,42.71,23.35
Хаджи Димитър,2023-04-08,11.6,0.7,6.1,42.71,23.35
Хаджи Димитър,2023-04-09,12.1,4.5,7.7,42.71,23.35
Хаджи Димитър,2023-04-10,10.6,4.2,7.4,42.71,23.35
Хаджи Димитър,2023-04-11,13.1,4.5,8.3,42.71,23.35
Хаджи Димитър,2023-04-12,12.9,5.2,9.0,42.71,23.35
Хаджи Димитър,2023-04-13,20.3,3.1,10.7,42.71,23.35
Хаджи Димитър,2023-04-14,20.8,6.4,11.1,42.71,23.35
Хаджи Димитър,2023-04-15,17.3,3.3,10.7,42.71,23.35
Хаджи Димитър,2023-04-16,17.4,5.6,11.3,42.71,23.35
Хаджи Димитър,2023-04-17,15.9,7.4,10.4,42.71,23.35
Хаджи Димитър,2023-04-18,13.7,8.6,10.4,42.71,23.35
Хаджи Димитър,2023-04-19,14.9,6.1,10.1,42.71,23.35
Хаджи Димитър,2023-04-20,14.1,4.9,9.4,42.71,23.35
Хаджи Димитър,2023-04-21,15.7,4.1,10.5,42.71,23.35
Хаджи Димитър,2023-04-22,15.9,6.4,10.9,42.71,23.35
Хаджи Димитър,2023-04-23,16.6,4.5,10.5,42.71,23.35
Хаджи Димитър,2023-04-24,19.9,5.1,11.3,42.71,23.35
Хаджи Димитър,2023-04-25,15.3,7.5,11.4,42.71,23.35
Хаджи Димитър,2023-04-26,14.8,5.4,10.1,42.71,23.35
Хаджи Димитър,2023-04-27,12.4,4.2,8.8,42.71,23.35
Хаджи Димитър,2023-04-28,15.9,2.5,8.4,42.71,23.35
Хаджи Димитър,2023-04-29,15.6,4.4,10.0,42.71,23.35
Хаджи Димитър,2023-04-30,17.5,7.5,12.6,42.71,23.35
Хаджи Димитър,2023-05-01,18.8,6.4,12.7,42.71,23.35
Хаджи Димитър,2023-05-02,19.5,6.8,13.2,42.71,23.35
Хаджи Димитър,2023-05-03,17.6,9.5,12.3,42.71,23.35
Хаджи Димитър,2023-05-04,14.6,9.0,11.4,42.71,23.35
Хаджи Димитър,2023-05-05,17.3,6.1,12.0,42.71,23.35
Хаджи Димитър,2023-05-06,18.1,6.8,12.9,42.71,23.35
Хаджи Димитър,2023-05-07,21.5,9.1,14.6,42.71,23.35
Хаджи Димитър,2023-05-08,20.0,8.9,14.0,42.71,23.35
Хаджи Димитър,2023-05-09,13.7,9.8,11.6,42.71,23.35
Хаджи Димитър,2023-05-10,10.7,7.7,9.0,42.71,23.35
Хаджи Димитър,2023-05-11,13.6,7.4,10.4,42.71,23.35
Хаджи Димитър,2023-05-12,14.9,6.8,10.1,42.71,23.35
Хаджи Димитър,2023-05-13,18.5,7.6,12.8,42.71,23.35
Хаджи Димитър,2023-05-14,14.5,10.8,12.0,42.71,23.35
Хаджи Димитър,2023-05-15,17.1,9.2,12.8,42.71,23.35
Хаджи Димитър,2023-05-16,20.5,12.2,15.3,42.71,23.35
Хаджи Димитър,2023-05-17,19.6,11.4,14.8,42.71,23.35
Хаджи Димитър,2023-05-18,15.1,11.1,12.7,42.71,23.35
Хаджи Димитър,2023-05-19,19.9,8.1,14.2,42.71,23.35
Хаджи Димитър,2023-05-20,20.2,10.8,15.4,42.71,23.35
Хаджи Димитър,2023-05-21,20.4,11.3,15.3,42.71,23.35
Хаджи Димитър,2023-05-22,19.8,10.4,15.1,42.71,23.35
Хаджи Димитър,2023-05-23,21.5,8.2,15.9,42.71,23.35
Хаджи Димитър,2023-05-24,23.4,7.9,17.1,42.71,23.35
Хаджи Димитър,2023-05-25,20.8,11.6,16.7,42.71,23.35
Хаджи Димитър,2023-05-26,20.7,10.1,16.4,42.71,23.35
Хаджи Димитър,2023-05-27,20.6,9.6,16.1,42.71,23.35
Хаджи Димитър,2023-05-28,18.9,10.2,15.4,42.71,23.35
Хаджи Димитър,2023-05-29,20.7,12.8,16.4,42.71,23.35
Хаджи Димитър,2023-05-30,21.8,12.2,17.1,42.71,23.35
Хаджи Димитър,2023-05-31,22.3,12.7,17.6,42.71,23.35
Хаджи Димитър,2023-06-01,23.7,12.8,17.6,42.71,23.35
Хаджи Димитър,2023-06-02,23.8,13.1,18.4,42.71,23.35
Хаджи Димитър,2023-06-03,20.8,13.1,17.2,42.71,23.35
Хаджи Димитър,2023-06-04,20.8,14.0,16.8,42.71,23.35
Хаджи Димитър,2023-06-05,22.5,11.2,17.2,42.71,23.35
Хаджи Димитър,2023-06-06,23.3,12.4,17.6,42.71,23.35
Хаджи Димитър,2023-06-07,22.6,12.4,18.0,42.71,23.35
Хаджи Димитър,2023-06-08,24.7,12.6,18.8,42.71,23.35
Хаджи Димитър,2023-06-09,25.0,12.4,18.7,42.71,23.35
Хаджи Димитър,2023-06-10,23.7,14.7,18.6,42.71,23.35
Хаджи Димитър,2023-06-11,23.8,14.1,19.0,42.71,23.35
Хаджи Димитър,2023-06-12,24.6,14.3,18.4,42.71,23.35
Хаджи Димитър,2023-06-13,19.8,14.3,17.1,42.71,23.35
Хаджи Димитър,2023-06-14,22.6,14.4,18.5,42.71,23.35
Хаджи Димитър,2023-06-15,21.5,14.8,18.3,42.71,23.35
Хаджи Димитър,2023-06-16,23.0,15.7,18.5,42.71,23.35
Хаджи Димитър,2023-06-17,20.2,14.9,16.7,42.71,23.35
Хаджи Димитър,2023-06-18,21.6,14.2,17.4,42.71,23.35
Хаджи Димитър,2023-06-19,25.2,12.5,19.0,42.71,23.35
Хаджи Димитър,2023-06-20,25.4,12.9,20.0,42.71,23.35
Хаджи Димитър,2023-06-21,27.3,15.9,21.6,42.71,23.35
Хаджи Димитър,2023-06-22,28.4,15.8,22.3,42.71,23.35
Хаджи Димитър,2023-06-23,29.6,17.8,23.4,42.71,23.35
Хаджи Димитър,2023-06-24,29.2,16.1,22.7,42.71,23.35
Хаджи Димитър,2023-06-25,25.0,16.9,20.0,42.71,23.35
Хаджи Димитър,2023-06-26,24.5,16.0,20.3,42.71,23.35
Хаджи Димитър,2023-06-27,25.7,14.4,20.4,42.71,23.35
Хаджи Димитър,2023-06-28,25.3,14.7,19.4,42.71,23.35
Хаджи Димитър,2023-06-29,21.5,12.9,17.2,42.71,23.35
Хаджи Димитър,2023-06-30,26.0,13.4,19.1,42.71,23.35
Хаджи Димитър,2023-07-01,27.2,14.8,21.0,42.71,23.35
Хаджи Димитър,2023-07-02,23.5,15.9,20.0,42.71,23.35
Хаджи Димитър,2023-07-03,27.1,15.4,21.6,42.71,23.35
Хаджи Димитър,2023-07-04,28.9,16.6,23.0,42.71,23.35
Хаджи Димитър,2023-07-05,26.8,19.1,22.1,42.71,23.35
Хаджи Димитър,2023-07-06,25.8,16.1,21.0,42.71,23.35
Хаджи Димитър,2023-07-07,26.7,16.8,21.0,42.71,23.35
Хаджи Димитър,2023-07-08,25.4,16.1,20.8,42.71,23.35
Хаджи Димитър,2023-07-09,27.1,13.6,20.6,42.71,23.35
Хаджи Димитър,2023-07-10,28.1,14.5,22.0,42.71,23.35
Хаджи Димитър,2023-07-11,29.6,15.8,23.4,42.71,23.35
Хаджи Димитър,2023-07-12,33.2,19.6,26.1,42.71,23.35
Хаджи Димитър,2023-07-13,36.0,20.6,27.9,42.71,23.35
Хаджи Димитър,2023-07-14,32.5,19.5,26.5,42.71,23.35
Хаджи Димитър,2023-07-15,32.2,20.0,25.9,42.71,23.35
Хаджи Димитър,2023-07-16,32.5,19.5,26.5,42.71,23.35
Хаджи Димитър,2023-07-17,33.8,21.0,27.9,42.71,23.35
Хаджи Димитър,2023-07-18,33.5,21.5,27.8,42.71,23.35
Хаджи Димитър,2023-07-19,33.4,19.0,26.6,42.71,23.35
Хаджи Димитър,2023-07-20,32.0,18.6,25.5,42.71,23.35
Хаджи Димитър,2023-07-21,33.4,18.5,25.7,42.71,23.35
Хаджи Димитър,2023-07-22,36.0,19.1,27.3,42.71,23.35
Хаджи Димитър,2023-07-23,31.1,20.8,26.0,42.71,23.35
Хаджи Димитър,2023-07-24,33.5,18.7,26.0,42.71,23.35
Хаджи Димитър,2023-07-25,38.3,20.2,29.2,42.71,23.35
Хаджи Димитър,2023-07-26,35.3,20.8,27.4,42.71,23.35
Хаджи Димитър,2023-07-27,23.0,16.5,19.8,42.71,23.35
Хаджи Димитър,2023-07-28,29.6,12.9,20.8,42.71,23.35
Хаджи Димитър,2023-07-29,31.3,16.6,24.4,42.71,23.35
Хаджи Димитър,2023-07-30,32.0,18.6,25.6,42.71,23.35
Хаджи Димитър,2023-07-31,28.0,19.3,23.5,42.71,23.35
Хаджи Димитър,2023-08-01,30.1,16.0,23.2,42.71,23.35
Хаджи Димитър,2023-08-02,31.6,18.9,25.2,42.71,23.35
Хаджи Димитър,2023-08-03,35.7,20.0,27.9,42.71,23.35
Хаджи Димитър,2023-08-04,36.0,22.2,29.5,42.71,23.35
Хаджи Димитър,2023-08-05,34.0,22.1,28.1,42.71,23.35
Хаджи Димитър,2023-08-06,26.5,17.5,22.1,42.71,23.35
Хаджи Димитър,2023-08-07,27.0,15.1,20.2,42.71,23.35
Хаджи Димитър,2023-08-08,23.1,15.1,18.6,42.71,23.35
Хаджи Димитър,2023-08-09,27.0,11.2,18.6,42.71,23.35
Хаджи Димитър,2023-08-10,21.8,16.0,18.5,42.71,23.35
Хаджи Димитър,2023-08-11,25.6,12.8,19.1,42.71,23.35
Хаджи Димитър,2023-08-12,27.0,12.6,20.4,42.71,23.35
Хаджи Димитър,2023-08-13,27.2,18.1,22.5,42.71,23.35
Хаджи Димитър,2023-08-14,28.5,15.5,22.8,42.71,23.35
Хаджи Димитър,2023-08-15,25.2,19.2,22.0,42.71,23.35
Хаджи Димитър,2023-08-16,27.9,18.6,22.9,42.71,23.35
Хаджи Димитър,2023-08-17,32.0,17.1,24.7,42.71,23.35
Хаджи Димитър,2023-08-18,33.1,18.2,25.9,42.71,23.35
Хаджи Димитър,2023-08-19,31.5,18.3,25.0,42.71,23.35
Хаджи Димитър,2023-08-20,31.9,18.2,25.2,42.71,23.35
Хаджи Димитър,2023-08-21,33.0,18.5,26.7,42.71,23.35
Хаджи Димитър,2023-08-22,33.0,19.0,26.5,42.71,23.35
Хаджи Димитър,2023-08-23,33.2,21.9,27.7,42.71,23.35
Хаджи Димитър,2023-08-24,31.1,19.2,26.3,42.71,23.35
Хаджи Димитър,2023-08-25,32.6,19.2,25.4,42.71,23.35
Хаджи Димитър,2023-08-26,33.5,20.7,26.4,42.71,23.35
Хаджи Димитър,2023-08-27,33.0,18.5,25.7,42.71,23.35
Хаджи Димитър,2023-08-28,34.1,17.9,25.6,42.71,23.35
Хаджи Димитър,2023-08-29,29.5,19.5,23.7,42.71,23.35
Хаджи Димитър,2023-08-30,28.4,17.1,22.3,42.71,23.35
Хаджи Димитър,2023-08-31,27.5,16.0,21.3,42.71,23.35
Хаджи Димитър,2023-09-01,27.8,14.0,20.7,42.71,23.35
Хаджи Димитър,2023-09-02,28.2,15.1,22.0,42.71,23.35
Хаджи Димитър,2023-09-03,28.8,16.4,22.3,42.71,23.35
Хаджи Димитър,2023-09-04,21.1,14.8,16.4,42.71,23.35
Хаджи Димитър,2023-09-05,22.0,15.5,18.1,42.71,23.35
Хаджи Димитър,2023-09-06,24.0,13.9,19.5,42.71,23.35
Хаджи Димитър,2023-09-07,24.6,16.7,20.7,42.71,23.35
Хаджи Димитър,2023-09-08,24.9,14.1,20.2,42.71,23.35
Хаджи Димитър,2023-09-09,25.9,14.1,19.4,42.71,23.35
Хаджи Димитър,2023-09-10,26.1,13.9,19.9,42.71,23.35
Хаджи Димитър,2023-09-11,26.0,11.0,19.0,42.71,23.35
Хаджи Димитър,2023-09-12,28.1,13.1,19.8,42.71,23.35
Хаджи Димитър,2023-09-13,30.6,13.4,21.1,42.71,23.35
Хаджи Димитър,2023-09-14,30.0,15.9,22.4,42.71,23.35
Хаджи Димитър,2023-09-15,27.5,15.4,21.0,42.71,23.35
Хаджи Димитър,2023-09-16,23.5,16.5,19.3,42.71,23.35
Хаджи Димитър,2023-09-17,24.2,15.9,19.4,42.71,23.35
Хаджи Димитър,2023-09-18,24.9,15.8,19.8,42.71,23.35
Хаджи Димитър,2023-09-19,24.3,12.2,18.3,42.71,23.35
Хаджи Димитър,2023-09-20,26.4,15.0,20.1,42.71,23.35
Хаджи Димитър,2023-09-21,27.4,15.4,20.5,42.71,23.35
Хаджи Димитър,2023-09-22,29.5,14.6,21.0,42.71,23.35
Хаджи Димитър,2023-09-23,32.2,15.6,22.6,42.71,23.35
Хаджи Димитър,2023-09-24,28.2,17.4,22.2,42.71,23.35
Хаджи Димитър,2023-09-25,24.1,17.6,20.6,42.71,23.35
Хаджи Димитър,2023-09-26,23.2,14.2,19.2,42.71,23.35
Хаджи Димитър,2023-09-27,23.6,13.4,18.3,42.71,23.35
Хаджи Димитър,2023-09-28,23.4,12.9,18.5,42.71,23.35
Хаджи Димитър,2023-09-29,24.8,12.4,18.4,42.71,23.35
Хаджи Димитър,2023-09-30,25.0,10.9,18.3,42.71,23.35
Хаджи Димитър,2023-10-01,24.0,10.9,17.1,42.71,23.35
Хаджи Димитър,2023-10-02,22.1,12.6,16.6,42.71,23.35
Хаджи Димитър,2023-10-03,22.4,9.5,15.6,42.71,23.35
Хаджи Димитър,2023-10-04,26.0,10.0,17.4,42.71,23.35
Хаджи Димитър,2023-10-05,24.4,12.0,17.6,42.71,23.35
Хаджи Димитър,2023-10-06,22.5,11.1,16.9,42.71,23.35
Хаджи Димитър,2023-10-07,24.0,8.6,15.1,42.71,23.35
Хаджи Димитър,2023-10-08,24.6,7.8,16.4,42.71,23.35
Хаджи Димитър,2023-10-09,20.7,11.9,16.3,42.71,23.35
Хаджи Димитър,2023-10-10,21.4,11.5,16.1,42.71,23.35
Хаджи Димитър,2023-10-11,21.5,9.3,15.1,42.71,23.35
Хаджи Димитър,2023-10-12,23.0,6.8,14.3,42.71,23.35
Хаджи Димитър,2023-10-13,26.2,11.8,17.6,42.71,23.35
Хаджи Димитър,2023-10-14,25.9,11.8,17.4,42.71,23.35
Хаджи Димитър,2023-10-15,26.4,12.6,17.8,42.71,23.35
Хаджи Димитър,2023-10-16,15.7,7.7,11.5,42.71,23.35
Хаджи Димитър,2023-10-17,12.1,4.8,8.3,42.71,23.35
Хаджи Димитър,2023-10-18,15.1,5.7,10.5,42.71,23.35
Хаджи Димитър,2023-10-19,18.6,4.1,10.2,42.71,23.35
Хаджи Димитър,2023-10-20,27.8,8.1,16.4,42.71,23.35
Хаджи Димитър,2023-10-21,29.1,9.9,17.7,42.71,23.35
Хаджи Димитър,2023-10-22,26.6,12.6,18.9,42.71,23.35
Хаджи Димитър,2023-10-23,23.8,14.6,18.4,42.71,23.35
Хаджи Димитър,2023-10-24,23.5,12.1,16.6,42.71,23.35
Хаджи Димитър,2023-10-25,25.9,10.5,17.2,42.71,23.35
Хаджи Димитър,2023-10-26,23.6,11.6,16.9,42.71,23.35
Хаджи Димитър,2023-10-27,25.0,12.1,17.8,42.71,23.35
Хаджи Димитър,2023-10-28,25.3,13.7,18.3,42.71,23.35
Хаджи Димитър,2023-10-29,22.5,12.1,16.2,42.71,23.35
Хаджи Димитър,2023-10-30,21.9,10.1,14.5,42.71,23.35
Хаджи Димитър,2023-10-31,22.7,7.4,14.4,42.71,23.35
Хаджи Димитър,2023-11-01,18.9,9.9,14.1,42.71,23.35
Хаджи Димитър,2023-11-02,17.4,9.1,12.6,42.71,23.35
Хаджи Димитър,2023-11-03,18.7,8.3,12.8,42.71,23.35
Хаджи Димитър,2023-11-04,13.1,9.6,11.7,42.71,23.35
Хаджи Димитър,2023-11-05,19.5,4.9,11.4,42.71,23.35
Хаджи Димитър,2023-11-06,20.8,9.2,14.2,42.71,23.35
Хаджи Димитър,2023-11-07,18.0,8.1,12.6,42.71,23.35
Хаджи Димитър,2023-11-08,14.4,7.6,10.6,42.71,23.35
Хаджи Димитър,2023-11-09,11.9,2.8,7.5,42.71,23.35
Хаджи Димитър,2023-11-10,12.8,0.9,5.9,42.71,23.35
Хаджи Димитър,2023-11-11,15.2,5.7,9.6,42.71,23.35
Хаджи Димитър,2023-11-12,9.1,4.1,6.8,42.71,23.35
Хаджи Димитър,2023-11-13,12.9,3.6,7.7,42.71,23.35
Хаджи Димитър,2023-11-14,19.0,4.4,10.5,42.71,23.35
Хаджи Димитър,2023-11-15,16.6,6.1,10.1,42.71,23.35
Хаджи Димитър,2023-11-16,12.4,4.4,8.6,42.71,23.35
Хаджи Димитър,2023-11-17,12.3,2.5,6.9,42.71,23.35
Хаджи Димитър,2023-11-18,7.6,2.7,4.1,42.71,23.35
Хаджи Димитър,2023-11-19,5.6,1.4,3.2,42.71,23.35
Хаджи Димитър,2023-11-20,13.6,0.7,5.9,42.71,23.35
Хаджи Димитър,2023-11-21,11.0,2.8,5.5,42.71,23.35
Хаджи Димитър,2023-11-22,11.1,2.0,7.0,42.71,23.35
Хаджи Димитър,2023-11-23,10.2,5.8,8.1,42.71,23.35
Хаджи Димитър,2023-11-24,13.1,5.2,8.5,42.71,23.35
Хаджи Димитър,2023-11-25,8.6,0.4,4.1,42.71,23.35
Хаджи Димитър,2023-11-26,0.2,-2.7,-1.2,42.71,23.35
Хаджи Димитър,2023-11-27,3.0,-3.9,-1.0,42.71,23.35
Хаджи Димитър,2023-11-28,2.4,-5.3,-0.2,42.71,23.35
Хаджи Димитър,2023-11-29,5.4,-2.0,3.0,42.71,23.35
Хаджи Димитър,2023-11-30,6.4,-2.6,0.6,42.71,23.35
Хаджи Димитър,2023-12-01,16.5,0.8,7.8,42.71,23.35
Хаджи Димитър,2023-12-02,12.4,5.3,8.5,42.71,23.35
Хаджи Димитър,2023-12-03,8.8,1.5,5.8,42.71,23.35
Хаджи Димитър,2023-12-04,2.9,-2.5,-0.4,42.71,23.35
Хаджи Димитър,2023-12-05,4.4,-0.8,1.6,42.71,23.35
Хаджи Димитър,2023-12-06,4.7,1.8,3.4,42.71,23.35
Хаджи Димитър,2023-12-07,4.8,1.5,3.1,42.71,23.35
Хаджи Димитър,2023-12-08,3.2,0.2,1.6,42.71,23.35
Хаджи Димитър,2023-12-09,3.7,-3.2,1.0,42.71,23.35
Хаджи Димитър,2023-12-10,5.3,-3.2,0.4,42.71,23.35
Хаджи Димитър,2023-12-11,8.9,0.2,3.7,42.71,23.35
Хаджи Димитър,2023-12-12,11.1,1.5,5.3,42.71,23.35
Хаджи Димитър,2023-12-13,10.2,0.6,5.0,42.71,23.35
Хаджи Димитър,2023-12-14,13.4,3.5,6.6,42.71,23.35
Хаджи Димитър,2023-12-15,6.6,2.2,5.2,42.71,23.35
Хаджи Димитър,2023-12-16,2.7,-0.6,1.5,42.71,23.35
Хаджи Димитър,2023-12-17,4.3,-3.6,-0.3,42.71,23.35
Хаджи Димитър,2023-12-18,9.6,-3.0,1.0,42.71,23.35
Хаджи Димитър,2023-12-19,10.0,-2.8,3.0,42.71,23.35
Хаджи Димитър,2023-12-20,9.4,-0.3,3.3,42.71,23.35
Хаджи Димитър,2023-12-21,6.8,-2.5,1.7,42.71,23.35
Хаджи Димитър,2023-12-22,5.8,-1.2,2.3,42.71,23.35
Хаджи Димитър,2023-12-23,7.6,-1.6,2.3,42.71,23.35
Хаджи Димитър,2023-12-24,13.5,2.3,6.9,42.71,23.35
Хаджи Димитър,2023-12-25,13.7,2.5,7.3,42.71,23.35
Хаджи Димитър,2023-12-26,13.1,0.8,7.4,42.71,23.35
Хаджи Димитър,2023-12-27,12.1,0.0,4.2,42.71,23.35
Хаджи Димитър,2023-12-28,10.3,1.0,5.2,42.71,23.35
Хаджи Димитър,2023-12-29,10.2,1.6,5.8,42.71,23.35
Хаджи Димитър,2023-12-30,10.4,1.0,4.1,42.71,23.35
Хаджи Димитър,2023-12-31,7.8,1.8,4.2,42.71,23.35
Център,2023-01-01,10.3,3.6,6.2,42.695,23.325
Център,2023-01-02,10.3,2.5,6.0,42.695,23.325
Център,2023-01-03,12.1,0.5,5.5,42.695,23.325
Център,2023-01-04,7.8,0.2,4.4,42.695,23.325
Център,2023-01-05,12.0,0.9,5.3,42.695,23.325
Център,2023-01-06,10.1,0.8,5.1,42.695,23.325
Център,2023-01-07,9.6,-0.4,3.9,42.695,23.325
Център,2023-01-08,8.0,-2.3,2.4,42.695,23.325
Център,2023-01-09,4.8,-2.4,0.4,42.695,23.325
Център,2023-01-10,4.5,-0.0,2.4,42.695,23.325
Център,2023-01-11,4.7,-1.5,2.0,42.695,23.325
Център,2023-01-12,4.9,2.1,3.3,42.695,23.325
Център,2023-01-13,5.2,0.6,3.2,42.695,23.325
Център,2023-01-14,4.7,-1.7,1.6,42.695,23.325
Център,2023-01-15,7.5,-0.4,3.5,42.695,23.325
Център,2023-01-16,6.1,-1.4,1.6,42.695,23.325
Център,2023-01-17,14.0,1.4,6.2,42.695,23.325
Център,2023-01-18,16.6,5.5,9.8,42.695,23.325
Център,2023-01-19,18.1,4.9,10.5,42.695,23.325
Център,2023-01-20,9.9,1.5,6.2,42.695,23.325
Център,2023-01-21,8.9,-2.0,3.7,42.695,23.325
Център,2023-01-22,9.1,3.9,6.5,42.695,23.325
Център,2023-01-23,7.9,4.8,6.8,42.695,23.325
Център,2023-01-24,4.4,0.7,2.4,42.695,23.325
Център,2023-01-25,2.4,0.0,0.8,42.695,23.325
Център,2023-01-26,2.0,-1.5,-0.1,42.695,23.325
Център,2023-01-27,3.1,-0.3,0.9,42.695,23.325
Център,2023-01-28,3.1,-1.0,0.5,42.695,23.325
Център,2023-01-29,1.9,-1.4,0.1,42.695,23.325
Център,2023-01-30,2.2,-3.8,-1.1,42.695,23.325
Център,2023-01-31,3.0,-3.0,0.3,42.695,23.325
Център,2023-02-01,6.2,-2.2,1.1,42.695,23.325
Център,2023-02-02,7.4,-2.1,1.8,42.695,23.325
Център,2023-02-03,4.2,-2.9,0.8,42.695,23.325
Център,2023-02-04,4.4,-1.1,1.5,42.695,23.325
Център,2023-02-05,-0.9,-5.2,-3.5,42.695,23.325
Център,2023-02-06,-2.0,-8.0,-4.6,42.695,23.325
Център,2023-02-07,-0.4,-6.4,-3.9,42.695,23.325
Център,2023-02-08,-1.5,-7.7,-4.4,42.695,23.325
Център,2023-02-09,1.0,-7.9,-4.5,42.695,23.325
Център,2023-02-10,3.6,-7.8,-3.0,42.695,23.325
Център,2023-02-11,4.4,-6.8,-2.2,42.695,23.325
Център,2023-02-12,4.2,-4.4,0.2,42.695,23.325
Център,2023-02-13,6.4,-4.5,0.3,42.695,23.325
Център,2023-02-14,4.4,-2.3,0.6,42.695,23.325
Център,2023-02-15,6.7,-2.0,1.6,42.695,23.325
Център,2023-02-16,12.1,-2.6,3.2,42.695,23.325
Център,2023-02-17,14.1,-0.4,4.6,42.695,23.325
Център,2023-02-18,15.8,0.0,6.1,42.695,23.325
Център,2023-02-19,17.1,1.7,8.2,42.695,23.325
Център,2023-02-20,12.0,1.3,7.1,42.695,23.325
Център,2023-02-21,17.4,0.5,6.9,42.695,23.325
Център,2023-02-22,15.9,2.5,8.4,42.695,23.325
Център,2023-02-23,15.3,4.1,7.8,42.695,23.325
Център,2023-02-24,12.3,3.8,6.7,42.695,23.325
Център,2023-02-25,16.0,-0.3,7.8,42.695,23.325
Център,2023-02-26,19.5,5.6,11.7,42.695,23.325
Център,2023-02-27,12.6,3.1,7.5,42.695,23.325
Център,2023-02-28,10.9,3.5,7.0,42.695,23.325
Център,2023-03-01,7.9,3.8,5.6,42.695,23.325
Център,2023-03-02,6.8,3.8,5.0,42.695,23.325
Център,2023-03-03,5.8,3.1,4.2,42.695,23.325
Център,2023-03-04,8.7,0.8,4.4,42.695,23.325
Център,2023-03-05,9.9,1.5,5.2,42.695,23.325
Център,2023-03-06,12.1,-2.9,5.0,42.695,23.325
Център,2023-03-07,14.2,-0.7,6.2,42.695,23.325
Център,2023-03-08,14.3,1.8,7.8,42.695,23.325
Център,2023-03-09,18.3,4.1,9.8,42.695,23.325
Център,2023-03-10,16.5,6.0,9.5,42.695,23.325
Център,2023-03-11,14.9,5.1,9.2,42.695,23.325
Център,2023-03-12,8.0,-0.1,3.8,42.695,23.325
Център,2023-03-13,10.4,-3.8,3.4,42.695,23.325
Център,2023-03-14,15.1,-2.8,5.0,42.695,23.325
Център,2023-03-15,12.3,0.0,5.6,42.695,23.325
Център,2023-03-16,6.1,0.8,2.7,42.695,23.325
Център,2023-03-17,8.4,0.4,3.5,42.695,23.325
Център,2023-03-18,8.6,-2.7,3.2,42.695,23.325
Център,2023-03-19,14.7,-1.0,5.9,42.695,23.325
Център,2023-03-20,19.1,3.0,9.8,42.695,23.325
Център,2023-03-21,15.9,6.9,10.8,42.695,23.325
Център,2023-03-22,12.8,6.1,9.0,42.695,23.325
Център,2023-03-23,15.1,2.1,8.1,42.695,23.325
Център,2023-03-24,18.5,4.2,10.2,42.695,23.325
Център,2023-03-25,19.9,7.2,12.1,42.695,23.325
Център,2023-03-26,15.6,5.9,10.1,42.695,23.325
Център,2023-03-27,16.2,2.9,8.3,42.695,23.325
Център,2023-03-28,5.9,0.1,2.8,42.695,23.325
Център,2023-03-29,7.4,-1.8,2.3,42.695,23.325
Център,2023-03-30,13.7,-0.1,6.8,42.695,23.325
Център,2023-03-31,17.4,5.2,10.6,42.695,23.325
Център,2023-04-01,16.9,6.2,10.3,42.695,23.325
Център,2023-04-02,15.5,3.5,9.2,42.695,23.325
Център,2023-04-03,14.9,3.8,8.2,42.695,23.325
Център,2023-04-04,8.3,1.0,5.7,42.695,23.325
Център,2023-04-05,5.0,-0.6,1.8,42.695,23.325
Център,2023-04-06,6.2,-1.7,1.9,42.695,23.325
Център,2023-04-07,8.7,-2.8,3.3,42.695,23.325
Център,2023-04-08,11.2,0.4,5.8,42.695,23.325
Център,2023-04-09,11.8,4.2,7.4,42.695,23.325
Център,2023-04-10,10.3,3.9,7.1,42.695,23.325
Център,2023-04-11,12.8,4.2,8.0,42.695,23.325
Център,2023-04-12,12.6,4.8,8.7,42.695,23.325
Център,2023-04-13,20.0,2.8,10.4,42.695,23.325
Център,2023-04-14,20.4,6.1,10.8,42.695,23.325
Център,2023-04-15,17.0,3.0,10.4,42.695,23.325
Център,2023-04-16,17.1,5.3,11.0,42.695,23.325
Център,2023-04-17,15.5,7.1,10.1,42.695,23.325
Център,2023-04-18,13.4,8.3,10.1,42.695,23.325
Център,2023-04-19,14.6,5.8,9.8,42.695,23.325
Център,2023-04-20,13.8,4.6,9.1,42.695,23.325
Център,2023-04-21,15.4,3.8,10.2,42.695,23.325
Център,2023-04-22,15.5,6.1,10.6,42.695,23.325
Център,2023-04-23,16.3,4.2,10.2,42.695,23.325
Център,2023-04-24,19.5,4.8,11.0,42.695,23.325
Център,2023-04-25,15.0,7.2,11.1,42.695,23.325
Център,2023-04-26,14.5,5.1,9.8,42.695,23.325
Център,2023-04-27,12.1,3.8,8.5,42.695,23.325
Център,2023-04-28,15.5,2.2,8.1,42.695,23.325
Център,2023-04-29,15.3,4.1,9.7,42.695,23.325
Център,2023-04-30,17.2,7.2,12.3,42.695,23.325
Център,2023-05-01,18.5,6.1,12.4,42.695,23.325
Център,2023-05-02,19.1,6.4,12.9,42.695,23.325
Център,2023-05-03,17.3,9.2,12.0,42.695,23.325
Център,2023-05-04,14.3,8.7,11.1,42.695,23.325
Център,2023-05-05,17.0,5.8,11.7,42.695,23.325
Център,2023-05-06,17.8,6.5,12.6,42.695,23.325
Център,2023-05-07,21.1,8.7,14.3,42.695,23.325
Център,2023-05-08,19.7,8.6,13.7,42.695,23.325
Център,2023-05-09,13.4,9.5,11.3,42.695,23.325
Център,2023-05-10,10.4,7.4,8.7,42.695,23.325
Център,2023-05-11,13.3,7.1,10.1,42.695,23.325
Център,2023-05-12,14.5,6.5,9.8,42.695,23.325
Център,2023-05-13,18.2,7.2,12.4,42.695,23.325
Център,2023-05-14,14.2,10.4,11.7,42.695,23.325
Център,2023-05-15,16.8,8.9,12.5,42.695,23.325
Център,2023-05-16,20.2,11.9,15.0,42.695,23.325
Център,2023-05-17,19.3,11.1,14.4,42.695,23.325
Център,2023-05-18,14.8,10.7,12.4,42.695,23.325
Център,2023-05-19,19.5,7.7,13.9,42.695,23.325
Център,2023-05-20,19.9,10.4,15.1,42.695,23.325
Център,2023-05-21,20.1,11.0,15.0,42.695,23.325
Център,2023-05-22,19.5,10.1,14.8,42.695,23.325
Център,2023-05-23,21.1,7.9,15.6,42.695,23.325
Център,2023-05-24,23.1,7.6,16.8,42.695,23.325
Център,2023-05-25,20.4,11.2,16.4,42.695,23.325
Център,2023-05-26,20.4,9.8,16.1,42.695,23.325
Център,2023-05-27,20.3,9.2,15.8,42.695,23.325
Център,2023-05-28,18.5,9.9,15.1,42.695,23.325
Център,2023-05-29,20.4,12.4,16.1,42.695,23.325
Център,2023-05-30,21.4,11.9,16.8,42.695,23.325
Център,2023-05-31,22.0,12.4,17.3,42.695,23.325
Център,2023-06-01,23.4,12.4,17.3,42.695,23.325
Център,2023-06-02,23.4,12.8,18.1,42.695,23.325
Център,2023-06-03,20.4,12.8,16.9,42.695,23.325
Център,2023-06-04,20.4,13.7,16.5,42.695,23.325
Център,2023-06-05,22.2,10.9,16.9,42.695,23.325
Център,2023-06-06,23.0,12.1,17.3,42.695,23.325
Център,2023-06-07,22.3,12.1,17.7,42.695,23.325
Център,2023-06-08,24.4,12.3,18.5,42.695,23.325
Център,2023-06-09,24.7,12.0,18.4,42.695,23.325
Център,2023-06-10,23.4,14.4,18.3,42.695,23.325
Център,2023-06-11,23.5,13.8,18.6,42.695,23.325
Център,2023-06-12,24.3,14.0,18.1,42.695,23.325
Център,2023-06-13,19.5,14.0,16.8,42.695,23.325
Център,2023-06-14,22.3,14.0,18.2,42.695,23.325
Център,2023-06-15,21.2,14.5,18.0,42.695,23.325
Център,2023-06-16,22.6,15.4,18.2,42.695,23.325
Център,2023-06-17,19.9,14.6,16.4,42.695,23.325
Център,2023-06-18,21.3,13.9,17.1,42.695,23.325
Център,2023-06-19,24.9,12.2,18.7,42.695,23.325
Център,2023-06-20,25.0,12.5,19.7,42.695,23.325
Център,2023-06-21,27.0,15.6,21.3,42.695,23.325
Център,2023-06-22,28.0,15.4,22.0,42.695,23.325
Център,2023-06-23,29.3,17.5,23.1,42.695,23.325
Център,2023-06-24,28.9,15.8,22.4,42.695,23.325
Център,2023-06-25,24.6,16.5,19.7,42.695,23.325
Център,2023-06-26,24.1,15.7,20.0,42.695,23.325
Център,2023-06-27,25.4,14.1,20.1,42.695,23.325
Център,2023-06-28,25.0,14.4,19.1,42.695,23.325
Център,2023-06-29,21.2,12.6,16.9,42.695,23.325
Център,2023-06-30,25.7,13.1,18.8,42.695,23.325
Център,2023-07-01,26.9,14.4,20.7,42.695,23.325
Център,2023-07-02,23.1,15.6,19.7,42.695,23.325
Център,2023-07-03,26.8,15.1,21.3,42.695,23.325
Център,2023-07-04,28.6,16.3,22.7,42.695,23.325
Център,2023-07-05,26.4,18.8,21.7,42.695,23.325
Център,2023-07-06,25.4,15.8,20.7,42.695,23.325
Център,2023-07-07,26.4,16.5,20.7,42.695,23.325
Център,2023-07-08,25.1,15.8,20.5,42.695,23.325
Център,2023-07-09,26.8,13.3,20.3,42.695,23.325
Център,2023-07-10,27.8,14.2,21.7,42.695,23.325
Център,2023-07-11,29.3,15.5,23.1,42.695,23.325
Център,2023-07-12,32.9,19.3,25.8,42.695,23.325
Център,2023-07-13,35.6,20.3,27.6,42.695,23.325
Център,2023-07-14,32.2,19.1,26.2,42.695,23.325
Център,2023-07-15,31.8,19.7,25.6,42.695,23.325
Център,2023-07-16,32.2,19.1,26.2,42.695,23.325
Център,2023-07-17,33.4,20.6,27.6,42.695,23.325
Център,2023-07-18,33.2,21.2,27.5,42.695,23.325
Център,2023-07-19,33.1,18.7,26.3,42.695,23.325
Център,2023-07-20,31.7,18.3,25.2,42.695,23.325
Център,2023-07-21,33.1,18.2,25.4,42.695,23.325
Център,2023-07-22,35.7,18.8,27.0,42.695,23.325
Център,2023-07-23,30.8,20.4,25.7,42.695,23.325
Център,2023-07-24,33.2,18.4,25.7,42.695,23.325
Център,2023-07-25,38.0,19.9,28.8,42.695,23.325
Център,2023-07-26,35.0,20.5,27.1,42.695,23.325
Център,2023-07-27,22.7,16.2,19.4,42.695,23.325
Център,2023-07-28,29.3,12.5,20.5,42.695,23.325
Център,2023-07-29,31.0,16.3,24.1,42.695,23.325
Център,2023-07-30,31.6,18.3,25.3,42.695,23.325
Център,2023-07-31,27.6,19.0,23.2,42.695,23.325
Център,2023-08-01,29.8,15.7,22.9,42.695,23.325
Център,2023-08-02,31.3,18.5,24.9,42.695,23.325
Център,2023-08-03,35.3,19.7,27.6,42.695,23.325
Център,2023-08-04,35.7,21.9,29.2,42.695,23.325
Център,2023-08-05,33.7,21.8,27.8,42.695,23.325
Център,2023-08-06,26.2,17.1,21.7,42.695,23.325
Център,2023-08-07,26.7,14.8,19.9,42.695,23.325
Център,2023-08-08,22.8,14.7,18.3,42.695,23.325
Център,2023-08-09,26.6,10.9,18.3,42.695,23.325
Център,2023-08-10,21.5,15.7,18.2,42.695,23.325
Център,2023-08-11,25.3,12.5,18.8,42.695,23.325
Център,2023-08-12,26.6,12.2,20.1,42.695,23.325
Център,2023-08-13,26.9,17.8,22.2,42.695,23.325
Център,2023-08-14,28.1,15.2,22.5,42.695,23.325
Център,2023-08-15,24.9,18.9,21.7,42.695,23.325
Център,2023-08-16,27.5,18.3,22.6,42.695,23.325
Център,2023-08-17,31.7,16.8,24.4,42.695,23.325
Център,2023-08-18,32.8,17.9,25.6,42.695,23.325
Център,2023-08-19,31.1,18.0,24.7,42.695,23.325
Център,2023-08-20,31.5,17.9,24.9,42.695,23.325
Център,2023-08-21,32.7,18.2,26.4,42.695,23.325
Център,2023-08-22,32.6,18.7,26.2,42.695,23.325
Център,2023-08-23,32.9,21.5,27.4,42.695,23.325
Център,2023-08-24,30.8,18.9,26.0,42.695,23.325
Център,2023-08-25,32.3,18.9,25.1,42.695,23.325
Център,2023-08-26,33.2,20.4,26.1,42.695,23.325
Център,2023-08-27,32.6,18.1,25.4,42.695,23.325
Център,2023-08-28,33.8,17.6,25.3,42.695,23.325
Център,2023-08-29,29.2,19.2,23.4,42.695,23.325
Център,2023-08-30,28.1,16.8,22.0,42.695,23.325
Център,2023-08-31,27.1,15.7,21.0,42.695,23.325
Център,2023-09-01,27.4,13.7,20.4,42.695,23.325
Център,2023-09-02,27.9,14.8,21.7,42.695,23.325
Център,2023-09-03,28.5,16.1,22.0,42.695,23.325
Център,2023-09-04,20.8,14.5,16.1,42.695,23.325
Център,2023-09-05,21.7,15.2,17.8,42.695,23.325
Център,2023-09-06,23.7,13.5,19.2,42.695,23.325
Център,2023-09-07,24.3,16.4,20.4,42.695,23.325
Център,2023-09-08,24.5,13.8,19.9,42.695,23.325
Център,2023-09-09,25.5,13.8,19.1,42.695,23.325
Център,2023-09-10,25.8,13.6,19.6,42.695,23.325
Център,2023-09-11,25.7,10.7,18.7,42.695,23.325
Център,2023-09-12,27.8,12.8,19.5,42.695,23.325
Център,2023-09-13,30.3,13.1,20.8,42.695,23.325
Център,2023-09-14,29.7,15.5,22.0,42.695,23.325
Център,2023-09-15,27.2,15.0,20.7,42.695,23.325
Център,2023-09-16,23.2,16.1,19.0,42.695,23.325
Център,2023-09-17,23.9,15.5,19.1,42.695,23.325
Център,2023-09-18,24.6,15.4,19.5,42.695,23.325
Център,2023-09-19,24.0,11.9,18.0,42.695,23.325
Център,2023-09-20,26.1,14.7,19.8,42.695,23.325
Център,2023-09-21,27.0,15.1,20.2,42.695,23.325
Център,2023-09-22,29.2,14.2,20.7,42.695,23.325
Център,2023-09-23,31.9,15.2,22.3,42.695,23.325
Център,2023-09-24,27.9,17.0,21.9,42.695,23.325
Център,2023-09-25,23.8,17.3,20.3,42.695,23.325
Център,2023-09-26,22.9,13.9,18.9,42.695,23.325
Център,2023-09-27,23.3,13.1,18.0,42.695,23.325
Център,2023-09-28,23.1,12.6,18.2,42.695,23.325
Център,2023-09-29,24.5,12.1,18.1,42.695,23.325
Център,2023-09-30,24.7,10.6,18.0,42.695,23.325
Център,2023-10-01,23.7,10.6,16.8,42.695,23.325
Център,2023-10-02,21.8,12.3,16.3,42.695,23.325
Център,2023-10-03,22.1,9.2,15.3,42.695,23.325
Център,2023-10-04,25.7,9.7,17.1,42.695,23.325
Център,2023-10-05,24.1,11.7,17.3,42.695,23.325
Център,2023-10-06,22.1,10.7,16.6,42.695,23.325
Център,2023-10-07,23.7,8.3,14.8,42.695,23.325
Център,2023-10-08,24.3,7.4,16.1,42.695,23.325
Център,2023-10-09,20.4,11.5,16.0,42.695,23.325
Център,2023-10-10,21.0,11.2,15.8,42.695,23.325
Център,2023-10-11,21.1,9.0,14.8,42.695,23.325
Център,2023-10-12,22.6,6.5,14.0,42.695,23.325
Център,2023-10-13,25.9,11.5,17.3,42.695,23.325
Център,2023-10-14,25.5,11.4,17.1,42.695,23.325
Център,2023-10-15,26.1,12.3,17.5,42.695,23.325
Център,2023-10-16,15.4,7.4,11.2,42.695,23.325
Център,2023-10-17,11.8,4.5,8.0,42.695,23.325
Център,2023-10-18,14.8,5.3,10.2,42.695,23.325
Център,2023-10-19,18.3,3.7,9.9,42.695,23.325
Център,2023-10-20,27.5,7.8,16.1,42.695,23.325
Център,2023-10-21,28.8,9.6,17.4,42.695,23.325
Център,2023-10-22,26.3,12.3,18.6,42.695,23.325
Център,2023-10-23,23.4,14.3,18.1,42.695,23.325
Център,2023-10-24,23.2,11.8,16.2,42.695,23.325
Център,2023-10-25,25.6,10.2,16.9,42.695,23.325
Център,2023-10-26,23.3,11.2,16.6,42.695,23.325
Център,2023-10-27,24.7,11.8,17.5,42.695,23.325
Център,2023-10-28,25.0,13.4,18.0,42.695,23.325
Център,2023-10-29,22.1,11.7,15.9,42.695,23.325
Център,2023-10-30,21.6,9.7,14.2,42.695,23.325
Център,2023-10-31,22.4,7.1,14.1,42.695,23.325
Център,2023-11-01,18.6,9.6,13.8,42.695,23.325
Център,2023-11-02,17.1,8.7,12.3,42.695,23.325
Център,2023-11-03,18.4,8.0,12.5,42.695,23.325
Център,2023-11-04,12.8,9.2,11.4,42.695,23.325
Център,2023-11-05,19.1,4.6,11.1,42.695,23.325
Център,2023-11-06,20.5,8.9,13.9,42.695,23.325
Център,2023-11-07,17.6,7.8,12.3,42.695,23.325
Център,2023-11-08,14.0,7.3,10.3,42.695,23.325
Център,2023-11-09,11.6,2.5,7.2,42.695,23.325
Център,2023-11-10,12.4,0.5,5.6,42.695,23.325
Център,2023-11-11,14.9,5.3,9.3,42.695,23.325
Център,2023-11-12,8.8,3.8,6.5,42.695,23.325
Център,2023-11-13,12.5,3.3,7.4,42.695,23.325
Център,2023-11-14,18.7,4.1,10.1,42.695,23.325
Център,2023-11-15,16.3,5.8,9.8,42.695,23.325
Център,2023-11-16,12.1,4.1,8.3,42.695,23.325
Център,2023-11-17,12.0,2.1,6.5,42.695,23.325
Център,2023-11-18,7.2,2.3,3.8,42.695,23.325
Център,2023-11-19,5.2,1.0,2.9,42.695,23.325
Център,2023-11-20,13.3,0.4,5.5,42.695,23.325
Център,2023-11-21,10.7,2.5,5.2,42.695,23.325
Център,2023-11-22,10.8,1.6,6.7,42.695,23.325
Център,2023-11-23,9.9,5.5,7.8,42.695,23.325
Център,2023-11-24,12.7,4.9,8.2,42.695,23.325
Център,2023-11-25,8.2,0.1,3.8,42.695,23.325
Център,2023-11-26,-0.1,-3.0,-1.6,42.695,23.325
Център,2023-11-27,2.7,-4.2,-1.4,42.695,23.325
Център,2023-11-28,2.1,-5.6,-0.5,42.695,23.325
Център,2023-11-29,5.1,-2.3,2.7,42.695,23.325
Център,2023-11-30,6.1,-2.9,0.3,42.695,23.325
Център,2023-12-01,16.1,0.4,7.5,42.695,23.325
Център,2023-12-02,12.1,5.0,8.2,42.695,23.325
Център,2023-12-03,8.5,1.2,5.5,42.695,23.325
Център,2023-12-04,2.6,-2.8,-0.8,42.695,23.325
Център,2023-12-05,4.1,-1.1,1.2,42.695,23.325
Център,2023-12-06,4.4,1.5,3.1,42.695,23.325
Център,2023-12-07,4.5,1.1,2.8,42.695,23.325
Център,2023-12-08,2.9,-0.1,1.3,42.695,23.325
Център,2023-12-09,3.3,-3.5,0.7,42.695,23.325
Център,2023-12-10,5.0,-3.6,0.1,42.695,23.325
Център,2023-12-11,8.5,-0.2,3.4,42.695,23.325
Център,2023-12-12,10.8,1.2,5.0,42.695,23.325
Център,2023-12-13,9.9,0.2,4.7,42.695,23.325
Център,2023-12-14,13.1,3.1,6.3,42.695,23.325
Център,2023-12-15,6.3,1.9,4.9,42.695,23.325
Център,2023-12-16,2.3,-1.0,1.2,42.695,23.325
Център,2023-12-17,4.0,-3.9,-0.6,42.695,23.325
Център,2023-12-18,9.3,-3.3,0.7,42.695,23.325
Център,2023-12-19,9.7,-3.1,2.7,42.695,23.325
Център,2023-12-20,9.0,-0.6,3.0,42.695,23.325
Център,2023-12-21,6.5,-2.8,1.4,42.695,23.325
Център,2023-12-22,5.4,-1.5,2.0,42.695,23.325
Център,2023-12-23,7.2,-1.9,2.0,42.695,23.325
Център,2023-12-24,13.2,2.0,6.5,42.695,23.325
Център,2023-12-25,13.4,2.2,7.0,42.695,23.325
Център,2023-12-26,12.8,0.4,7.1,42.695,23.325
Център,2023-12-27,11.7,-0.3,3.9,42.695,23.325
Център,2023-12-28,10.0,0.7,4.9,42.695,23.325
Център,2023-12-29,9.9,1.3,5.4,42.695,23.325
Център,2023-12-30,10.0,0.7,3.8,42.695,23.325
Център,2023-12-31,7.5,1.5,3.9,42.695,23.325
Яворов,2023-01-01,10.1,3.5,6.1,42.68,23.35
Яворов,2023-01-02,10.1,2.3,5.9,42.68,23.35
Яворов,2023-01-03,11.9,0.4,5.4,42.68,23.35
Яворов,2023-01-04,7.6,0.0,4.3,42.68,23.35
Яворов,2023-01-05,11.9,0.8,5.2,42.68,23.35
Яворов,2023-01-06,10.0,0.6,5.0,42.68,23.35
Яворов,2023-01-07,9.5,-0.6,3.7,42.68,23.35
Яворов,2023-01-08,7.9,-2.4,2.2,42.68,23.35
Яворов,2023-01-09,4.7,-2.6,0.2,42.68,23.35
Яворов,2023-01-10,4.4,-0.2,2.2,42.68,23.35
Яворов,2023-01-11,4.6,-1.7,1.9,42.68,23.35
Яворов,2023-01-12,4.8,1.9,3.1,42.68,23.35
Яворов,2023-01-13,5.1,0.4,3.0,42.68,23.35
Яворов,2023-01-14,4.5,-1.8,1.5,42.68,23.35
Яворов,2023-01-15,7.4,-0.5,3.4,42.68,23.35
Яворов,2023-01-16,6.0,-1.6,1.4,42.68,23.35
Яворов,2023-01-17,13.9,1.3,6.0,42.68,23.35
Яворов,2023-01-18,16.5,5.3,9.7,42.68,23.35
Яворов,2023-01-19,18.0,4.8,10.3,42.68,23.35
Яворов,2023-01-20,9.7,1.3,6.1,42.68,23.35
Яворов,2023-01-21,8.7,-2.1,3.6,42.68,23.35
Яворов,2023-01-22,8.9,3.7,6.4,42.68,23.35
Яворов,2023-01-23,7.8,4.6,6.7,42.68,23.35
Яворов,2023-01-24,4.3,0.5,2.2,42.68,23.35
Яворов,2023-01-25,2.3,-0.1,0.7,42.68,23.35
Яворов,2023-01-26,1.8,-1.6,-0.3,42.68,23.35
Яворов,2023-01-27,2.9,-0.4,0.8,42.68,23.35
Яворов,2023-01-28,2.9,-1.2,0.3,42.68,23.35
Яворов,2023-01-29,1.8,-1.6,-0.0,42.68,23.35
Яворов,2023-01-30,2.0,-4.0,-1.2,42.68,23.35
Яворов,2023-01-31,2.9,-3.1,0.2,42.68,23.35
Яворов,2023-02-01,6.1,-2.4,1.0,42.68,23.35
Яворов,2023-02-02,7.2,-2.2,1.7,42.68,23.35
Яворов,2023-02-03,4.0,-3.1,0.7,42.68,23.35
Яворов,2023-02-04,4.2,-1.2,1.3,42.68,23.35
Яворов,2023-02-05,-1.1,-5.3,-3.6,42.68,23.35
Яворов,2023-02-06,-2.1,-8.2,-4.8,42.68,23.35
Яворов,2023-02-07,-0.5,-6.6,-4.0,42.68,23.35
Яворов,2023-02-08,-1.7,-7.9,-4.6,42.68,23.35
Яворов,2023-02-09,0.9,-8.0,-4.7,42.68,23.35
Яворов,2023-02-10,3.5,-7.9,-3.1,42.68,23.35
Яворов,2023-02-11,4.3,-6.9,-2.4,42.68,23.35
Яворов,2023-02-12,4.0,-4.6,0.0,42.68,23.35
Яворов,2023-02-13,6.2,-4.6,0.2,42.68,23.35
Яворов,2023-02-14,4.2,-2.4,0.4,42.68,23.35
Яворов,2023-02-15,6.5,-2.2,1.5,42.68,23.35
Яворов,2023-02-16,11.9,-2.8,3.1,42.68,23.35
Яворов,2023-02-17,14.0,-0.6,4.4,42.68,23.35
Яворов,2023-02-18,15.6,-0.1,5.9,42.68,23.35
Яворов,2023-02-19,17.0,1.6,8.0,42.68,23.35
Яворов,2023-02-20,11.9,1.1,6.9,42.68,23.35
Яворов,2023-02-21,17.2,0.3,6.8,42.68,23.35
Яворов,2023-02-22,15.7,2.4,8.2,42.68,23.35
Яворов,2023-02-23,15.2,3.9,7.6,42.68,23.35
Яворов,2023-02-24,12.2,3.7,6.6,42.68,23.35
Яворов,2023-02-25,15.8,-0.5,7.6,42.68,23.35
Яворов,2023-02-26,19.4,5.5,11.5,42.68,23.35
Яворов,2023-02-27,12.5,2.9,7.4,42.68,23.35
Яворов,2023-02-28,10.7,3.4,6.9,42.68,23.35
Яворов,2023-03-01,7.7,3.7,5.4,42.68,23.35
Яворов,2023-03-02,6.6,3.7,4.8,42.68,23.35
Яворов,2023-03-03,5.7,3.0,4.1,42.68,23.35
Яворов,2023-03-04,8.5,0.6,4.3,42.68,23.35
Яворов,2023-03-05,9.7,1.3,5.0,42.68,23.35
Яворов,2023-03-06,12.0,-3.1,4.8,42.68,23.35
Яворов,2023-03-07,14.0,-0.8,6.0,42.68,23.35
Яворов,2023-03-08,14.2,1.7,7.7,42.68,23.35
Яворов,2023-03-09,18.2,4.0,9.7,42.68,23.35
Яворов,2023-03-10,16.3,5.9,9.3,42.68,23.35
Яворов,2023-03-11,14.8,4.9,9.0,42.68,23.35
Яворов,2023-03-12,7.8,-0.3,3.7,42.68,23.35
Яворов,2023-03-13,10.3,-3.9,3.2,42.68,23.35
Яворов,2023-03-14,15.0,-3.0,4.9,42.68,23.35
Яворов,2023-03-15,12.1,-0.1,5.5,42.68,23.35
Яворов,2023-03-16,6.0,0.7,2.5,42.68,23.35
Яворов,2023-03-17,8.3,0.3,3.3,42.68,23.35
Яворов,2023-03-18,8.4,-2.9,3.0,42.68,23.35
Яворов,2023-03-19,14.6,-1.1,5.8,42.68,23.35
Яворов,2023-03-20,18.9,2.9,9.7,42.68,23.35
Яворов,2023-03-21,15.7,6.7,10.6,42.68,23.35
Яворов,2023-03-22,12.7,5.9,8.9,42.68,23.35
Яворов,2023-03-23,14.9,2.0,7.9,42.68,23.35
Яворов,2023-03-24,18.4,4.0,10.1,42.68,23.35
Яворов,2023-03-25,19.7,7.1,11.9,42.68,23.35
Яворов,2023-03-26,15.5,5.8,9.9,42.68,23.35
Яворов,2023-03-27,16.1,2.7,8.1,42.68,23.35
Яворов,2023-03-28,5.7,-0.1,2.6,42.68,23.35
Яворов,2023-03-29,7.3,-1.9,2.1,42.68,23.35
Яворов,2023-03-30,13.5,-0.2,6.6,42.68,23.35
Яворов,2023-03-31,17.2,5.0,10.5,42.68,23.35
Яворов,2023-04-01,16.7,6.1,10.2,42.68,23.35
Яворов,2023-04-02,15.3,3.4,9.1,42.68,23.35
Яворов,2023-04-03,14.8,3.6,8.1,42.68,23.35
Яворов,2023-04-04,8.2,0.8,5.6,42.68,23.35
Яворов,2023-04-05,4.9,-0.8,1.7,42.68,23.35
Яворов,2023-04-06,6.0,-1.9,1.7,42.68,23.35
Яворов,2023-04-07,8.5,-2.9,3.1,42.68,23.35
Яворов,2023-04-08,11.1,0.2,5.7,42.68,23.35
Яворов,2023-04-09,11.7,4.0,7.2,42.68,23.35
Яворов,2023-04-10,10.1,3.8,6.9,42.68,23.35
Яворов,2023-04-11,12.6,4.0,7.9,42.68,23.35
Яворов,2023-04-12,12.5,4.7,8.5,42.68,23.35
Яворов,2023-04-13,19.8,2.6,10.2,42.68,23.35
Яворов,2023-04-14,20.3,5.9,10.7,42.68,23.35
Яворов,2023-04-15,16.8,2.9,10.3,42.68,23.35
Яворов,2023-04-16,16.9,5.1,10.9,42.68,23.35
Яворов,2023-04-17,15.4,6.9,10.0,42.68,23.35
Яворов,2023-04-18,13.2,8.1,9.9,42.68,23.35
Яворов,2023-04-19,14.5,5.6,9.6,42.68,23.35
Яворов,2023-04-20,13.6,4.4,9.0,42.68,23.35
Яворов,2023-04-21,15.2,3.6,10.1,42.68,23.35
Яворов,2023-04-22,15.4,6.0,10.4,42.68,23.35
Яворов,2023-04-23,16.2,4.0,10.1,42.68,23.35
Яворов,2023-04-24,19.4,4.6,10.8,42.68,23.35
Яворов,2023-04-25,14.8,7.0,10.9,42.68,23.35
Яворов,2023-04-26,14.3,5.0,9.6,42.68,23.35
Яворов,2023-04-27,11.9,3.7,8.3,42.68,23.35
Яворов,2023-04-28,15.4,2.0,7.9,42.68,23.35
Яворов,2023-04-29,15.1,3.9,9.6,42.68,23.35
Яворов,2023-04-30,17.0,7.0,12.1,42.68,23.35
Яворов,2023-05-01,18.3,5.9,12.2,42.68,23.35
Яворов,2023-05-02,19.0,6.3,12.7,42.68,23.35
Яворов,2023-05-03,17.1,9.0,11.9,42.68,23.35
Яворов,2023-05-04,14.1,8.5,10.9,42.68,23.35
Яворов,2023-05-05,16.8,5.6,11.6,42.68,23.35
Яворов,2023-05-06,17.7,6.4,12.5,42.68,23.35
Яворов,2023-05-07,21.0,8.6,14.1,42.68,23.35
Яворов,2023-05-08,19.6,8.4,13.5,42.68,23.35
Яворов,2023-05-09,13.2,9.3,11.1,42.68,23.35
Яворов,2023-05-10,10.2,7.2,8.5,42.68,23.35
Яворов,2023-05-11,13.1,7.0,10.0,42.68,23.35
Яворов,2023-05-12,14.4,6.3,9.7,42.68,23.35
Яворов,2023-05-13,18.1,7.1,12.3,42.68,23.35
Яворов,2023-05-14,14.0,10.3,11.5,42.68,23.35
Яворов,2023-05-15,16.7,8.7,12.4,42.68,23.35
Яворов,2023-05-16,20.0,11.7,14.8,42.68,23.35
Яворов,2023-05-17,19.2,11.0,14.3,42.68,23.35
Яворов,2023-05-18,14.6,10.6,12.3,42.68,23.35
Яворов,2023-05-19,19.4,7.6,13.8,42.68,23.35
Яворов,2023-05-20,19.7,10.3,14.9,42.68,23.35
Яворов,2023-05-21,19.9,10.8,14.9,42.68,23.35
Яворов,2023-05-22,19.3,9.9,14.7,42.68,23.35
Яворов,2023-05-23,21.0,7.7,15.4,42.68,23.35
Яворов,2023-05-24,22.9,7.4,16.6,42.68,23.35
Яворов,2023-05-25,20.3,11.1,16.3,42.68,23.35
Яворов,2023-05-26,20.2,9.7,16.0,42.68,23.35
Яворов,2023-05-27,20.1,9.1,15.7,42.68,23.35
Яворов,2023-05-28,18.4,9.7,15.0,42.68,23.35
Яворов,2023-05-29,20.2,12.3,15.9,42.68,23.35
Яворов,2023-05-30,21.3,11.7,16.6,42.68,23.35
Яворов,2023-05-31,21.8,12.2,17.1,42.68,23.35
Яворов,2023-06-01,23.2,12.3,17.2,42.68,23.35
Яворов,2023-06-02,23.3,12.7,17.9,42.68,23.35
Яворов,2023-06-03,20.3,12.6,16.7,42.68,23.35
Яворов,2023-06-04,20.3,13.5,16.4,42.68,23.35
Яворов,2023-06-05,22.1,10.7,16.8,42.68,23.35
Яворов,2023-06-06,22.8,11.9,17.2,42.68,23.35
Яворов,2023-06-07,22.1,12.0,17.5,42.68,23.35
Яворов,2023-06-08,24.2,12.1,18.3,42.68,23.35
Яворов,2023-06-09,24.6,11.9,18.3,42.68,23.35
Яворов,2023-06-10,23.2,14.2,18.2,42.68,23.35
Яворов,2023-06-11,23.3,13.6,18.5,42.68,23.35
Яворов,2023-06-12,24.2,13.8,17.9,42.68,23.35
Яворов,2023-06-13,19.3,13.8,16.6,42.68,23.35
Яворов,2023-06-14,22.1,13.9,18.0,42.68,23.35
Яворов,2023-06-15,21.1,14.3,17.8,42.68,23.35
Яворов,2023-06-16,22.5,15.2,18.0,42.68,23.35
Яворов,2023-06-17,19.7,14.4,16.2,42.68,23.35
Яворов,2023-06-18,21.1,13.8,17.0,42.68,23.35
Яворов,2023-06-19,24.8,12.0,18.5,42.68,23.35
Яворов,2023-06-20,24.9,12.4,19.6,42.68,23.35
Яворов,2023-06-21,26.8,15.4,21.2,42.68,23.35
Яворов,2023-06-22,27.9,15.3,21.9,42.68,23.35
Яворов,2023-06-23,29.2,17.3,22.9,42.68,23.35
Яворов,2023-06-24,28.8,15.7,22.3,42.68,23.35
Яворов,2023-06-25,24.5,16.4,19.6,42.68,23.35
Яворов,2023-06-26,24.0,15.5,19.8,42.68,23.35
Яворов,2023-06-27,25.2,14.0,19.9,42.68,23.35
Яворов,2023-06-28,24.8,14.2,18.9,42.68,23.35
Яворов,2023-06-29,21.0,12.4,16.7,42.68,23.35
Яворов,2023-06-30,25.5,12.9,18.6,42.68,23.35
Яворов,2023-07-01,26.7,14.3,20.6,42.68,23.35
Яворов,2023-07-02,23.0,15.4,19.5,42.68,23.35
Яворов,2023-07-03,26.7,14.9,21.1,42.68,23.35
Яворов,2023-07-04,28.4,16.2,22.5,42.68,23.35
Яворов,2023-07-05,26.3,18.7,21.6,42.68,23.35
Яворов,2023-07-06,25.3,15.7,20.6,42.68,23.35
Яворов,2023-07-07,26.2,16.3,20.6,42.68,23.35
Яворов,2023-07-08,24.9,15.6,20.4,42.68,23.35
Яворов,2023-07-09,26.6,13.1,20.1,42.68,23.35
Яворов,2023-07-10,27.6,14.0,21.5,42.68,23.35
Яворов,2023-07-11,29.2,15.3,22.9,42.68,23.35
Яворов,2023-07-12,32.7,19.2,25.6,42.68,23.35
Яворов,2023-07-13,35.5,20.2,27.4,42.68,23.35
Яворов,2023-07-14,32.1,19.0,26.1,42.68,23.35
Яворов,2023-07-15,31.7,19.5,25.4,42.68,23.35
Яворов,2023-07-16,32.0,19.0,26.0,42.68,23.35
Яворов,2023-07-17,33.3,20.5,27.4,42.68,23.35
Яворов,2023-07-18,33.1,21.1,27.4,42.68,23.35
Яворов,2023-07-19,32.9,18.5,26.2,42.68,23.35
Яворов,2023-07-20,31.5,18.2,25.0,42.68,23.35
Яворов,2023-07-21,32.9,18.1,25.2,42.68,23.35
Яворов,2023-07-22,35.6,18.7,26.8,42.68,23.35
Яворов,2023-07-23,30.7,20.3,25.5,42.68,23.35
Яворов,2023-07-24,33.0,18.2,25.5,42.68,23.35
Яворов,2023-07-25,37.9,19.7,28.7,42.68,23.35
Яворов,2023-07-26,34.8,20.3,26.9,42.68,23.35
Яворов,2023-07-27,22.6,16.0,19.3,42.68,23.35
Яворов,2023-07-28,29.2,12.4,20.3,42.68,23.35
Яворов,2023-07-29,30.8,16.1,24.0,42.68,23.35
Яворов,2023-07-30,31.5,18.1,25.1,42.68,23.35
Яворов,2023-07-31,27.5,18.8,23.1,42.68,23.35
Яворов,2023-08-01,29.6,15.5,22.8,42.68,23.35
Яворов,2023-08-02,31.2,18.4,24.8,42.68,23.35
Яворов,2023-08-03,35.2,19.6,27.5,42.68,23.35
Яворов,2023-08-04,35.6,21.7,29.0,42.68,23.35
Яворов,2023-08-05,33.5,21.7,27.7,42.68,23.35
Яворов,2023-08-06,26.1,17.0,21.6,42.68,23.35
Яворов,2023-08-07,26.6,14.6,19.7,42.68,23.35
Яворов,2023-08-08,22.6,14.6,18.1,42.68,23.35
Яворов,2023-08-09,26.5,10.8,18.2,42.68,23.35
Яворов,2023-08-10,21.3,15.6,18.0,42.68,23.35
Яворов,2023-08-11,25.2,12.3,18.6,42.68,23.35
Яворов,2023-08-12,26.5,12.1,19.9,42.68,23.35
Яворов,2023-08-13,26.8,17.7,22.0,42.68,23.35
Яворов,2023-08-14,28.0,15.0,22.4,42.68,23.35
Яворов,2023-08-15,24.7,18.8,21.6,42.68,23.35
Яворов,2023-08-16,27.4,18.1,22.5,42.68,23.35
Яворов,2023-08-17,31.6,16.6,24.2,42.68,23.35
Яворов,2023-08-18,32.6,17.8,25.5,42.68,23.35
Яворов,2023-08-19,31.0,17.8,24.5,42.68,23.35
Яворов,2023-08-20,31.4,17.8,24.7,42.68,23.35
Яворов,2023-08-21,32.6,18.0,26.2,42.68,23.35
Яворов,2023-08-22,32.5,18.6,26.0,42.68,23.35
Яворов,2023-08-23,32.7,21.4,27.3,42.68,23.35
Яворов,2023-08-24,30.6,18.7,25.8,42.68,23.35
Яворов,2023-08-25,32.1,18.7,24.9,42.68,23.35
Яворов,2023-08-26,33.0,20.2,26.0,42.68,23.35
Яворов,2023-08-27,32.5,18.0,25.2,42.68,23.35
Яворов,2023-08-28,33.6,17.4,25.1,42.68,23.35
Яворов,2023-08-29,29.1,19.1,23.3,42.68,23.35
Яворов,2023-08-30,27.9,16.6,21.9,42.68,23.35
Яворов,2023-08-31,27.0,15.6,20.8,42.68,23.35
Яворов,2023-09-01,27.3,13.5,20.3,42.68,23.35
Яворов,2023-09-02,27.8,14.6,21.5,42.68,23.35
Яворов,2023-09-03,28.3,15.9,21.9,42.68,23.35
Яворов,2023-09-04,20.6,14.3,15.9,42.68,23.35
Яворов,2023-09-05,21.5,15.0,17.6,42.68,23.35
Яворов,2023-09-06,23.6,13.4,19.0,42.68,23.35
Яворов,2023-09-07,24.1,16.2,20.2,42.68,23.35
Яворов,2023-09-08,24.4,13.6,19.7,42.68,23.35
Яворов,2023-09-09,25.4,13.6,19.0,42.68,23.35
Яворов,2023-09-10,25.7,13.4,19.4,42.68,23.35
Яворов,2023-09-11,25.5,10.5,18.5,42.68,23.35
Яворов,2023-09-12,27.7,12.6,19.3,42.68,23.35
Яворов,2023-09-13,30.1,13.0,20.6,42.68,23.35
Яворов,2023-09-14,29.6,15.4,21.9,42.68,23.35
Яворов,2023-09-15,27.0,14.9,20.5,42.68,23.35
Яворов,2023-09-16,23.0,16.0,18.9,42.68,23.35
Яворов,2023-09-17,23.8,15.4,18.9,42.68,23.35
Яворов,2023-09-18,24.4,15.3,19.3,42.68,23.35
Яворов,2023-09-19,23.8,11.8,17.8,42.68,23.35
Яворов,2023-09-20,25.9,14.5,19.6,42.68,23.35
Яворов,2023-09-21,26.9,15.0,20.0,42.68,23.35
Яворов,2023-09-22,29.0,14.1,20.6,42.68,23.35
Яворов,2023-09-23,31.7,15.1,22.1,42.68,23.35
Яворов,2023-09-24,27.7,16.9,21.7,42.68,23.35
Яворов,2023-09-25,23.7,17.2,20.1,42.68,23.35
Яворов,2023-09-26,22.8,13.7,18.7,42.68,23.35
Яворов,2023-09-27,23.1,13.0,17.9,42.68,23.35
Яворов,2023-09-28,22.9,12.5,18.1,42.68,23.35
Яворов,2023-09-29,24.3,12.0,17.9,42.68,23.35
Яворов,2023-09-30,24.5,10.5,17.8,42.68,23.35
Яворов,2023-10-01,23.6,10.5,16.7,42.68,23.35
Яворов,2023-10-02,21.7,12.1,16.1,42.68,23.35
Яворов,2023-10-03,21.9,9.0,15.2,42.68,23.35
Яворов,2023-10-04,25.6,9.5,17.0,42.68,23.35
Яворов,2023-10-05,23.9,11.5,17.2,42.68,23.35
Яворов,2023-10-06,22.0,10.6,16.4,42.68,23.35
Яворов,2023-10-07,23.5,8.2,14.7,42.68,23.35
Яворов,2023-10-08,24.1,7.3,15.9,42.68,23.35
Яворов,2023-10-09,20.2,11.4,15.8,42.68,23.35
Яворов,2023-10-10,20.9,11.0,15.7,42.68,23.35
Яворов,2023-10-11,21.0,8.8,14.7,42.68,23.35
Яворов,2023-10-12,22.5,6.3,13.8,42.68,23.35
Яворов,2023-10-13,25.7,11.3,17.2,42.68,23.35
Яворов,2023-10-14,25.4,11.3,17.0,42.68,23.35
Яворов,2023-10-15,25.9,12.2,17.4,42.68,23.35
Яворов,2023-10-16,15.2,7.2,11.0,42.68,23.35
Яворов,2023-10-17,11.6,4.3,7.8,42.68,23.35
Яворов,2023-10-18,14.6,5.2,10.0,42.68,23.35
Яворов,2023-10-19,18.2,3.6,9.7,42.68,23.35
Яворов,2023-10-20,27.3,7.6,15.9,42.68,23.35
Яворов,2023-10-21,28.7,9.5,17.2,42.68,23.35
Яворов,2023-10-22,26.1,12.2,18.5,42.68,23.35
Яворов,2023-10-23,23.3,14.1,17.9,42.68,23.35
Яворов,2023-10-24,23.0,11.7,16.1,42.68,23.35
Яворов,2023-10-25,25.4,10.0,16.7,42.68,23.35
Яворов,2023-10-26,23.1,11.1,16.4,42.68,23.35
Яворов,2023-10-27,24.6,11.7,17.3,42.68,23.35
Яворов,2023-10-28,24.8,13.2,17.8,42.68,23.35
Яворов,2023-10-29,22.0,11.6,15.8,42.68,23.35
Яворов,2023-10-30,21.4,9.6,14.0,42.68,23.35
Яворов,2023-10-31,22.2,6.9,14.0,42.68,23.35
Яворов,2023-11-01,18.4,9.5,13.7,42.68,23.35
Яворов,2023-11-02,16.9,8.6,12.1,42.68,23.35
Яворов,2023-11-03,18.2,7.8,12.3,42.68,23.35
Яворов,2023-11-04,12.7,9.1,11.2,42.68,23.35
Яворов,2023-11-05,19.0,4.4,11.0,42.68,23.35
Яворов,2023-11-06,20.3,8.8,13.8,42.68,23.35
Яворов,2023-11-07,17.5,7.6,12.1,42.68,23.35
Яворов,2023-11-08,13.9,7.1,10.1,42.68,23.35
Яворов,2023-11-09,11.4,2.3,7.1,42.68,23.35
Яворов,2023-11-10,12.3,0.4,5.5,42.68,23.35
Яворов,2023-11-11,14.8,5.2,9.1,42.68,23.35
Яворов,2023-11-12,8.6,3.6,6.3,42.68,23.35
Яворов,2023-11-13,12.4,3.1,7.3,42.68,23.35
Яворов,2023-11-14,18.5,4.0,10.0,42.68,23.35
Яворов,2023-11-15,16.2,5.6,9.7,42.68,23.35
Яворов,2023-11-16,12.0,3.9,8.1,42.68,23.35
Яворов,2023-11-17,11.8,2.0,6.4,42.68,23.35
Яворов,2023-11-18,7.1,2.2,3.7,42.68,23.35
Яворов,2023-11-19,5.1,0.9,2.8,42.68,23.35
Яворов,2023-11-20,13.2,0.2,5.4,42.68,23.35
Яворов,2023-11-21,10.5,2.3,5.1,42.68,23.35
Яворов,2023-11-22,10.7,1.5,6.5,42.68,23.35
Яворов,2023-11-23,9.8,5.4,7.6,42.68,23.35
Яворов,2023-11-24,12.6,4.8,8.1,42.68,23.35
Яворов,2023-11-25,8.1,-0.0,3.6,42.68,23.35
Яворов,2023-11-26,-0.3,-3.2,-1.7,42.68,23.35
Яворов,2023-11-27,2.6,-4.4,-1.5,42.68,23.35
Яворов,2023-11-28,1.9,-5.8,-0.7,42.68,23.35
Яворов,2023-11-29,4.9,-2.5,2.5,42.68,23.35
Яворов,2023-11-30,6.0,-3.1,0.2,42.68,23.35
Яворов,2023-12-01,16.0,0.3,7.3,42.68,23.35
Яворов,2023-12-02,11.9,4.8,8.0,42.68,23.35
Яворов,2023-12-03,8.3,1.0,5.4,42.68,23.35
Яворов,2023-12-04,2.4,-2.9,-0.9,42.68,23.35
Яворов,2023-12-05,4.0,-1.2,1.1,42.68,23.35
Яворов,2023-12-06,4.2,1.3,2.9,42.68,23.35
Яворов,2023-12-07,4.3,1.0,2.7,42.68,23.35
Яворов,2023-12-08,2.8,-0.2,1.1,42.68,23.35
Яворов,2023-12-09,3.2,-3.6,0.5,42.68,23.35
Яворов,2023-12-10,4.9,-3.7,-0.1,42.68,23.35
Яворов,2023-12-11,8.4,-0.3,3.2,42.68,23.35
Яворов,2023-12-12,10.6,1.0,4.9,42.68,23.35
Яворов,2023-12-13,9.7,0.1,4.5,42.68,23.35
Яворов,2023-12-14,12.9,3.0,6.2,42.68,23.35
Яворов,2023-12-15,6.1,1.8,4.7,42.68,23.35
Яворов,2023-12-16,2.2,-1.1,1.0,42.68,23.35
Яворов,2023-12-17,3.8,-4.1,-0.8,42.68,23.35
Яворов,2023-12-18,9.1,-3.5,0.5,42.68,23.35
Яворов,2023-12-19,9.5,-3.3,2.6,42.68,23.35
Яворов,2023-12-20,8.9,-0.8,2.9,42.68,23.35
Яворов,2023-12-21,6.3,-2.9,1.2,42.68,23.35
Яворов,2023-12-22,5.3,-1.7,1.9,42.68,23.35
Яворов,2023-12-23,7.1,-2.1,1.8,42.68,23.35
Яворов,2023-12-24,13.0,1.8,6.4,42.68,23.35
Яворов,2023-12-25,13.2,2.1,6.9,42.68,23.35
Яворов,2023-12-26,12.6,0.3,7.0,42.68,23.35
Яворов,2023-12-27,11.6,-0.5,3.7,42.68,23.35
Яворов,2023-12-28,9.8,0.5,4.8,42.68,23.35
Яворов,2023-12-29,9.7,1.1,5.3,42.68,23.35
Яворов,2023-12-30,9.9,0.6,3.6,42.68,23.35
Яворов,2023-12-31,7.3,1.3,3.7,42.68,23.35
